id,source_file,timestamp,density,group,species,1,2,3,4,5,6,7,8,9,10,11,12,13,14,15,16,17,18,19,20,21,22,23,24,25,26,27,28,29,30,31,32,33,34,35,36,37,38,39,40,41,42,43,44,45,46,47,48,49,50,51,52,53,54,55,56,57,58,59,60,61,62,63,64,65,66,67,68,69,70,71,72,73,74,75,76,77,78,79,80,81,82,83,84,85,86,87,88,89,90
1,C:/Users/TristanKleyn/Downloads/ecotypeClassification/binary/Binaries_20240704/10MIN/WINDOWS_20240704.csv,39:25.5,1.036288,1,None,0,0,0,0,0,0,0,0,0,0,0,0,0,0,0,0,0,0,0,0,0,0,0,0,0,0,0,0,0,0,0,0,0,0,0,0,0,0,0,0,0,0,0,0,0,0,0,0,0,0,0,0,0,0,0,0,0,0,0,0,0,0,0,0,0.005928854,0.019762846,0.02173913,0.183794466,0.193675889,0.035573123,0.027667984,0.011857708,0,0,0,0,0,0,0,0,0,0,0,0,0,0,0,0,0,0
2,C:/Users/TristanKleyn/Downloads/ecotypeClassification/binary/Binaries_20240706/10MIN/WINDOWS_20240706.csv,59:04.9,1.118208,2,None,0.003663004,0.007326007,0.009157509,0.003663004,0.009157509,0.003663004,0,0,0,0.005494505,0.018315018,0.012820513,0,0.001831502,0,0,0,0,0,0,0,0,0,0,0,0,0,0,0,0,0,0,0,0,0,0,0,0,0,0,0,0,0,0,0,0,0,0,0,0,0,0.001831502,0.003663004,0.003663004,0.014652015,0.014652015,0.034798535,0.001831502,0,0,0,0,0,0,0,0.005494505,0.007326007,0.098901099,0.144688645,0.023809524,0.001831502,0.038461538,0.02014652,0.009157509,0,0,0,0,0,0,0,0,0,0,0,0,0,0,0,0
3,C:/Users/TristanKleyn/Downloads/ecotypeClassification/binary/Binaries_20240706/10MIN/WINDOWS_20240706.csv,03:08.9,1.00352,2,None,0,0.002040816,0.006122449,0.02244898,0.012244898,0.004081633,0.004081633,0.016326531,0,0.018367347,0.024489796,0.012244898,0.016326531,0.026530612,0.008163265,0.010204082,0.004081633,0.008163265,0.008163265,0.006122449,0.002040816,0.006122449,0.004081633,0.008163265,0,0.004081633,0,0,0,0,0,0,0,0,0,0,0,0,0,0,0,0,0,0,0,0,0,0,0,0,0,0,0,0,0,0,0,0,0,0,0,0,0,0,0.006122449,0.012244898,0.006122449,0.075510204,0.114285714,0.010204082,0.02244898,0.018367347,0,0,0,0,0,0,0,0,0,0,0,0,0,0,0,0,0,0
4,C:/Users/TristanKleyn/Downloads/ecotypeClassification/binary/Binaries_20240706/10MIN/WINDOWS_20240706.csv,04:24.9,1.10592,2,None,0.003703704,0.011111111,0.018518519,0.009259259,0.012962963,0.001851852,0.005555556,0.007407407,0.007407407,0,0,0,0,0.007407407,0.009259259,0.018518519,0.014814815,0.018518519,0.027777778,0.02037037,0.011111111,0,0.012962963,0.012962963,0.005555556,0.005555556,0,0,0,0,0,0,0,0,0,0,0,0,0,0,0,0,0,0,0,0,0,0,0,0,0,0,0,0,0,0,0,0,0,0,0,0,0,0.009259259,0.007407407,0.025925926,0.005555556,0.057407407,0.107407407,0.027777778,0.003703704,0.012962963,0,0,0,0,0,0,0,0,0,0,0,0,0,0,0,0,0,0
5,C:/Users/TristanKleyn/Downloads/ecotypeClassification/binary/Binaries_20240706/10MIN/WINDOWS_20240706.csv,07:12.9,1.048576,2,None,0.04296875,0.013671875,0.03515625,0.01171875,0.015625,0.01953125,0,0,0,0,0,0,0,0,0,0,0,0,0,0,0,0,0,0,0,0,0,0,0,0,0,0,0,0,0,0,0,0,0,0,0,0,0,0,0,0,0,0,0,0,0,0,0,0,0,0,0,0,0,0,0,0,0,0,0.001953125,0.0078125,0.009765625,0.1171875,0.171875,0.03125,0.0078125,0.013671875,0,0,0,0,0,0,0,0,0,0,0,0,0,0,0,0,0,0
6,C:/Users/TristanKleyn/Downloads/ecotypeClassification/binary/Binaries_20240706/10MIN/WINDOWS_20240706.csv,07:16.9,1.2288,2,None,0.03,0.006666667,0.015,0.001666667,0.016666667,0.02,0.008333333,0,0,0,0,0,0,0,0,0,0,0,0,0.003333333,0.003333333,0.003333333,0.008333333,0.016666667,0,0,0,0,0,0,0,0,0,0,0,0,0,0,0,0,0,0,0,0,0,0,0,0,0,0,0,0,0,0,0,0,0,0,0,0,0,0,0,0,0.005,0.015,0.021666667,0.14,0.15,0.023333333,0.005,0.006666667,0,0,0,0,0,0,0,0,0,0,0,0,0,0,0,0,0,0
7,C:/Users/TristanKleyn/Downloads/ecotypeClassification/binary/Binaries_20240706/10MIN/WINDOWS_20240706.csv,20:24.9,1.16736,3,None,0,0,0,0,0,0,0,0,0.01754386,0.054385965,0.003508772,0,0.015789474,0.026315789,0,0,0,0,0,0,0,0,0.01754386,0.021052632,0.001754386,0,0,0.005263158,0.010526316,0.036842105,0.001754386,0.003508772,0.019298246,0.001754386,0.035087719,0.001754386,0,0,0,0,0.01754386,0.00877193,0.01754386,0.021052632,0.010526316,0,0,0,0,0,0,0,0,0,0,0,0,0,0,0,0,0,0,0,0,0.001754386,0.007017544,0.073684211,0.054385965,0.007017544,0.001754386,0.003508772,0.001754386,0,0,0,0,0,0,0,0,0,0,0,0,0,0,0,0,0
8,C:/Users/TristanKleyn/Downloads/ecotypeClassification/binary/Binaries_20240706/10MIN/WINDOWS_20240706.csv,20:28.9,1.007616,3,None,0,0,0,0,0,0,0,0,0,0,0,0,0.004065041,0.030487805,0.008130081,0.010162602,0.00203252,0.024390244,0.020325203,0,0,0,0,0,0.00203252,0.014227642,0.014227642,0.008130081,0.012195122,0.079268293,0.004065041,0,0,0.006097561,0.034552846,0,0,0,0,0,0,0,0,0,0,0,0,0,0,0,0,0,0,0,0,0,0,0,0,0,0,0,0,0,0.010162602,0.004065041,0.014227642,0.083333333,0.083333333,0.018292683,0.010162602,0.00203252,0,0,0,0,0,0,0,0,0,0,0,0,0,0,0,0,0,0
9,C:/Users/TristanKleyn/Downloads/ecotypeClassification/binary/Binaries_20240706/10MIN/WINDOWS_20240706.csv,20:40.9,1.880064,3,None,0,0.004357298,0.001089325,0.016339869,0,0,0.001089325,0.004357298,0.025054466,0.008714597,0.005446623,0.002178649,0,0.005446623,0.002178649,0.01416122,0.001089325,0,0,0.004357298,0.008714597,0.001089325,0.011982571,0.002178649,0.02832244,0.021786492,0.005446623,0.05664488,0.030501089,0.005446623,0.010893246,0.022875817,0.009803922,0.022875817,0.015250545,0.002178649,0,0,0,0,0,0,0,0,0,0,0,0,0,0,0,0,0,0,0,0,0,0,0,0,0,0,0,0,0.011982571,0.033769063,0.002178649,0.034858388,0.050108932,0.015250545,0,0,0,0,0,0,0,0,0,0,0,0,0,0,0,0,0,0,0,0
10,C:/Users/TristanKleyn/Downloads/ecotypeClassification/binary/Binaries_20240706/10MIN/WINDOWS_20240706.csv,21:20.9,1.052672,3,None,0.001945525,0.025291829,0.040856031,0.001945525,0,0,0,0,0,0,0,0.013618677,0.052529183,0.011673152,0,0,0.009727626,0.031128405,0,0,0,0,0,0.013618677,0.027237354,0.007782101,0,0,0,0,0,0.009727626,0.038910506,0,0,0,0,0,0,0,0,0,0,0,0,0,0.001945525,0.060311284,0.007782101,0.023346304,0.007782101,0.001945525,0,0,0,0,0,0,0,0,0,0,0,0,0,0,0.005836576,0.052529183,0.042801556,0.009727626,0,0,0,0,0,0,0,0,0,0,0,0,0,0,0,0,0,0,0,0
11,C:/Users/TristanKleyn/Downloads/ecotypeClassification/binary/Binaries_20240706/10MIN/WINDOWS_20240706.csv,21:24.9,1.163264,3,None,0,0,0,0,0,0,0,0,0,0,0,0,0,0,0,0.019366197,0.001760563,0.014084507,0,0,0,0,0,0,0,0.001760563,0.001760563,0.028169014,0.003521127,0,0.026408451,0.017605634,0,0.028169014,0.008802817,0.001760563,0,0.001760563,0.001760563,0.056338028,0.019366197,0.001760563,0.012323944,0.019366197,0.001760563,0,0.029929577,0.026408451,0,0,0,0,0,0,0,0.042253521,0,0,0,0,0,0,0,0,0,0.00528169,0,0.047535211,0.072183099,0.008802817,0,0,0,0,0,0,0,0,0,0,0,0,0,0,0,0,0,0,0,0
12,C:/Users/TristanKleyn/Downloads/ecotypeClassification/binary/Binaries_20240706/10MIN/WINDOWS_20240706.csv,21:28.9,1.142784,3,None,0,0.001792115,0.008960573,0.028673835,0,0,0,0,0,0,0,0,0,0,0,0,0,0,0,0,0,0,0,0,0,0.016129032,0.02688172,0.032258065,0.02688172,0.021505376,0,0,0,0.017921147,0.021505376,0.007168459,0,0,0.005376344,0.016129032,0.064516129,0.001792115,0,0,0,0,0,0,0,0,0,0,0,0,0,0,0,0,0,0,0,0,0,0,0.003584229,0,0.007168459,0.068100358,0.100358423,0.023297491,0,0,0,0,0,0,0,0,0,0,0,0,0,0,0,0,0,0,0,0
13,C:/Users/TristanKleyn/Downloads/ecotypeClassification/binary/Binaries_20240706/10MIN/WINDOWS_20240706.csv,21:32.9,2.064384,3,None,0,0,0,0,0,0,0,0,0,0,0,0,0,0,0,0,0,0.000992063,0.025793651,0.004960317,0.004960317,0.027777778,0.000992063,0,0.020833333,0.024801587,0.008928571,0.027777778,0.016865079,0.023809524,0.016865079,0.003968254,0,0.004960317,0.017857143,0,0.000992063,0.001984127,0.000992063,0.011904762,0.026785714,0,0.000992063,0.004960317,0.000992063,0.005952381,0.032738095,0.013888889,0.004960317,0.001984127,0,0,0.007936508,0.007936508,0.008928571,0,0,0,0,0,0,0,0,0,0.000992063,0,0.001984127,0.051587302,0.05952381,0.01984127,0,0,0,0,0,0,0,0,0,0,0,0,0,0,0,0,0,0,0,0
14,C:/Users/TristanKleyn/Downloads/ecotypeClassification/binary/Binaries_20240706/10MIN/WINDOWS_20240706.csv,22:24.9,1.421312,3,None,0,0,0,0,0,0,0,0.001440922,0.021613833,0.028818444,0.010086455,0,0,0,0,0,0,0,0,0,0,0,0,0,0.001440922,0.005763689,0.0129683,0.031700288,0.0129683,0.030259366,0,0,0,0,0,0,0,0.005763689,0.031700288,0.004322767,0.025936599,0.010086455,0,0,0,0.004322767,0.020172911,0.011527378,0,0,0,0,0,0,0,0,0,0,0,0,0,0,0,0,0,0,0.015850144,0.063400576,0.102305476,0.018731988,0,0,0,0,0,0,0,0,0,0,0,0,0,0.011527378,0.017291066,0,0,0,0,0
15,C:/Users/TristanKleyn/Downloads/ecotypeClassification/binary/Binaries_20240706/10MIN/WINDOWS_20240706.csv,23:24.9,1.097728,3,None,0,0.003731343,0.027985075,0.072761194,0.080223881,0.039179104,0.001865672,0,0,0,0,0,0,0,0,0,0,0,0,0,0,0.001865672,0.016791045,0.044776119,0.027985075,0.009328358,0,0,0,0,0,0,0,0,0,0,0,0,0,0,0,0,0,0,0,0,0,0,0,0,0,0,0,0,0,0,0,0,0,0,0,0,0,0,0,0,0.003731343,0.057835821,0.093283582,0.018656716,0,0,0,0,0,0,0,0,0,0,0,0,0,0,0,0,0,0,0,0
16,C:/Users/TristanKleyn/Downloads/ecotypeClassification/binary/Binaries_20240706/10MIN/WINDOWS_20240706.csv,23:28.9,2.224128,3,None,0,0.002762431,0.008287293,0.035911602,0.03038674,0.004604052,0.011970534,0.005524862,0.003683241,0,0.008287293,0.037753223,0.012891344,0.00092081,0.004604052,0.013812155,0.002762431,0,0,0.00092081,0.011970534,0.023020258,0.023941068,0.002762431,0.003683241,0.015653775,0.004604052,0.008287293,0.010128913,0.016574586,0,0,0,0.019337017,0.012891344,0.011049724,0.016574586,0,0,0,0,0.012891344,0.009208103,0,0,0,0,0,0,0,0,0,0,0,0,0.001841621,0.004604052,0.005524862,0.007366483,0,0,0,0,0,0,0,0.002762431,0.024861878,0.043278085,0.003683241,0,0,0,0,0,0.006445672,0.007366483,0.004604052,0,0,0,0,0,0,0,0,0,0,0,0
17,C:/Users/TristanKleyn/Downloads/ecotypeClassification/binary/Binaries_20240706/10MIN/WINDOWS_20240706.csv,23:32.9,1.388544,3,None,0.044247788,0.008849558,0.02359882,0.039823009,0,0,0,0,0,0.010324484,0.013274336,0.005899705,0.004424779,0.001474926,0.001474926,0,0,0,0,0,0,0,0,0.014749263,0.05899705,0,0,0,0,0,0,0,0,0.013274336,0.001474926,0.016224189,0,0.013274336,0.025073746,0,0,0,0,0,0,0,0,0,0,0,0,0,0,0,0,0,0,0,0.002949853,0.019174041,0.010324484,0.002949853,0,0,0.004424779,0.005899705,0.007374631,0.056047198,0.060471976,0.032448378,0.001474926,0,0,0,0,0,0,0,0,0,0,0,0,0,0,0,0,0,0,0
18,C:/Users/TristanKleyn/Downloads/ecotypeClassification/binary/Binaries_20240706/10MIN/WINDOWS_20240706.csv,23:36.9,1.482752,3,None,0.006906077,0,0,0.05801105,0.033149171,0,0.002762431,0.026243094,0.020718232,0.049723757,0.071823204,0.005524862,0,0,0,0,0,0,0,0,0.001381215,0.024861878,0.011049724,0.027624309,0.004143646,0,0,0,0,0,0,0,0,0,0.001381215,0.022099448,0.04558011,0.002762431,0,0,0.008287293,0.008287293,0.008287293,0.002762431,0.001381215,0.027624309,0,0,0,0,0,0,0,0,0,0,0,0,0,0,0,0,0,0,0,0.001381215,0,0.011049724,0.013812155,0.001381215,0,0,0,0,0,0,0,0,0,0,0,0,0,0,0,0,0,0,0,0
19,C:/Users/TristanKleyn/Downloads/ecotypeClassification/binary/Binaries_20240706/10MIN/WINDOWS_20240706.csv,23:40.9,2.859008,3,None,0.021489971,0.01504298,0.015759312,0.043696275,0.006446991,0,0.00286533,0.014326648,0.020057307,0.016475645,0.038681948,0.022206304,0,0,0,0,0,0.000716332,0.015759312,0.022206304,0.007163324,0,0.010028653,0.009312321,0.017191977,0.006446991,0.010744986,0.007163324,0.008595989,0.004297994,0.001432665,0.007163324,0.001432665,0.017908309,0.006446991,0.014326648,0.010744986,0.006446991,0.005730659,0.005014327,0.025071633,0.002148997,0.001432665,0,0.005014327,0.01217765,0,0,0,0,0,0,0,0,0,0,0,0,0,0,0,0,0,0,0,0,0,0.008595989,0.025787966,0.006446991,0,0,0,0,0,0,0,0,0,0,0,0,0,0,0,0,0,0,0,0
20,C:/Users/TristanKleyn/Downloads/ecotypeClassification/binary/Binaries_20240706/10MIN/WINDOWS_20240706.csv,24:28.9,1.159168,3,None,0.001766784,0.022968198,0.022968198,0.024734982,0.012367491,0.001766784,0,0.008833922,0.026501767,0.01590106,0.03180212,0.033568905,0.017667845,0.010600707,0.021201413,0.003533569,0,0,0,0,0,0,0,0,0,0,0,0,0,0,0,0,0,0,0,0,0,0,0.005300353,0.040636042,0.007067138,0,0,0,0.022968198,0.010600707,0.001766784,0,0,0,0,0,0,0,0,0,0,0,0,0,0,0,0,0,0,0.001766784,0.003533569,0.060070671,0.06360424,0.005300353,0.008833922,0.012367491,0,0,0,0,0,0,0,0,0,0,0,0,0,0,0,0,0,0
21,C:/Users/TristanKleyn/Downloads/ecotypeClassification/binary/Binaries_20240706/10MIN/WINDOWS_20240706.csv,24:32.9,1.073152,3,None,0.022900763,0.013358779,0.015267176,0,0,0.001908397,0.011450382,0.017175573,0.017175573,0,0,0,0.003816794,0.007633588,0.034351145,0.019083969,0.017175573,0.005725191,0,0,0,0,0,0.001908397,0.057251908,0.007633588,0.019083969,0.011450382,0.013358779,0.015267176,0,0,0,0,0,0,0,0,0,0,0.017175573,0.020992366,0,0,0,0,0.003816794,0.015267176,0.017175573,0.005725191,0,0,0,0,0,0,0,0,0,0.005725191,0.003816794,0.022900763,0.011450382,0.007633588,0.001908397,0,0,0.013358779,0.032442748,0.007633588,0,0,0,0,0,0,0,0,0,0,0,0,0,0,0,0,0,0,0,0
22,C:/Users/TristanKleyn/Downloads/ecotypeClassification/binary/Binaries_20240706/10MIN/WINDOWS_20240706.csv,24:36.9,1.339392,3,None,0,0,0.003058104,0.074923547,0,0,0,0,0.013761468,0.0382263,0.042813456,0.0382263,0.001529052,0,0,0,0,0.006116208,0.068807339,0.001529052,0.013761468,0.018348624,0.001529052,0,0,0,0,0,0,0.003058104,0.013761468,0.01529052,0.001529052,0.00764526,0.02293578,0.006116208,0,0.009174312,0.039755352,0.003058104,0.00764526,0.001529052,0.010703364,0.001529052,0,0,0,0,0,0,0,0,0,0,0,0,0,0,0,0,0,0,0,0,0,0.004587156,0,0.024464832,0.001529052,0.003058104,0,0,0,0,0,0,0,0,0,0,0,0,0,0,0,0,0,0,0,0
23,C:/Users/TristanKleyn/Downloads/ecotypeClassification/binary/Binaries_20240706/10MIN/WINDOWS_20240706.csv,24:40.9,1.523712,3,None,0,0,0,0,0,0,0,0.005376344,0.022849462,0.010752688,0.021505376,0.045698925,0.001344086,0,0,0.02688172,0,0,0,0,0.009408602,0.017473118,0.009408602,0,0,0,0,0,0,0,0,0,0,0.016129032,0.033602151,0.008064516,0.004032258,0,0,0,0,0.002688172,0.010752688,0.014784946,0,0,0,0,0,0,0,0.02016129,0.02016129,0.002688172,0.016129032,0.028225806,0,0,0,0,0,0,0,0,0,0,0.014784946,0.055107527,0.048387097,0.004032258,0,0.004032258,0.005376344,0.02016129,0,0,0,0,0,0,0,0,0,0,0,0,0,0,0,0
24,C:/Users/TristanKleyn/Downloads/ecotypeClassification/binary/Binaries_20240706/10MIN/WINDOWS_20240706.csv,25:28.9,1.142784,3,None,0,0,0,0,0.010752688,0.028673835,0,0,0.001792115,0.039426523,0.007168459,0,0.023297491,0.005376344,0.014336918,0,0,0,0,0,0.010752688,0.035842294,0.001792115,0.008960573,0.005376344,0,0.044802867,0.008960573,0.005376344,0.007168459,0.012544803,0.017921147,0.008960573,0.039426523,0.001792115,0,0,0,0,0,0,0,0,0,0,0,0,0,0.001792115,0.001792115,0,0.02688172,0.010752688,0,0,0,0,0,0,0,0,0,0,0,0,0,0.010752688,0.050179211,0.050179211,0.005376344,0.001792115,0,0,0,0,0,0,0,0,0,0,0,0,0,0,0,0,0,0,0
25,C:/Users/TristanKleyn/Downloads/ecotypeClassification/binary/Binaries_20240706/10MIN/WINDOWS_20240706.csv,25:36.9,1.818624,3,None,0,0,0.013513514,0.036036036,0.002252252,0.010135135,0.015765766,0,0,0.027027027,0.097972973,0.009009009,0,0,0,0,0,0,0,0,0,0.009009009,0.023648649,0.011261261,0.006756757,0.001126126,0.007882883,0.013513514,0.004504505,0.065315315,0.013513514,0.010135135,0.013513514,0.007882883,0,0,0,0,0.003378378,0.013513514,0.011261261,0.001126126,0,0,0,0,0,0,0,0,0,0.009009009,0.011261261,0.004504505,0,0,0,0,0,0,0,0,0,0,0,0,0,0.016891892,0.027027027,0.002252252,0,0,0,0,0,0,0,0,0,0,0,0,0,0,0,0,0,0,0,0
26,C:/Users/TristanKleyn/Downloads/ecotypeClassification/binary/Binaries_20240706/10MIN/WINDOWS_20240706.csv,25:40.9,1.024,3,None,0,0,0.002,0.004,0.04,0.004,0,0,0,0.002,0.034,0.004,0,0,0,0,0,0,0,0.01,0.024,0.026,0.062,0.04,0.008,0,0.024,0.014,0.002,0,0,0,0.002,0.036,0.008,0,0,0,0.002,0.026,0.024,0.012,0.002,0,0,0,0,0,0,0,0,0,0,0,0,0,0,0,0,0,0,0,0,0,0,0,0,0.026,0.058,0.004,0,0,0,0,0,0,0,0,0,0,0,0,0,0,0,0,0,0,0,0
27,C:/Users/TristanKleyn/Downloads/ecotypeClassification/binary/Binaries_20240706/10MIN/WINDOWS_20240706.csv,25:44.9,1.376256,3,None,0,0,0.016369048,0.025297619,0,0,0.00297619,0.00297619,0.020833333,0.013392857,0.013392857,0.007440476,0.026785714,0.005952381,0,0,0,0,0,0,0.014880952,0.023809524,0.02827381,0.007440476,0.00297619,0,0,0,0,0,0,0,0,0,0,0,0,0,0,0.013392857,0.026785714,0.029761905,0.03422619,0,0,0,0,0,0,0,0,0,0,0,0,0,0,0,0,0,0,0,0,0.02827381,0.001488095,0,0.011904762,0.041666667,0.074404762,0.023809524,0.001488095,0,0,0,0,0,0,0,0,0,0,0,0,0,0,0,0,0,0,0
28,C:/Users/TristanKleyn/Downloads/ecotypeClassification/binary/Binaries_20240706/10MIN/WINDOWS_20240706.csv,26:24.9,1.613824,3,None,0,0,0.005076142,0.043147208,0.019035533,0.025380711,0.039340102,0.008883249,0,0,0,0,0,0,0,0,0,0,0,0,0,0.007614213,0.017766497,0.002538071,0,0,0.008883249,0.007614213,0.010152284,0.003807107,0.010152284,0.03680203,0.02284264,0.01142132,0,0,0,0,0,0,0.017766497,0.024111675,0.015228426,0.006345178,0,0,0,0,0,0,0,0,0,0,0.001269036,0.020304569,0.010152284,0,0.003807107,0.026649746,0.012690355,0.013959391,0,0.001269036,0,0,0.003807107,0.017766497,0.03680203,0.007614213,0,0,0,0,0,0,0,0,0,0,0,0,0,0,0,0,0,0,0,0
29,C:/Users/TristanKleyn/Downloads/ecotypeClassification/binary/Binaries_20240706/10MIN/WINDOWS_20240706.csv,26:32.9,1.26976,3,None,0.020967742,0.003225806,0,0.001612903,0.05,0.017741935,0,0,0,0.016129032,0.035483871,0.012903226,0,0,0,0,0,0.001612903,0.003225806,0.029032258,0.00483871,0.003225806,0,0,0.003225806,0.035483871,0.017741935,0.017741935,0,0.035483871,0,0,0,0,0.001612903,0.00483871,0.035483871,0.003225806,0,0,0,0,0,0,0,0.008064516,0.019354839,0.008064516,0,0,0,0,0,0,0,0.001612903,0.019354839,0.009677419,0.012903226,0.009677419,0.008064516,0.012903226,0,0,0,0,0,0.022580645,0.009677419,0.003225806,0,0,0,0,0,0,0,0,0,0,0,0,0,0,0,0,0,0,0,0
30,C:/Users/TristanKleyn/Downloads/ecotypeClassification/binary/Binaries_20240706/10MIN/WINDOWS_20240706.csv,27:36.9,1.040384,3,None,0,0,0,0,0,0,0,0,0,0,0,0,0,0,0,0,0.003937008,0.035433071,0,0,0,0,0,0,0.013779528,0.025590551,0.015748031,0.007874016,0.033464567,0.037401575,0,0,0,0,0,0,0,0,0,0,0,0,0,0.003937008,0.007874016,0.037401575,0,0,0,0,0,0,0,0,0,0,0,0.017716535,0.021653543,0.001968504,0,0,0,0,0,0,0.023622047,0.072834646,0.078740157,0.021653543,0,0,0,0,0.001968504,0.021653543,0.015748031,0,0,0,0,0,0,0,0,0,0,0,0,0
31,C:/Users/TristanKleyn/Downloads/ecotypeClassification/binary/Binaries_20240706/10MIN/WINDOWS_20240706.csv,27:40.9,1.257472,3,None,0,0,0,0,0,0,0,0,0,0,0,0,0,0,0,0,0,0,0.03257329,0,0,0.001628664,0.026058632,0.006514658,0,0,0,0,0,0,0.006514658,0.029315961,0.008143322,0.024429967,0,0,0,0,0,0,0,0,0.01465798,0.016286645,0.004885993,0.017915309,0.013029316,0.001628664,0,0,0,0,0,0,0,0.013029316,0.019543974,0.001628664,0,0,0,0,0,0,0,0,0.003257329,0.073289902,0.078175896,0.034201954,0.003257329,0.001628664,0.008143322,0.022801303,0.006514658,0.021172638,0.009771987,0,0,0,0,0,0,0,0,0,0,0,0,0
32,C:/Users/TristanKleyn/Downloads/ecotypeClassification/binary/Binaries_20240730/10MIN/WINDOWS_20240730.csv,04:48.0,1.744896,4,None,0,0,0,0,0,0,0,0,0,0,0,0,0,0,0,0,0,0,0,0.002347418,0.004694836,0.01056338,0.003521127,0.002347418,0,0,0,0,0,0,0,0,0,0.009389671,0.031690141,0.019953052,0.005868545,0,0,0,0,0,0,0.011737089,0.012910798,0.001173709,0,0,0,0,0,0.008215962,0.039906103,0.002347418,0,0,0,0,0,0,0,0.001173709,0.001173709,0.009389671,0.024647887,0.023474178,0.014084507,0.029342723,0.016431925,0.025821596,0.018779343,0.017605634,0.003521127,0.002347418,0.004694836,0,0,0,0,0,0,0,0,0.023474178,0.005868545,0,0,0.003521127,0.018779343,0.089201878
33,C:/Users/TristanKleyn/Downloads/ecotypeClassification/binary/Binaries_20240730/10MIN/WINDOWS_20240730.csv,04:52.0,1.171456,4,None,0,0,0,0,0.001748252,0.017482517,0.033216783,0.027972028,0,0,0,0.003496503,0.005244755,0.015734266,0.015734266,0.02972028,0.005244755,0.006993007,0,0,0,0,0,0,0,0,0,0,0,0,0,0,0,0,0.022727273,0.045454545,0.01048951,0,0,0,0,0,0,0,0,0,0,0,0,0,0,0.022727273,0.013986014,0.01048951,0,0.001748252,0.017482517,0.013986014,0.001748252,0,0,0,0,0,0,0.020979021,0.041958042,0.013986014,0,0,0,0,0,0,0,0,0,0,0,0,0,0,0,0.001748252,0.036713287,0.019230769,0.001748252,0.001748252,0,0.038461538
34,C:/Users/TristanKleyn/Downloads/ecotypeClassification/binary/Binaries_20240730/10MIN/WINDOWS_20240730.csv,04:56.0,1.703936,4,None,0,0,0,0,0,0,0,0,0,0,0,0,0,0,0,0.006009615,0.008413462,0.013221154,0.001201923,0,0,0,0,0,0,0,0,0,0,0,0,0,0,0.002403846,0.03125,0.015625,0,0,0,0,0,0,0.03125,0,0.013221154,0.004807692,0.006009615,0,0,0,0,0,0.022836538,0.057692308,0.003605769,0.006009615,0.016826923,0.036057692,0.027644231,0.010817308,0.007211538,0.004807692,0,0,0,0,0,0.003605769,0.012019231,0.028846154,0.006009615,0,0,0,0,0,0,0,0.012019231,0.018028846,0.002403846,0,0,0,0,0,0,0,0,0.090144231
35,C:/Users/TristanKleyn/Downloads/ecotypeClassification/binary/Binaries_20240730/10MIN/WINDOWS_20240730.csv,05:00.0,1.118208,4,None,0,0,0,0,0,0,0,0,0,0,0,0,0,0,0,0,0,0,0,0,0,0,0,0,0,0,0,0,0,0,0,0,0,0.012820513,0.04029304,0.014652015,0.001831502,0,0,0,0,0.003663004,0.032967033,0,0,0,0,0,0,0,0,0,0.016483516,0.051282051,0.025641026,0.007326007,0.034798535,0.010989011,0.038461538,0.04029304,0.014652015,0.007326007,0,0,0.001831502,0.023809524,0.025641026,0,0,0,0,0,0,0,0,0,0,0,0,0,0,0,0,0,0,0,0,0.005494505,0,0.08974359
36,C:/Users/TristanKleyn/Downloads/ecotypeClassification/binary/Binaries_20240730/10MIN/WINDOWS_20240730.csv,05:44.0,1.302528,4,None,0,0,0,0,0,0,0,0,0,0,0,0,0,0,0,0,0,0,0.004716981,0.003144654,0.007861635,0.012578616,0.004716981,0,0,0,0,0,0,0,0,0,0,0.01572327,0.051886792,0.033018868,0,0,0,0,0,0,0,0,0,0,0,0,0,0,0,0.006289308,0.011006289,0.007861635,0.009433962,0,0,0,0,0,0,0,0,0,0,0,0,0,0.001572327,0.012578616,0.04245283,0.020440252,0.003144654,0,0,0,0,0,0.004716981,0.007861635,0.014150943,0.007861635,0,0,0,0,0,0,0.006289308,0.210691824
37,C:/Users/TristanKleyn/Downloads/ecotypeClassification/binary/Binaries_20240730/10MIN/WINDOWS_20240730.csv,05:48.0,1.748992,4,None,0,0,0.008196721,0.018735363,0,0,0,0,0,0,0,0,0,0,0,0.009367681,0.008196721,0.005854801,0.008196721,0.011709602,0.019906323,0.018735363,0.010538642,0.00234192,0,0,0,0,0,0,0,0.004683841,0.003512881,0.014051522,0.014051522,0.021077283,0.012880562,0.005854801,0.007025761,0.018735363,0.004683841,0,0,0,0,0,0,0,0,0.005854801,0.016393443,0.004683841,0.00117096,0.00117096,0.010538642,0.016393443,0.008196721,0.008196721,0.007025761,0.00117096,0,0,0,0,0.00117096,0.012880562,0.009367681,0.003512881,0.019906323,0.014051522,0.009367681,0.030444965,0.015222482,0.016393443,0.004683841,0.010538642,0.005854801,0.004683841,0,0,0,0,0,0,0,0,0.004683841,0.003512881,0,0.024590164
38,C:/Users/TristanKleyn/Downloads/ecotypeClassification/binary/Binaries_20240730/10MIN/WINDOWS_20240730.csv,05:52.0,2.461696,4,None,0,0,0,0,0,0,0,0,0,0,0,0,0,0,0,0.006655574,0.012479201,0,0.000831947,0.00249584,0.008319468,0.024126456,0.008319468,0.00249584,0,0,0,0.007487521,0.004991681,0.004159734,0,0,0.005823627,0.016638935,0.016638935,0.012479201,0.000831947,0,0.003327787,0.014975042,0.003327787,0.009151414,0.054908486,0,0.012479201,0.00249584,0.003327787,0,0.00249584,0.008319468,0.007487521,0,0,0,0.039933444,0.039101498,0.005823627,0.000831947,0,0,0,0,0,0,0,0.004159734,0.005823627,0.005823627,0.010815308,0.011647255,0,0,0,0,0,0,0,0,0,0.004991681,0.011647255,0,0,0,0,0,0,0,0.001663894,0.100665557
39,C:/Users/TristanKleyn/Downloads/ecotypeClassification/binary/Binaries_20240730/10MIN/WINDOWS_20240730.csv,05:56.0,2.031616,4,None,0,0,0,0,0,0,0,0,0,0,0,0,0,0,0,0,0,0,0,0,0,0,0,0,0,0,0,0,0,0,0,0,0.007056452,0.045362903,0.058467742,0.025201613,0.004032258,0,0,0,0,0,0,0,0,0,0,0,0,0,0,0,0.006048387,0.01108871,0.027217742,0.046370968,0.003024194,0.004032258,0.01108871,0.003024194,0.001008065,0.001008065,0.002016129,0,0,0.007056452,0.01108871,0,0.003024194,0.017137097,0.023185484,0.009072581,0.009072581,0.006048387,0,0,0,0,0,0,0.008064516,0.010080645,0.002016129,0,0,0,0,0,0.04233871,0.095766129
40,C:/Users/TristanKleyn/Downloads/ecotypeClassification/binary/Binaries_20240730/10MIN/WINDOWS_20240730.csv,06:00.0,2.584576,4,None,0,0,0,0,0,0,0,0,0,0,0,0,0,0,0,0,0.007131537,0.010301109,0.000792393,0.001584786,0.013470681,0.001584786,0,0,0,0,0.002377179,0.014263074,0,0,0,0,0.000792393,0.00792393,0.01822504,0.009508716,0.002377179,0.013470681,0.000792393,0.008716323,0.011885895,0.010301109,0.013470681,0,0,0,0,0,0,0.000792393,0.013470681,0.003169572,0.002377179,0.000792393,0.001584786,0.062599049,0.026941363,0.001584786,0,0,0.001584786,0,0.000792393,0.010301109,0.002377179,0.001584786,0.002377179,0.001584786,0.000792393,0.014263074,0.029318542,0.019017433,0.003169572,0.002377179,0.000792393,0.004754358,0.011093502,0.024564184,0.010301109,0.005546751,0,0,0.001584786,0.013470681,0.001584786,0,0,0.000792393,0.040412044,0.033280507
41,C:/Users/TristanKleyn/Downloads/ecotypeClassification/binary/Binaries_20240730/10MIN/WINDOWS_20240730.csv,06:40.0,2.035712,4,None,0,0,0,0,0,0,0,0,0,0,0,0,0,0,0.003018109,0.014084507,0.006036217,0,0,0,0,0,0,0,0,0.001006036,0.013078471,0.005030181,0.003018109,0,0.002012072,0,0.011066398,0.031187123,0.039235412,0.00804829,0.005030181,0.012072435,0.00804829,0.002012072,0.002012072,0.033199195,0.013078471,0.001006036,0.005030181,0.012072435,0.003018109,0,0,0,0,0,0.001006036,0.016096579,0.007042254,0.072434608,0.002012072,0.004024145,0,0.004024145,0.003018109,0.001006036,0.007042254,0.007042254,0.017102616,0.031187123,0.005030181,0,0,0.005030181,0.042253521,0.023138833,0.005030181,0.002012072,0,0,0,0,0,0,0,0,0,0,0,0,0,0,0.001006036,0.010060362
42,C:/Users/TristanKleyn/Downloads/ecotypeClassification/binary/Binaries_20240730/10MIN/WINDOWS_20240730.csv,06:44.0,2.84672,4,None,0,0.002158273,0.007194245,0.005035971,0.000719424,0,0,0,0,0,0,0,0,0,0,0,0,0,0,0.001438849,0.003597122,0.005755396,0.005035971,0,0,0.000719424,0.007194245,0.009352518,0.000719424,0,0,0,0,0.007194245,0.00647482,0.001438849,0.001438849,0.000719424,0.005035971,0.021582734,0.008633094,0.027338129,0.002158273,0.000719424,0.000719424,0.009352518,0.015107914,0.008633094,0.003597122,0,0,0,0,0.014388489,0.017985612,0.042446043,0.034532374,0,0.003597122,0,0,0,0,0,0.003597122,0.012230216,0.016546763,0.002877698,0.001438849,0.004316547,0.010071942,0.004316547,0,0,0,0,0,0,0,0,0,0,0,0.012230216,0.005035971,0.002158273,0,0.015827338,0.11294964,0.014388489
43,C:/Users/TristanKleyn/Downloads/ecotypeClassification/binary/Binaries_20240730/10MIN/WINDOWS_20240730.csv,06:48.0,1.888256,4,None,0,0,0,0,0,0,0,0,0,0,0,0,0,0,0,0,0,0,0,0,0,0,0,0,0,0,0,0,0,0,0,0,0,0.003253796,0.02494577,0.028199566,0.013015184,0.013015184,0,0,0,0.055314534,0.022776573,0.00867679,0,0,0,0,0,0,0,0,0.004338395,0.050976139,0.017353579,0.034707158,0.065075922,0.001084599,0.004338395,0,0,0,0,0,0,0,0,0,0,0,0,0,0,0,0,0,0,0.001084599,0,0.005422993,0.03362256,0.013015184,0.002169197,0,0,0.001084599,0.001084599,0.001084599,0.090021692,0.004338395
44,C:/Users/TristanKleyn/Downloads/ecotypeClassification/binary/Binaries_20240730/10MIN/WINDOWS_20240730.csv,06:52.0,1.765376,4,None,0,0,0,0,0,0,0,0,0,0,0,0,0,0,0,0,0,0,0,0,0,0,0,0,0,0,0,0,0,0,0,0,0,0.006960557,0.031322506,0.025522042,0,0,0,0,0.001160093,0.053364269,0,0,0,0,0,0,0,0,0,0.013921114,0.03712297,0.024361949,0.009280742,0.010440835,0.034802784,0.039443155,0.001160093,0,0,0,0,0,0,0.001160093,0.002320186,0.006960557,0.004640371,0.010440835,0,0,0,0,0,0,0,0,0,0,0,0,0,0,0,0.001160093,0,0.004640371,0.165893271,0.013921114
45,C:/Users/TristanKleyn/Downloads/ecotypeClassification/binary/Binaries_20240730/10MIN/WINDOWS_20240730.csv,06:56.0,1.114112,4,None,0,0,0,0,0,0,0,0,0,0,0,0,0,0,0,0,0,0,0,0,0,0,0,0,0,0,0,0,0,0,0,0,0,0,0,0,0,0,0,0,0,0.071691176,0,0,0,0,0,0,0,0,0,0.005514706,0.009191176,0.016544118,0.018382353,0.020220588,0.027573529,0.03125,0.003676471,0.001838235,0,0,0,0,0.009191176,0.029411765,0.027573529,0.005514706,0.012867647,0.058823529,0.036764706,0.005514706,0.003676471,0.029411765,0.003676471,0,0,0,0,0,0,0,0,0,0,0,0,0,0.071691176,0
46,C:/Users/TristanKleyn/Downloads/ecotypeClassification/binary/Binaries_20240730/10MIN/WINDOWS_20240730.csv,07:00.0,1.974272,4,None,0,0,0,0,0,0,0,0,0,0,0,0,0,0,0,0,0,0,0,0,0,0,0,0,0,0,0,0,0,0,0,0,0,0.001037344,0.011410788,0.008298755,0,0,0,0,0.0093361,0.045643154,0.003112033,0.001037344,0.001037344,0.003112033,0,0,0,0.002074689,0.003112033,0.015560166,0.06120332,0.030082988,0,0,0.018672199,0.10373444,0.006224066,0.001037344,0,0,0,0,0,0,0,0,0,0,0,0,0,0,0,0.003112033,0.015560166,0.003112033,0.001037344,0,0,0,0,0,0,0,0,0,0.14626556,0.005186722
47,C:/Users/TristanKleyn/Downloads/ecotypeClassification/binary/Binaries_20240730/10MIN/WINDOWS_20240730.csv,07:40.0,1.04448,4,None,0,0,0,0,0,0,0,0,0,0.021568627,0.019607843,0,0,0,0,0,0,0,0,0,0,0,0,0,0,0,0,0,0,0,0,0,0,0,0.039215686,0.021568627,0.019607843,0.001960784,0,0,0,0,0,0,0,0,0,0,0,0,0,0,0.007843137,0.041176471,0.037254902,0.011764706,0.001960784,0.080392157,0.011764706,0.001960784,0.007843137,0,0,0,0,0,0,0,0,0.025490196,0.029411765,0.015686275,0,0.023529412,0.015686275,0,0,0,0,0,0,0,0,0,0,0,0,0,0.062745098,0.001960784
48,C:/Users/TristanKleyn/Downloads/ecotypeClassification/binary/Binaries_20240730/10MIN/WINDOWS_20240730.csv,07:44.0,1.134592,4,None,0,0,0,0,0,0,0,0,0,0,0,0,0,0,0.005415162,0.023465704,0.012635379,0,0,0,0,0,0,0,0,0,0,0,0,0,0,0,0,0,0,0,0,0,0,0,0,0,0,0,0,0,0,0,0,0,0,0,0.003610108,0.010830325,0.012635379,0.014440433,0.003610108,0.075812274,0.126353791,0.009025271,0.010830325,0.009025271,0.010830325,0.009025271,0.009025271,0.046931408,0.050541516,0.009025271,0,0,0,0,0,0,0,0,0,0,0,0,0,0,0,0,0,0,0.003610108,0.005415162,0.037906137,0
49,C:/Users/TristanKleyn/Downloads/ecotypeClassification/binary/Binaries_20240730/10MIN/WINDOWS_20240730.csv,07:52.0,2.351104,4,None,0,0,0,0,0,0,0,0,0,0,0,0,0,0,0,0,0,0,0,0,0,0,0,0,0,0,0,0,0,0,0,0,0,0,0.015679443,0.008710801,0.00087108,0,0,0,0.004355401,0.058362369,0.00174216,0.010452962,0.005226481,0.005226481,0.012195122,0.010452962,0.004355401,0,0,0,0,0,0,0,0.00261324,0.005226481,0.032229965,0.00087108,0.00087108,0.005226481,0.005226481,0.005226481,0.00174216,0.011324042,0.010452962,0.007839721,0.019163763,0.025261324,0.023519164,0.008710801,0.006968641,0.012195122,0.007839721,0.00174216,0,0,0,0,0.006968641,0.011324042,0.006968641,0.027874564,0.013937282,0.013937282,0.010452962,0.021777003,0.043554007,0.011324042
50,C:/Users/TristanKleyn/Downloads/ecotypeClassification/binary/Binaries_20240730/10MIN/WINDOWS_20240730.csv,07:56.0,1.4336,4,None,0,0,0,0,0,0,0,0,0,0,0,0,0,0,0,0,0,0,0.001428571,0.004285714,0.005714286,0.015714286,0.001428571,0,0,0,0,0,0,0,0,0,0,0.008571429,0.04,0.092857143,0.051428571,0.004285714,0.004285714,0.01,0.007142857,0,0,0,0,0.008571429,0.022857143,0.024285714,0.008571429,0.002857143,0.001428571,0.001428571,0.004285714,0.02,0.005714286,0,0,0,0,0,0,0,0,0,0,0,0,0,0.001428571,0.021428571,0.031428571,0.011428571,0,0,0,0,0,0,0,0,0,0,0,0.001428571,0.002857143,0.015714286,0.012857143,0.041428571,0.012857143,0
51,C:/Users/TristanKleyn/Downloads/ecotypeClassification/binary/Binaries_20240730/10MIN/WINDOWS_20240730.csv,08:00.0,2.12992,4,None,0,0,0,0,0,0,0,0.002884615,0.003846154,0.000961538,0.000961538,0.004807692,0.004807692,0.000961538,0,0,0,0,0,0,0,0,0,0,0,0,0,0.004807692,0,0.010576923,0.003846154,0.000961538,0,0,0,0,0.015384615,0.027884615,0.006730769,0.004807692,0.004807692,0.001923077,0.000961538,0,0,0,0,0,0.003846154,0.009615385,0.006730769,0,0,0.059615385,0.009615385,0,0,0.001923077,0.024038462,0.020192308,0.019230769,0.005769231,0,0,0,0.014423077,0.008653846,0,0.002884615,0.011538462,0.021153846,0.013461538,0.002884615,0,0,0,0,0,0,0,0.000961538,0,0.000961538,0.014423077,0.006730769,0.021153846,0.011538462,0.066346154,0.014423077,0.025961538
52,C:/Users/TristanKleyn/Downloads/ecotypeClassification/binary/Binaries_20240730/10MIN/WINDOWS_20240730.csv,08:48.0,1.183744,4,None,0,0,0,0,0.022491349,0.001730104,0.001730104,0.015570934,0,0,0,0,0,0,0,0,0,0,0,0,0,0,0,0,0,0,0,0,0,0,0,0,0,0,0,0,0,0,0,0,0,0,0,0,0,0,0,0,0,0,0.001730104,0.001730104,0.027681661,0.003460208,0,0,0,0,0.006920415,0.01384083,0.012110727,0.001730104,0.044982699,0.039792388,0,0,0,0.022491349,0.022491349,0.031141869,0.029411765,0.012110727,0.005190311,0.005190311,0,0.003460208,0.019031142,0.017301038,0.003460208,0,0.008650519,0,0,0,0.001730104,0.003460208,0,0.043252595,0.003460208,0.07266436
53,C:/Users/TristanKleyn/Downloads/ecotypeClassification/binary/Binaries_20240730/10MIN/WINDOWS_20240730.csv,08:52.0,1.339392,4,None,0.013761468,0.001529052,0,0,0,0,0,0,0,0,0,0,0,0,0,0,0,0,0,0,0,0,0,0,0,0,0,0,0,0,0,0,0,0,0,0,0,0,0,0,0.001529052,0.033639144,0,0,0,0,0,0.02293578,0.010703364,0.016819572,0.006116208,0.018348624,0.001529052,0.003058104,0.013761468,0.01529052,0.029051988,0.03058104,0.018348624,0.090214067,0.039755352,0,0.025993884,0.016819572,0.006116208,0.001529052,0,0,0,0,0,0,0,0,0,0,0,0,0,0,0.001529052,0.012232416,0.01529052,0.001529052,0,0,0,0.009174312,0.003058104,0.039755352
54,C:/Users/TristanKleyn/Downloads/ecotypeClassification/binary/Binaries_20240730/10MIN/WINDOWS_20240730.csv,08:56.0,1.343488,4,None,0,0,0,0,0,0,0,0,0,0,0,0,0,0,0,0,0,0,0,0,0,0,0,0,0,0,0,0.013719512,0.016768293,0,0,0,0,0,0,0,0,0,0,0,0.006097561,0.073170732,0,0,0.016768293,0.009146341,0.007621951,0,0.004573171,0.070121951,0.015243902,0.032012195,0.004573171,0,0,0.00152439,0,0.004573171,0.00152439,0.025914634,0.05945122,0.004573171,0,0,0.025914634,0.018292683,0.018292683,0.00304878,0,0,0,0,0,0,0,0,0,0,0,0,0,0,0,0,0,0.004573171,0.00152439,0.025914634,0.016768293,0.018292683
55,C:/Users/TristanKleyn/Downloads/ecotypeClassification/binary/Binaries_20240730/10MIN/WINDOWS_20240730.csv,09:00.0,1.806336,4,None,0,0,0,0,0,0,0,0,0,0,0,0,0,0,0,0,0,0,0,0,0,0,0,0,0,0,0,0,0,0,0,0,0.002267574,0.049886621,0.004535147,0.001133787,0,0,0,0.001133787,0.116780045,0.027210884,0,0,0,0,0,0.002267574,0,0.0430839,0.006802721,0.001133787,0,0,0,0,0,0,0,0.007936508,0.083900227,0.062358277,0.012471655,0.01814059,0.024943311,0.003401361,0,0,0,0,0,0,0,0,0,0,0,0,0,0,0,0,0,0,0,0,0,0.001133787,0.004535147,0.024943311
56,C:/Users/TristanKleyn/Downloads/ecotypeClassification/binary/Binaries_20240730/10MIN/WINDOWS_20240730.csv,09:48.0,1.642496,4,None,0,0,0,0,0,0,0,0,0,0,0,0,0,0.009975062,0.014962594,0,0,0,0,0,0,0,0,0,0,0,0,0,0,0,0,0,0,0.003740648,0.011221945,0.007481297,0.003740648,0,0,0,0.100997506,0.012468828,0.019950125,0.003740648,0.002493766,0,0,0,0.027431421,0.001246883,0,0,0,0,0,0,0,0,0,0.004987531,0.002493766,0.017456359,0.028678304,0,0,0,0,0,0,0.002493766,0.026184539,0.003740648,0.001246883,0.021197007,0.028678304,0.009975062,0.024937656,0.013715711,0.011221945,0.016209476,0.002493766,0,0,0.007481297,0.028678304,0.009975062,0.002493766,0.014962594,0,0.001246883
57,C:/Users/TristanKleyn/Downloads/ecotypeClassification/binary/Binaries_20240730/10MIN/WINDOWS_20240730.csv,10:48.0,1.130496,4,None,0,0,0,0,0,0,0,0,0,0,0,0,0,0,0,0,0,0,0.014492754,0.063405797,0.052536232,0.02173913,0,0,0,0,0,0,0,0.007246377,0.009057971,0,0.003623188,0.012681159,0.005434783,0,0,0,0,0,0.132246377,0.001811594,0.003623188,0,0,0,0,0,0,0,0,0,0,0.036231884,0.005434783,0.009057971,0.019927536,0.010869565,0.003623188,0,0,0,0.038043478,0,0,0,0,0,0,0,0,0,0,0,0,0,0,0,0,0,0,0,0,0,0.001811594,0.009057971,0.023550725,0.014492754,0,0
58,C:/Users/TristanKleyn/Downloads/ecotypeClassification/binary/Binaries_20240813/10MIN/WINDOWS_20240813.csv,12:05.9,1.019904,5,None,0,0,0,0.008032129,0.046184739,0.012048193,0.02811245,0.010040161,0.002008032,0.016064257,0.024096386,0.006024096,0.004016064,0,0.048192771,0.014056225,0.008032129,0.036144578,0.002008032,0,0.018072289,0.022088353,0,0.008032129,0.036144578,0.010040161,0.004016064,0,0,0,0,0,0,0,0,0,0,0.006024096,0.010040161,0.010040161,0.016064257,0,0.002008032,0,0,0,0,0,0,0,0.002008032,0.014056225,0.022088353,0.002008032,0,0,0,0,0,0,0,0,0,0,0,0,0,0,0.004016064,0.03815261,0.008032129,0,0,0,0,0,0,0,0,0,0,0,0,0,0,0,0,0,0,0.002008032
59,C:/Users/TristanKleyn/Downloads/ecotypeClassification/binary/Binaries_20240901/10MIN/WINDOWS_20240901.csv,16:20.1,3.678208,6,None,0.01169265,0.00389755,0.000556793,0,0,0.001670379,0.008351893,0.002783964,0.000556793,0,0,0,0,0,0,0,0,0,0,0.008908686,0.004454343,0,0.000556793,0.005011136,0.010579065,0.01169265,0.001670379,0,0,0.007238307,0.005011136,0.000556793,0,0,0,0.001113586,0.002227171,0.00389755,0.004454343,0.001113586,0.013363029,0.008908686,0.006124722,0.017817372,0.016146993,0.018930958,0.018374165,0.023385301,0.006681514,0.003340757,0.008351893,0.004454343,0.010022272,0.001113586,0.001670379,0.005567929,0.006124722,0.003340757,0.010579065,0.023942094,0.016703786,0.023942094,0.011135857,0.016146993,0.012806236,0.013919822,0.016703786,0.005567929,0.006124722,0.006124722,0.001670379,0.008351893,0.005567929,0.001113586,0,0.004454343,0.006124722,0.005011136,0.006681514,0.000556793,0.010022272,0.001670379,0,0,0.001113586,0.005011136,0.00389755,0.001670379,0,0.001670379
60,C:/Users/TristanKleyn/Downloads/ecotypeClassification/binary/Binaries_20240901/10MIN/WINDOWS_20240901.csv,16:24.1,9.330688,6,None,0,0.000658472,0.001975417,0.001097454,0.001536435,0.003292362,0.000219491,0,0.000877963,0.006584723,0.007901668,0.007243196,0.004609306,0.005267779,0.004389816,0.001975417,0.002194908,0.003072871,0.007243196,0.006584723,0.001975417,0.001097454,0.003511853,0.004170325,0.005048288,0.008779631,0.008121159,0.006145742,0.009218613,0.009877085,0.001975417,0,0.000658472,0.002194908,0.00570676,0.006584723,0.00570676,0.00856014,0.009438104,0.009657594,0.01119403,0.00570676,0.004828797,0.012071993,0.010974539,0.012510975,0.013388938,0.015144864,0.007243196,0.002633889,0.002414399,0.012071993,0.005267779,0.008999122,0.009218613,0.017559263,0.01119403,0.002414399,0.000438982,0.001097454,0.001975417,0.004389816,0.003731343,0.007901668,0.006804214,0.001316945,0.000658472,0.001755926,0.007462687,0.015803336,0.012291484,0.006145742,0.004170325,0.007462687,0.005048288,0.00570676,0.004828797,0.002633889,0.003511853,0.004828797,0.015144864,0.005048288,0.005267779,0.003511853,0.001316945,0.002414399,0.003072871,0.004609306,0.003072871,0.006584723
61,C:/Users/TristanKleyn/Downloads/ecotypeClassification/binary/Binaries_20240901/10MIN/WINDOWS_20240901.csv,17:04.1,1.224704,6,None,0,0,0,0,0,0,0,0,0,0,0,0,0,0,0,0,0,0,0.006688963,0.016722408,0.015050167,0.001672241,0,0,0,0,0,0,0,0.016722408,0.003344482,0.013377926,0.001672241,0,0,0.001672241,0.028428094,0.003344482,0,0.003344482,0.033444816,0.016722408,0.010033445,0.010033445,0.005016722,0,0,0,0,0,0,0.013377926,0.013377926,0.011705686,0.006688963,0,0.008361204,0.015050167,0.011705686,0,0,0,0,0,0.015050167,0.010033445,0.011705686,0.036789298,0.04180602,0.023411371,0.005016722,0.008361204,0.010033445,0.015050167,0.008361204,0.008361204,0.033444816,0.005016722,0,0,0,0,0,0,0,0,0,0,0,0
62,C:/Users/TristanKleyn/Downloads/ecotypeClassification/binary/Binaries_20240913/10MIN/WINDOWS_20240913.csv,04:31.5,5.197824,7,SRKW,0,0,0.004334121,0.003546099,0,0,0,0,0.000394011,0.018518519,0.039795114,0.021276596,0.004728132,0.002758077,0.001182033,0.009062254,0.014184397,0.020882585,0.004728132,0.000394011,0.000394011,0.006304177,0.012608353,0.020488574,0.007880221,0.010638298,0.007880221,0.003546099,0.005516154,0.007092199,0.016942474,0.019700552,0.01536643,0.01142632,0.010638298,0.019700552,0.025610717,0.024034673,0.004334121,0.00394011,0.001182033,0.007092199,0.01536643,0.012608353,0.013790386,0.003152088,0.002758077,0.004334121,0.000788022,0.001182033,0.001576044,0.002364066,0.002364066,0.004728132,0.001970055,0.004334121,0.003546099,0.004334121,0.002758077,0.001970055,0.002364066,0.003546099,0.003152088,0.001970055,0.000788022,0.001576044,0,0,0,0,0,0,0,0,0,0,0,0,0.000788022,0.002758077,0.001182033,0,0.001182033,0.000394011,0.000394011,0.000394011,0.001576044,0.002364066,0.000394011,0.003152088
63,C:/Users/TristanKleyn/Downloads/ecotypeClassification/binary/Binaries_20240913/10MIN/WINDOWS_20240913.csv,04:35.5,1.540096,7,SRKW,0,0,0,0,0,0,0,0,0,0.001329787,0.005319149,0.043882979,0.010638298,0.005319149,0,0,0,0,0,0.005319149,0.007978723,0.013297872,0.010638298,0.002659574,0.010638298,0.010638298,0.010638298,0.006648936,0.011968085,0.054521277,0.007978723,0.017287234,0.017287234,0.029255319,0.007978723,0.007978723,0.041223404,0.003989362,0,0,0.002659574,0.013297872,0.022606383,0,0,0,0.001329787,0.002659574,0.018617021,0.001329787,0.001329787,0.006648936,0.010638298,0.005319149,0.001329787,0.018617021,0.013297872,0,0.001329787,0.001329787,0.003989362,0.005319149,0.02393617,0,0,0,0,0,0,0,0,0,0,0,0,0,0,0,0,0,0,0,0,0,0,0,0,0,0,0
64,C:/Users/TristanKleyn/Downloads/ecotypeClassification/binary/Binaries_20240913/10MIN/WINDOWS_20240913.csv,05:15.5,2.424832,7,SRKW,0,0,0,0,0.016891892,0.006756757,0.007601351,0.005067568,0.015202703,0.013513514,0.025337838,0.006756757,0,0,0,0.018581081,0.003378378,0.016047297,0.017736486,0,0,0.000844595,0.002533784,0.017736486,0.005912162,0.027871622,0.023648649,0.014358108,0.006756757,0.01097973,0.046452703,0.016047297,0.005067568,0.016047297,0.005067568,0.012668919,0.029560811,0.023648649,0.014358108,0.002533784,0.001689189,0.001689189,0,0.002533784,0.010135135,0.006756757,0.003378378,0.000844595,0.007601351,0.008445946,0.004222973,0,0,0,0.002533784,0.009290541,0.001689189,0.004222973,0,0,0,0,0,0,0,0,0,0,0,0,0,0,0,0,0,0,0,0,0,0,0,0,0,0,0,0,0,0,0,0
65,C:/Users/TristanKleyn/Downloads/ecotypeClassification/binary/Binaries_20240913/10MIN/WINDOWS_20240913.csv,05:19.5,3.284992,7,SRKW,0,0,0,0.00436409,0.018703242,0.000623441,0.00872818,0.001246883,0.00872818,0.033042394,0.036783042,0.020573566,0.002493766,0,0.001870324,0.000623441,0,0.011221945,0.011845387,0.004987531,0.000623441,0.001246883,0.001870324,0.009351621,0.027431421,0.006857855,0.008104738,0.002493766,0.007481297,0.009351621,0,0.010598504,0.006857855,0.006234414,0.00436409,0.012468828,0.014962594,0.004987531,0.013715711,0.004987531,0.006857855,0.009351621,0.021820449,0.011845387,0.021820449,0.007481297,0.00436409,0.005610973,0.003117207,0.002493766,0.007481297,0.021197007,0.000623441,0,0,0,0.000623441,0.00436409,0.014962594,0,0,0,0,0.000623441,0.009351621,0.018703242,0.004987531,0.000623441,0,0,0,0,0,0,0,0,0,0,0,0,0,0,0,0,0,0,0,0,0.001246883,0.000623441
66,C:/Users/TristanKleyn/Downloads/ecotypeClassification/binary/Binaries_20240913/10MIN/WINDOWS_20240913.csv,05:23.5,2.158592,7,SRKW,0,0,0,0,0.019924099,0,0,0,0,0.028462998,0.011385199,0.004743833,0,0.001897533,0.003795066,0.0056926,0.016129032,0.023719165,0.001897533,0,0,0,0.036053131,0.017077799,0.006641366,0.007590133,0.0056926,0.0028463,0.018026565,0.035104364,0.010436433,0.011385199,0.013282732,0.0028463,0.001897533,0,0.036053131,0.007590133,0.006641366,0.008538899,0.0056926,0.009487666,0.009487666,0.008538899,0.015180266,0,0,0,0,0,0,0,0,0,0,0,0,0,0,0,0,0,0,0,0,0,0,0,0.000948767,0.003795066,0.001897533,0.0028463,0.014231499,0.001897533,0.004743833,0.001897533,0.001897533,0.014231499,0,0,0.0028463,0.014231499,0.011385199,0.006641366,0.0028463,0.001897533,0.0028463,0.001897533,0.009487666,0.003795066
67,C:/Users/TristanKleyn/Downloads/ecotypeClassification/binary/Binaries_20240913/10MIN/WINDOWS_20240913.csv,07:23.5,2.74432,7,SRKW,0,0,0,0.002985075,0.035820896,0.005223881,0.004477612,0.006716418,0.023134328,0.025373134,0.008955224,0.004477612,0.007462687,0.018656716,0.004477612,0.003731343,0.019402985,0.007462687,0.002238806,0.002985075,0.013432836,0.015671642,0.017910448,0.001492537,0,0,0,0.008208955,0.014179104,0.043283582,0.01119403,0.008208955,0,0.011940299,0.002985075,0.017164179,0.061940299,0.014179104,0.000746269,0.001492537,0.002985075,0.001492537,0.01641791,0,0,0,0,0,0,0,0,0,0,0,0,0,0,0,0,0,0,0,0,0,0,0,0,0,0,0,0,0,0,0,0.001492537,0.017910448,0.01119403,0.000746269,0,0,0.000746269,0.008955224,0.009701493,0.000746269,0,0,0,0,0,0
68,C:/Users/TristanKleyn/Downloads/ecotypeClassification/binary/Binaries_20240913/10MIN/WINDOWS_20240913.csv,07:35.5,2.531328,7,SRKW,0.001618123,0.000809061,0.016990291,0.041262136,0.018608414,0,0,0,0.002427184,0.019417476,0,0.027508091,0.002427184,0.000809061,0,0.02184466,0.038834951,0.000809061,0,0,0,0,0,0,0,0,0,0,0.00566343,0.015372168,0,0,0,0,0.006472492,0.008090615,0.010517799,0,0,0,0,0.013754045,0.006472492,0.010517799,0.001618123,0,0.001618123,0.021035599,0.008090615,0.014563107,0.030744337,0.006472492,0.000809061,0.001618123,0.008899676,0.004045307,0.010517799,0.016990291,0,0.000809061,0.00566343,0.006472492,0.006472492,0.021035599,0.006472492,0,0,0,0,0,0,0,0,0.004045307,0.002427184,0.002427184,0.004045307,0.010517799,0.000809061,0.003236246,0.00566343,0.003236246,0.001618123,0.009708738,0.007281553,0.000809061,0,0,0,0
69,C:/Users/TristanKleyn/Downloads/ecotypeClassification/binary/Binaries_20240913/10MIN/WINDOWS_20240913.csv,07:39.5,1.1264,7,SRKW,0,0,0,0,0,0,0,0,0,0.003636364,0.003636364,0.009090909,0.018181818,0.005454545,0,0,0,0,0,0,0,0,0,0,0,0,0,0,0,0.030909091,0.098181818,0.003636364,0.001818182,0.007272727,0.02,0.005454545,0.063636364,0.063636364,0,0,0,0,0,0.021818182,0.045454545,0.005454545,0.001818182,0.003636364,0.003636364,0.02,0.012727273,0.009090909,0.012727273,0.007272727,0.001818182,0.014545455,0.001818182,0.003636364,0,0,0,0,0,0,0,0,0,0,0,0,0,0,0,0,0,0,0,0,0,0,0,0,0,0,0,0,0,0,0,0
70,C:/Users/TristanKleyn/Downloads/ecotypeClassification/binary/Binaries_20240913/10MIN/WINDOWS_20240913.csv,08:23.5,1.081344,7,SRKW,0,0,0,0.001893939,0.020833333,0.005681818,0.013257576,0,0,0,0,0.001893939,0,0.003787879,0.028409091,0.003787879,0,0,0,0,0,0,0,0,0,0,0,0,0,0,0.017045455,0.022727273,0.017045455,0.009469697,0.003787879,0.003787879,0.003787879,0.035984848,0.017045455,0.020833333,0.007575758,0.003787879,0.003787879,0.001893939,0.03030303,0.013257576,0.015151515,0.018939394,0.005681818,0.001893939,0.005681818,0.035984848,0.015151515,0.011363636,0.007575758,0.005681818,0.001893939,0.003787879,0.003787879,0.003787879,0,0,0,0,0.003787879,0.026515152,0.005681818,0.011363636,0.007575758,0.005681818,0.001893939,0.003787879,0,0.005681818,0,0,0,0,0,0,0,0,0,0,0,0,0,0,0,0
71,C:/Users/TristanKleyn/Downloads/ecotypeClassification/binary/Binaries_20240913/10MIN/WINDOWS_20240913.csv,08:27.5,2.285568,7,SRKW,0,0,0,0.027777778,0.04390681,0.016129032,0.011648746,0.004480287,0,0.008960573,0.025985663,0.008960573,0.004480287,0.005376344,0.008064516,0.005376344,0.004480287,0.015232975,0.017921147,0.008960573,0.006272401,0.005376344,0.010752688,0.018817204,0.023297491,0.008064516,0.002688172,0,0,0.000896057,0.003584229,0.006272401,0.009856631,0.009856631,0.005376344,0.008960573,0.016129032,0.01702509,0.007168459,0.006272401,0.008064516,0.010752688,0.002688172,0.007168459,0.01702509,0.008960573,0.008064516,0.005376344,0.007168459,0.004480287,0.000896057,0.008960573,0.010752688,0.004480287,0.003584229,0.006272401,0.000896057,0,0,0,0,0,0,0,0,0,0,0,0,0,0,0,0,0,0,0,0,0,0,0,0,0,0,0,0,0,0,0,0,0
72,C:/Users/TristanKleyn/Downloads/ecotypeClassification/binary/Binaries_20240913/10MIN/WINDOWS_20240913.csv,08:31.5,1.855488,7,SRKW,0.017660044,0.002207506,0.001103753,0.002207506,0.048565121,0,0,0,0,0,0.001103753,0.008830022,0.003311258,0.014348786,0.007726269,0.002207506,0.004415011,0.008830022,0.030905077,0.025386313,0.002207506,0.008830022,0.007726269,0.017660044,0.017660044,0.008830022,0.068432671,0.004415011,0.002207506,0.008830022,0.004415011,0.009933775,0.01986755,0.004415011,0,0,0.009933775,0.003311258,0.008830022,0.008830022,0.015452539,0.017660044,0.001103753,0.003311258,0.023178808,0.003311258,0.005518764,0.004415011,0.009933775,0.016556291,0.004415011,0,0,0,0,0,0,0,0,0,0,0,0,0,0,0,0,0,0,0,0,0,0,0,0,0,0,0,0,0,0,0,0,0,0,0,0,0,0,0
73,C:/Users/TristanKleyn/Downloads/ecotypeClassification/binary/Binaries_20240913/10MIN/WINDOWS_20240913.csv,09:19.5,1.138688,7,SRKW,0,0,0,0.039568345,0.041366906,0.007194245,0,0,0,0.014388489,0.025179856,0.032374101,0.007194245,0,0.003597122,0.039568345,0.066546763,0.017985612,0.035971223,0.012589928,0.001798561,0,0.017985612,0.017985612,0,0,0,0,0,0.01618705,0.025179856,0,0.007194245,0.01618705,0.010791367,0.005395683,0,0,0,0,0,0,0,0.007194245,0.028776978,0.001798561,0,0,0,0,0,0,0,0,0,0,0,0,0,0,0,0,0,0,0,0,0,0,0,0,0,0,0,0,0,0,0,0,0,0,0,0,0,0,0,0,0,0,0,0
74,C:/Users/TristanKleyn/Downloads/ecotypeClassification/binary/Binaries_20240913/10MIN/WINDOWS_20240913.csv,09:23.5,2.977792,7,SRKW,0.00343879,0.001375516,0.002063274,0.013755158,0,0.011691884,0.001375516,0.001375516,0.000687758,0.002063274,0.026134801,0.025447043,0.001375516,0.001375516,0.002751032,0.007565337,0.056396149,0.046767538,0.006189821,0.002751032,0.002751032,0.008940853,0.004814305,0.017881706,0.019257221,0.005502063,0.000687758,0,0,0.013755158,0.044016506,0.020632737,0.013755158,0.004126547,0,0.004126547,0.02957359,0.041265475,0.020632737,0.007565337,0.00343879,0,0,0.00343879,0.019257221,0,0,0,0,0,0,0,0,0,0,0,0,0,0,0,0,0,0,0,0,0,0,0,0,0,0,0,0,0,0,0,0,0,0,0,0,0,0,0,0,0,0,0,0,0
75,C:/Users/TristanKleyn/Downloads/ecotypeClassification/binary/Binaries_20240913/10MIN/WINDOWS_20240913.csv,09:27.5,2.121728,7,SRKW,0,0,0,0.007722008,0.031853282,0.000965251,0.000965251,0.002895753,0,0.001930502,0.012548263,0.043436293,0.008687259,0.003861004,0.002895753,0.015444015,0.035714286,0.000965251,0,0,0.007722008,0.018339768,0.006756757,0.032818533,0.010617761,0.021235521,0.006756757,0.003861004,0.007722008,0.032818533,0.00965251,0.016409266,0.021235521,0.016409266,0.005791506,0.007722008,0.028957529,0.004826255,0.005791506,0.010617761,0.019305019,0.004826255,0.008687259,0.000965251,0,0,0.004826255,0.002895753,0.004826255,0.007722008,0,0,0,0,0,0,0,0,0,0,0,0,0,0,0,0,0,0,0,0,0,0,0,0,0,0,0,0,0,0,0,0,0,0,0,0,0,0,0,0
76,C:/Users/TristanKleyn/Downloads/ecotypeClassification/binary/Binaries_20240913/10MIN/WINDOWS_20240913.csv,09:31.5,1.437696,7,SRKW,0,0,0.001424501,0.012820513,0.062678063,0.007122507,0.024216524,0.017094017,0.011396011,0.001424501,0.015669516,0.032763533,0.005698006,0.011396011,0.011396011,0.022792023,0.027065527,0.015669516,0.027065527,0.024216524,0.007122507,0,0.002849003,0.011396011,0.00997151,0.024216524,0.014245014,0.004273504,0.004273504,0.004273504,0.00997151,0.017094017,0.02991453,0.018518519,0.007122507,0.002849003,0,0,0,0,0,0,0,0,0,0,0,0,0,0,0,0,0,0,0,0,0,0,0,0,0,0,0,0,0,0,0,0,0,0,0,0,0,0,0,0,0,0,0,0,0,0,0,0,0,0,0,0,0,0
77,C:/Users/TristanKleyn/Downloads/ecotypeClassification/binary/Binaries_20240913/10MIN/WINDOWS_20240913.csv,09:35.5,1.703936,7,SRKW,0,0.001201923,0.003605769,0.002403846,0.049278846,0.001201923,0.008413462,0,0,0,0.022836538,0.045673077,0.008413462,0,0,0.006009615,0.044471154,0.030048077,0.022836538,0,0,0.002403846,0.004807692,0.004807692,0.010817308,0.025240385,0.012019231,0.002403846,0.006009615,0.033653846,0.002403846,0.012019231,0.045673077,0.032451923,0.006009615,0,0,0,0,0.028846154,0.013221154,0.004807692,0.003605769,0.002403846,0,0,0,0,0,0,0,0,0,0,0,0,0,0,0,0,0,0,0,0,0,0,0,0,0,0,0,0,0,0,0,0,0,0,0,0,0,0,0,0,0,0,0,0,0,0
78,C:/Users/TristanKleyn/Downloads/ecotypeClassification/binary/Binaries_20240913/10MIN/WINDOWS_20240913.csv,09:39.5,1.101824,7,SRKW,0,0,0,0,0,0,0,0,0,0.016728625,0.026022305,0,0,0,0,0,0.003717472,0.044609665,0.048327138,0.033457249,0.005576208,0,0,0,0.016728625,0.050185874,0.003717472,0,0,0,0.001858736,0.024163569,0.057620818,0.003717472,0.001858736,0.001858736,0.001858736,0.016728625,0.018587361,0.050185874,0.005576208,0,0,0,0,0.001858736,0.053903346,0.011152416,0,0,0,0,0,0,0,0,0,0,0,0,0,0,0,0,0,0,0,0,0,0,0,0,0,0,0,0,0,0,0,0,0,0,0,0,0,0,0,0,0,0
79,C:/Users/TristanKleyn/Downloads/ecotypeClassification/binary/Binaries_20240913/10MIN/WINDOWS_20240913.csv,10:19.5,3.33824,7,SRKW,0,0,0.000613497,0.030674847,0.047239264,0.001840491,0,0.007361963,0.001226994,0.006748466,0.034969325,0.034355828,0.007361963,0,0.001226994,0.004294479,0.009815951,0.017177914,0.019018405,0,0.003067485,0.001840491,0.011042945,0.009202454,0.006748466,0.020245399,0.009815951,0.001840491,0.001840491,0.004907975,0.014723926,0.025766871,0.019018405,0.014723926,0.00797546,0.001840491,0.002453988,0.001840491,0.009815951,0.004907975,0.001226994,0,0.001226994,0.003067485,0.009202454,0.004294479,0.009815951,0.005521472,0.001840491,0.003680982,0,0,0.003067485,0.007361963,0.009815951,0.011042945,0.003680982,0.004907975,0.003067485,0.004294479,0.006134969,0.003680982,0.005521472,0,0,0,0,0,0,0,0,0,0,0,0,0,0,0,0,0,0,0,0,0,0,0,0,0,0,0
80,C:/Users/TristanKleyn/Downloads/ecotypeClassification/binary/Binaries_20240913/10MIN/WINDOWS_20240913.csv,10:23.5,5.234688,7,SRKW,0,0,0.000782473,0.017214397,0.017214397,0.001173709,0.005868545,0.001564945,0.005086072,0.004694836,0.010954617,0.012519562,0.005086072,0.002738654,0.002347418,0.008998435,0.015649452,0.027777778,0.016823161,0.004694836,0.002347418,0.004303599,0.016431925,0.015649452,0.015649452,0.007042254,0.006259781,0.000782473,0,0.000391236,0.011737089,0.015258216,0.010172144,0.013302034,0.004303599,0.000782473,0.003521127,0.016040689,0.023865415,0.01486698,0.011345853,0.005477308,0.005086072,0.00312989,0.017214397,0.014475743,0.012128326,0.008607199,0.004303599,0.004303599,0.000391236,0.002738654,0.008998435,0.008607199,0.005868545,0.008998435,0.002347418,0.001173709,0.000391236,0.003521127,0.00743349,0.004303599,0.004303599,0.001173709,0.000391236,0.001173709,0,0,0,0,0,0,0,0,0,0,0,0,0,0,0.001956182,0.001173709,0.001956182,0.00312989,0,0,0,0,0,0
81,C:/Users/TristanKleyn/Downloads/ecotypeClassification/binary/Binaries_20240913/10MIN/WINDOWS_20240913.csv,10:27.5,3.878912,7,SRKW,0.002639916,0,0.000527983,0.020063358,0.009503696,0.001055966,0,0.001583949,0.003695882,0.022703273,0.020063358,0.020063358,0.005279831,0.002111932,0.000527983,0.012671595,0.041182682,0.017423442,0.007919747,0.000527983,0.004223865,0.005807814,0.031678986,0.015839493,0.014255544,0.011087645,0.002639916,0.000527983,0.00686378,0.022703273,0.011615628,0.00686378,0.004751848,0.002639916,0.002111932,0.016895459,0.021647307,0.012143611,0.004223865,0.005807814,0.004223865,0.006335797,0.012671595,0.014255544,0.010559662,0.004223865,0.004223865,0.003695882,0.010031679,0.002639916,0.004223865,0.007391763,0.002639916,0.003167899,0.003695882,0.001583949,0,0,0,0.002639916,0.003167899,0.002639916,0.002111932,0,0,0,0,0,0,0,0,0,0,0,0,0,0,0,0,0,0,0,0,0,0,0,0,0,0,0
82,C:/Users/TristanKleyn/Downloads/ecotypeClassification/binary/Binaries_20240913/10MIN/WINDOWS_20240913.csv,10:31.5,5.292032,7,SRKW,0.000386997,0.001547988,0.001934985,0.026315789,0.014705882,0.004643963,0.001160991,0.000386997,0,0.001934985,0.023606811,0.004643963,0.000386997,0,0,0.004643963,0.006965944,0.029798762,0.016640867,0.003869969,0.001934985,0.008126935,0.003482972,0.017414861,0.018575851,0.008126935,0.008126935,0.001934985,0.001934985,0.001547988,0.015479876,0.01625387,0.011609907,0.010835913,0.001934985,0.001934985,0.00503096,0.018575851,0.015479876,0.013544892,0.009287926,0.002708978,0.001160991,0.001547988,0.01006192,0.008126935,0.003869969,0.011609907,0.003869969,0.004256966,0.002321981,0.012383901,0.007739938,0.010835913,0.00619195,0.007352941,0.003095975,0.007739938,0.014705882,0.007739938,0.011996904,0.007352941,0.005804954,0.001160991,0,0.001160991,0.001160991,0,0.001547988,0.003095975,0.000386997,0.000386997,0.000386997,0.000386997,0.000386997,0,0.000386997,0.001547988,0.000773994,0,0,0,0,0,0,0,0,0,0,0
83,C:/Users/TristanKleyn/Downloads/ecotypeClassification/binary/Binaries_20240913/10MIN/WINDOWS_20240913.csv,10:35.5,1.4336,7,SRKW,0,0,0,0.03,0.005714286,0,0,0,0,0,0.014285714,0.02,0,0,0,0,0.005714286,0.044285714,0.03,0.007142857,0.004285714,0.014285714,0.03,0.001428571,0.028571429,0.015714286,0.014285714,0,0,0,0.005714286,0.034285714,0.014285714,0.012857143,0.001428571,0.004285714,0,0.021428571,0.02,0.014285714,0.014285714,0.005714286,0.005714286,0.005714286,0.022857143,0.018571429,0.012857143,0.011428571,0.002857143,0.004285714,0.001428571,0,0,0,0,0,0,0,0,0,0,0,0,0,0,0,0,0,0,0,0,0,0,0,0,0,0,0,0,0,0,0,0,0,0,0,0,0,0,0
84,C:/Users/TristanKleyn/Downloads/ecotypeClassification/binary/Binaries_20240915/10MIN/WINDOWS_20240915.csv,15:22.8,12.419072,8,SRKW,0.000164908,0.005441953,0.010389182,0.018799472,0.01121372,0.003792876,0.017974934,0.011873351,0.006266491,0.002968338,0.007255937,0.008575198,0.010389182,0.017315303,0.007585752,0.013192612,0.016655673,0.017974934,0.009894459,0.003957784,0.01616095,0.005112137,0.031167546,0.01055409,0.017645119,0.028199208,0.015501319,0.01121372,0.003627968,0.001319261,0.001154354,0.008905013,0.01055409,0.004287599,0.000989446,0.001484169,0.003298153,0.006761214,0.005277045,0.002638522,0.001319261,0.000989446,0.000164908,0.001319261,0.004122691,0.009894459,0.003792876,0.001319261,0.000824538,0.000329815,0.001813984,0.006101583,0.008245383,0.003463061,0.009069921,0.011873351,0.01121372,0.007420844,0.012697889,0.00494723,0.010224274,0.001319261,0,0,0,0,0,0,0,0,0,0,0,0,0,0,0,0,0,0,0,0,0,0,0,0,0,0,0,0
85,C:/Users/TristanKleyn/Downloads/ecotypeClassification/binary/Binaries_20240915/10MIN/WINDOWS_20240915.csv,15:26.8,8.855552,8,SRKW,0.002312673,0.004856614,0.000925069,0.017807586,0.011563367,0.004162812,0.005319149,0.009713228,0.012025902,0.009713228,0.0113321,0.016882516,0.005550416,0.013644773,0.009019426,0.018501388,0.009713228,0.013644773,0.019657724,0.004625347,0.006706753,0.018963922,0.037002775,0.023358002,0.011563367,0.025670675,0.00786309,0.018038853,0.00786309,0.00346901,0.000693802,0.000462535,0,0,0.000231267,0,0.001850139,0.007631822,0.004625347,0.002081406,0.016188714,0.011100833,0.00439408,0.007400555,0.002543941,0.000925069,0.001156337,0.003700278,0,0,0.000693802,0.000925069,0.004162812,0.009250694,0.007169288,0.011563367,0.005550416,0.00346901,0.002081406,0.013644773,0.002312673,0.002543941,0.001850139,0.000693802,0,0,0,0,0,0,0,0,0,0,0,0,0,0,0.000462535,0.004625347,0.002081406,0.000231267,0,0,0,0,0,0,0,0.000231267
86,C:/Users/TristanKleyn/Downloads/ecotypeClassification/binary/Binaries_20240915/10MIN/WINDOWS_20240915.csv,15:30.8,11.4688,8,SRKW,0.002678571,0.006785714,0.004107143,0.02625,0.011071429,0.006607143,0.009107143,0.022142857,0.012142857,0.010714286,0.013035714,0.006607143,0.016607143,0.00625,0.0025,0.006071429,0.019642857,0.017678571,0.02125,0.009821429,0.007857143,0.010892857,0.022857143,0.016785714,0.032142857,0.015178571,0.004642857,0.008928571,0.002142857,0.005535714,0.000178571,0,0,0.000178571,0.005178571,0.006607143,0.000178571,0,0.001428571,0.004642857,0.006428571,0.008035714,0.007321429,0.00875,0.005357143,0.012321429,0.001964286,0,0,0.000178571,0.000178571,0.003571429,0.005535714,0.00625,0.007142857,0.005892857,0.006428571,0.00625,0.010178571,0.004821429,0.003035714,0.003035714,0.000357143,0,0,0,0.000178571,0.000535714,0.000535714,0.003214286,0.001785714,0.000357143,0.000178571,0.002321429,0.00125,0.000178571,0,0,0,0,0,0,0,0,0,0,0,0,0,0
87,C:/Users/TristanKleyn/Downloads/ecotypeClassification/binary/Binaries_20240915/10MIN/WINDOWS_20240915.csv,15:34.8,10.747904,8,SRKW,0.001714939,0.007431402,0.002667683,0.017530488,0.018292683,0.011432927,0.008955793,0.006669207,0.003239329,0.001714939,0.006859756,0.008574695,0.011051829,0.013719512,0.016006098,0.005907012,0.010099085,0.015434451,0.010670732,0.003239329,0.005907012,0.02038872,0.029153963,0.016387195,0.015243902,0.01867378,0.004192073,0.00304878,0.005525915,0.010099085,0.005335366,0.005525915,0.011623476,0.001333841,0,0.003810976,0.005907012,0.005525915,0.01410061,0.003810976,0.008574695,0.01257622,0.009908537,0.003620427,0.004573171,0.000952744,0.000571646,0.000381098,0.00152439,0.001143293,0.001714939,0.00152439,0.007240854,0.00628811,0.01257622,0.009908537,0.002667683,0.001905488,0.006097561,0.008765244,0.003239329,0.009717988,0.002477134,0,0,0,0,0.004001524,0.00152439,0,0,0,0,0.000190549,0.00152439,0.001714939,0.000381098,0,0,0,0,0,0,0,0.000381098,0.000762195,0.000952744,0.001905488,0.000571646,0.001333841
88,C:/Users/TristanKleyn/Downloads/ecotypeClassification/binary/Binaries_20240915/10MIN/WINDOWS_20240915.csv,15:38.8,5.505024,8,SRKW,0.002232143,0.005208333,0.004464286,0.014508929,0.014508929,0.006696429,0.011160714,0.01078869,0.001488095,0.003348214,0.006324405,0.020833333,0.009672619,0.006324405,0.011160714,0.010416667,0.017857143,0.001860119,0.00297619,0.001116071,0.005952381,0.029761905,0.061383929,0.004464286,0.026041667,0.006696429,0.002232143,0.001488095,0.004092262,0.007440476,0.004464286,0.008184524,0.001116071,0.008184524,0.008556548,0.01078869,0.006696429,0.010416667,0.004092262,0.005580357,0.00483631,0.001488095,0.005952381,0.005208333,0.001488095,0.002232143,0.002232143,0,0.001488095,0.005580357,0.003720238,0.004092262,0.004464286,0.013020833,0.015625,0.012276786,0.00483631,0.000744048,0.009672619,0.011532738,0.000744048,0,0,0,0,0,0,0,0,0,0,0,0,0,0,0,0,0,0.001488095,0.003720238,0.00297619,0,0,0,0,0,0,0,0,0
89,C:/Users/TristanKleyn/Downloads/ecotypeClassification/binary/Binaries_20240915/10MIN/WINDOWS_20240915.csv,15:42.8,9.273344,8,SRKW,0.002650177,0.009275618,0.012809187,0.012588339,0.017667845,0.00684629,0.003091873,0.025618375,0.007508834,0.005300353,0.012809187,0.018109541,0.010600707,0.003312721,0.003975265,0.004858657,0.005079505,0.006625442,0.000441696,0.001545936,0.007508834,0.024072438,0.032464664,0.011704947,0.009275618,0.027606007,0.013030035,0.013250883,0.010600707,0.009717314,0.009496466,0.005079505,0.013913428,0.001766784,0.008392226,0.014355124,0.006625442,0.004416961,0.001325088,0.000883392,0.004637809,0.011484099,0.003975265,0.011042403,0.001545936,0.002208481,0.002208481,0.002208481,0,0,0,0.000220848,0.001766784,0.012367491,0.008392226,0.004637809,0.001325088,0.005962898,0.002650177,0.002429329,0.008613074,0,0,0,0,0,0,0.003312721,0.000883392,0.000441696,0,0,0,0,0.002871025,0.001545936,0,0,0,0.000441696,0.006183746,0.000441696,0,0,0,0,0,0,0,0
90,C:/Users/TristanKleyn/Downloads/ecotypeClassification/binary/Binaries_20240915/10MIN/WINDOWS_20240915.csv,16:22.8,7.483392,8,SRKW,0.008210181,0.0030104,0.006294472,0.01833607,0.017241379,0.010399562,0.010125889,0.005747126,0.007389163,0.009852217,0.012041598,0.00410509,0.002463054,0.015599343,0.009031199,0.01833607,0.005473454,0.01833607,0.01122058,0.007662835,0.008483853,0.028735632,0.025177887,0.018609743,0.007936508,0.00410509,0.006294472,0.0030104,0.011767926,0.011767926,0.006294472,0.01122058,0.01122058,0.0030104,0,0.000821018,0.008757526,0.007936508,0.013683634,0.00410509,0.006294472,0.007389163,0.006294472,0.004926108,0.002463054,0.000273673,0.001368363,0.005747126,0.002189381,0.000547345,0.000547345,0.000821018,0.007936508,0.005199781,0.010946907,0.022714833,0.015599343,0.002463054,0,0.000547345,0.000821018,0.000821018,0.000273673,0,0,0,0,0,0,0,0,0,0,0,0,0,0,0,0,0,0,0,0,0,0,0,0,0,0,0
91,C:/Users/TristanKleyn/Downloads/ecotypeClassification/binary/Binaries_20240915/10MIN/WINDOWS_20240915.csv,16:26.8,6.9632,8,SRKW,0.000882353,0.002058824,0.014411765,0.002352941,0.016470588,0.008235294,0.008529412,0.013823529,0.022941176,0.018235294,0.014411765,0.014411765,0.012058824,0.01,0.013529412,0.008235294,0.006470588,0.008529412,0.007352941,0.002352941,0.002352941,0.008235294,0.053235294,0.009411765,0.005294118,0.018529412,0.026470588,0.007647059,0.015882353,0.007352941,0.004117647,0.012352941,0.006470588,0.001176471,0,0.001764706,0.001764706,0.002941176,0.001176471,0.002941176,0.015588235,0.007941176,0.002352941,0.001176471,0.000882353,0.003823529,0.003235294,0.007352941,0.000882353,0,0,0.003235294,0.002647059,0.005,0.010588235,0.019117647,0.010882353,0.002647059,0,0,0,0,0,0,0,0,0,0,0,0,0,0.000588235,0.006470588,0.001176471,0,0,0,0,0,0,0,0,0,0,0,0,0,0,0,0
92,C:/Users/TristanKleyn/Downloads/ecotypeClassification/binary/Binaries_20240915/10MIN/WINDOWS_20240915.csv,16:30.8,9.064448,8,SRKW,0,0.000225938,0.001807501,0.014234071,0.003163127,0.000451875,0.001129688,0.006326254,0.00384094,0.002937189,0.01152282,0.009941256,0.006552192,0,0.006326254,0.009489381,0.014685947,0.01242657,0.007230005,0.009489381,0.011974695,0.016945323,0.032309083,0.009715319,0.009715319,0.020560325,0.023271577,0.012878446,0.01626751,0.012200633,0.009941256,0.002259376,0.002485314,0.006552192,0.004518753,0.000451875,0.007004067,0.016945323,0.001355626,0.000903751,0.001807501,0.003389065,0.008811568,0.009037506,0.017397198,0.005196566,0.000677813,0,0,0,0.000677813,0.003163127,0.005874379,0.008359693,0.016945323,0.014234071,0.007004067,0.001355626,0.000225938,0.000225938,0.001355626,0.005196566,0.001807501,0.000903751,0.001355626,0.00474469,0.006326254,0.002937189,0.001581563,0.005648441,0.000225938,0.002259376,0.002259376,0.002711252,0,0,0,0,0,0,0,0,0,0,0.001129688,0.005648441,0.004292815,0.00384094,0.001355626,0
93,C:/Users/TristanKleyn/Downloads/ecotypeClassification/binary/Binaries_20240915/10MIN/WINDOWS_20240915.csv,16:34.8,5.660672,8,SRKW,0.004341534,0.002532562,0.000361795,0.00723589,0.016280753,0.005426918,0.016280753,0.006150507,0.027134588,0.011939219,0.019175109,0.030028944,0.004703329,0.013748191,0.030028944,0.014109986,0.000361795,0.008683068,0.010853835,0.009768452,0.014109986,0.020622287,0.039797395,0.01121563,0.008321274,0.003256151,0.014833575,0.02170767,0.016642547,0.004703329,0.002894356,0.006150507,0.000361795,0.000361795,0,0,0.000723589,0.012662808,0,0,0,0,0.000361795,0.002894356,0.013748191,0.013386397,0.015557164,0.005426918,0.003256151,0.001085384,0.000723589,0.001808973,0.002170767,0.003617945,0.000361795,0.010853835,0,0,0,0,0,0,0,0,0,0.005788712,0.001085384,0.000361795,0,0,0,0,0,0,0,0,0,0,0,0,0,0,0,0,0,0,0,0,0,0
94,C:/Users/TristanKleyn/Downloads/ecotypeClassification/binary/Binaries_20240915/10MIN/WINDOWS_20240915.csv,16:38.8,2.342912,8,SRKW,0.008741259,0,0.002622378,0.012237762,0.005244755,0.006118881,0.008741259,0.022727273,0.038461538,0.013111888,0.008741259,0,0,0,0,0.006993007,0.016608392,0.022727273,0.01486014,0.009615385,0.012237762,0.007867133,0.028846154,0.006993007,0.041958042,0.017482517,0.020104895,0.012237762,0.020104895,0.012237762,0.006118881,0.027972028,0,0,0,0,0,0,0,0,0,0,0,0.008741259,0.015734266,0.000874126,0,0,0,0.000874126,0.011363636,0.012237762,0.012237762,0,0.000874126,0.002622378,0.005244755,0.004370629,0.006118881,0.006993007,0,0,0,0,0,0,0,0,0,0,0,0,0,0,0,0,0,0,0,0,0,0,0,0,0,0,0,0,0,0
95,C:/Users/TristanKleyn/Downloads/ecotypeClassification/binary/Binaries_20240915/10MIN/WINDOWS_20240915.csv,16:42.8,9.035776,8,SRKW,0.000453309,0.002719855,0.001133273,0.003853128,0.010652765,0.009519492,0.010652765,0.015412511,0.016772439,0.001813237,0.005893019,0.02130553,0.003173164,0.009519492,0.018132366,0.021078876,0.011559383,0.005893019,0.02674524,0.005666364,0.012239347,0.02674524,0.02969175,0.016545784,0.011559383,0.008839529,0.008159565,0.004306437,0.011559383,0.007026292,0.003853128,0.008386219,0.010652765,0.001813237,0.000226655,0,0,0.001586582,0.00543971,0.002719855,0.001133273,0.001813237,0.006572983,0.007706256,0.011106074,0.005213055,0.006799637,0.002719855,0.0024932,0.000679964,0.001813237,0.005213055,0.00793291,0.009746147,0.009972801,0.012012693,0.009066183,0.006346328,0.000679964,0,0,0,0,0,0,0.002266546,0.002039891,0.000906618,0,0,0,0,0,0,0,0,0,0,0.000679964,0.000679964,0.003626473,0.000226655,0.000226655,0.001359927,0.001359927,0.002039891,0.000226655,0.002039891,0,0
96,C:/Users/TristanKleyn/Downloads/ecotypeClassification/binary/Binaries_20240915/10MIN/WINDOWS_20240915.csv,17:22.8,4.3008,8,SRKW,0,0,0.015714286,0.008571429,0.028571429,0.011428571,0.024285714,0.006666667,0.00952381,0.000952381,0.012857143,0.031904762,0.006190476,0.007142857,0.02952381,0.001904762,0.008095238,0.04,0.017619048,0.01,0.017142857,0.008571429,0.015714286,0.00952381,0.017619048,0.008571429,0.005238095,0.002380952,0.003333333,0.006190476,0.024285714,0.011904762,0.006666667,0.00047619,0,0.001428571,0.008095238,0.013333333,0.007619048,0.006190476,0,0,0,0,0.004285714,0.014285714,0.014285714,0.000952381,0,0,0,0,0,0,0,0,0,0,0.000952381,0.005714286,0.002857143,0,0,0,0,0,0,0,0,0,0,0.007142857,0.001428571,0.002857143,0,0,0,0,0,0,0,0,0,0,0,0,0,0,0,0
97,C:/Users/TristanKleyn/Downloads/ecotypeClassification/binary/Binaries_20240915/10MIN/WINDOWS_20240915.csv,17:26.8,5.996544,8,SRKW,0.00034153,0.00102459,0,0.006147541,0.00273224,0.00068306,0.009904372,0.027322404,0.019125683,0.012295082,0.011270492,0.00170765,0.005464481,0.013661202,0.022199454,0.032786885,0.017418033,0.026297814,0.019125683,0.007513661,0.015710383,0.005464481,0.008879781,0.018784153,0.021857923,0.013661202,0.021174863,0.010587432,0,0.004781421,0.004439891,0.003756831,0.018101093,0.011953552,0,0.00273224,0.004439891,0.008538251,0.005122951,0.00068306,0.00204918,0.004098361,0.020150273,0.006147541,0.012978142,0.004781421,0.00239071,0.003415301,0.00068306,0.00170765,0.00239071,0.004098361,0.006147541,0.00170765,0,0,0,0,0.00273224,0.00102459,0.00102459,0.00068306,0.00102459,0.00034153,0.00068306,0.00136612,0,0,0,0,0,0,0,0,0,0,0,0,0,0,0,0,0,0,0,0,0,0,0,0.00068306
98,C:/Users/TristanKleyn/Downloads/ecotypeClassification/binary/Binaries_20240915/10MIN/WINDOWS_20240915.csv,17:30.8,8.351744,8,SRKW,0.002206964,0.001226091,0.007111329,0.008582639,0.003187837,0.006375674,0.006620893,0.013732222,0.017655714,0.006375674,0.007356547,0.009073075,0.004413928,0.007356547,0.012015694,0.024521824,0.017410495,0.019127023,0.019127023,0.007111329,0.006620893,0.019127023,0.021333987,0.016184404,0.01250613,0.00980873,0.00564002,0.010299166,0.016920059,0.011525257,0.002697401,0.001226091,0.00833742,0.008582639,0.010053948,0.001471309,0.007111329,0,0.000735655,0.004659147,0.009318293,0.010299166,0.010053948,0.006130456,0.008582639,0.006620893,0.000245218,0,0,0.000245218,0.00416871,0.004413928,0.007111329,0.003187837,0.005885238,0.00833742,0.004413928,0.000245218,0.001226091,0.001961746,0,0,0,0,0,0.001226091,0.000245218,0.002697401,0.000245218,0.004904365,0.001716528,0.004659147,0,0,0,0,0,0,0,0,0,0,0.000490436,0.004904365,0.002697401,0.002452182,0.002942619,0.001226091,0.000980873,0.000735655
99,C:/Users/TristanKleyn/Downloads/ecotypeClassification/binary/Binaries_20240915/10MIN/WINDOWS_20240915.csv,17:34.8,6.402048,8,SRKW,0.000639795,0.000639795,0.000639795,0.022072937,0.001919386,0.007677543,0.004798464,0.004158669,0.032949456,0.009277031,0.002559181,0.014715291,0.008637236,0.026231606,0.011516315,0.004798464,0.024632118,0.020473448,0.00671785,0.007357646,0.007997441,0.011196417,0.012476008,0.007677543,0.011516315,0.023352527,0.021113244,0.010236724,0.014715291,0.007677543,0.01215611,0.001599488,0.003198976,0.003518874,0.006078055,0.012795905,0.000639795,0.008957134,0.003838772,0.011836212,0.013435701,0.00671785,0.006078055,0.007677543,0.019193858,0.00671785,0.002559181,0.01087652,0.002559181,0.004478567,0.001919386,0.004798464,0,0,0,0,0,0,0,0,0.001279591,0.004158669,0.002559181,0,0,0,0,0,0,0,0,0,0,0,0,0,0,0,0,0,0,0,0,0,0,0,0,0,0,0
100,C:/Users/TristanKleyn/Downloads/ecotypeClassification/binary/Binaries_20240915/10MIN/WINDOWS_20240915.csv,17:38.8,6.467584,8,SRKW,0,0.001899937,0.002849905,0.009183027,0.006649778,0.01709943,0.004433186,0.023749208,0.012666244,0.000949968,0.001583281,0.025965801,0.013932869,0.025015833,0.012349588,0.021215959,0.007283091,0.006333122,0.001899937,0.010449652,0.007599747,0.013616213,0.027865738,0.010449652,0.009816339,0.003483217,0.021849272,0.003799873,0.009499683,0.01709943,0.000316656,0.000949968,0.001266624,0.004116529,0.006333122,0.010766308,0.010766308,0.006966434,0.003799873,0.018366054,0.009183027,0.009499683,0.000316656,0.001583281,0.022482584,0.009183027,0.002533249,0.001899937,0.000316656,0.000949968,0,0.001266624,0,0,0.008233059,0.00569981,0.000316656,0,0.009183027,0,0,0.000633312,0,0.002533249,0.003166561,0.001266624,0,0,0,0,0,0,0,0,0,0,0,0,0,0,0,0,0.000949968,0.004749842,0.002849905,0.000949968,0.000949968,0,0.002216593,0.002849905
101,C:/Users/TristanKleyn/Downloads/ecotypeClassification/binary/Binaries_20240915/10MIN/WINDOWS_20240915.csv,17:42.8,5.996544,8,SRKW,0,0,0.00136612,0.016734973,0.00068306,0.009562842,0,0.012978142,0.023224044,0.003756831,0.007855191,0.020150273,0.015710383,0.014344262,0.006147541,0.011612022,0.012636612,0.019808743,0.019125683,0.004098361,0.010587432,0.003756831,0.028688525,0.003415301,0.00239071,0.010928962,0.021516393,0.026297814,0.008879781,0.003415301,0.00136612,0.00102459,0.00273224,0.00307377,0.011612022,0.009562842,0,0,0.009904372,0.006830601,0.00204918,0.00102459,0.00307377,0.004439891,0.019808743,0.010587432,0.009904372,0.017418033,0.00102459,0.00307377,0.012295082,0.00273224,0,0,0,0,0,0,0,0,0,0,0,0,0.013319672,0.008879781,0.00068306,0,0,0,0,0,0,0,0,0.006830601,0.00034153,0,0,0,0,0,0,0,0,0.00136612,0.009562842,0.00239071,0.00273224,0.00068306
102,C:/Users/TristanKleyn/Downloads/ecotypeClassification/binary/Binaries_20240915/10MIN/WINDOWS_20240915.csv,18:22.8,1.1264,8,SRKW,0,0.001818182,0.034545455,0.003636364,0.009090909,0.029090909,0.012727273,0.005454545,0,0.003636364,0.009090909,0.030909091,0.009090909,0.001818182,0,0,0.005454545,0.030909091,0,0.003636364,0.010909091,0.056363636,0.010909091,0.029090909,0.029090909,0.005454545,0.005454545,0.003636364,0.007272727,0,0,0,0,0,0,0,0,0,0,0,0.018181818,0.027272727,0.005454545,0,0,0,0,0,0,0,0.007272727,0.010909091,0.014545455,0.065454545,0.001818182,0,0,0,0,0,0,0,0,0,0,0,0,0,0,0,0,0,0,0,0,0,0,0,0,0,0,0,0,0,0,0,0,0,0,0
103,C:/Users/TristanKleyn/Downloads/ecotypeClassification/binary/Binaries_20240915/10MIN/WINDOWS_20240915.csv,18:26.8,5.210112,8,SRKW,0,0.002358491,0.011399371,0.000786164,0.007861635,0.004323899,0.014544025,0.012578616,0.02240566,0.003930818,0.003930818,0.009040881,0.001965409,0.014150943,0.007075472,0.010613208,0.021619497,0.028694969,0.014937107,0.007075472,0.011006289,0.02240566,0.025550314,0.009433962,0.016116352,0.000393082,0.013757862,0.005503145,0.017688679,0.005503145,0.001179245,0.000786164,0.000786164,0.000786164,0.003144654,0.007075472,0,0,0.001572327,0.001179245,0.014544025,0.008254717,0.009040881,0.001179245,0.011792453,0.005110063,0.005110063,0.007861635,0.00668239,0,0,0.003537736,0.004323899,0.023584906,0.003537736,0.014937107,0,0,0,0,0,0.000393082,0.006289308,0.002358491,0.001572327,0,0,0,0,0,0,0,0,0,0,0,0,0,0,0,0,0,0,0.000786164,0.008647799,0.01572327,0.001572327,0,0,0
104,C:/Users/TristanKleyn/Downloads/ecotypeClassification/binary/Binaries_20240915/10MIN/WINDOWS_20240915.csv,18:30.8,7.606272,8,SRKW,0.003500269,0.002154012,0.007539041,0.022347873,0.00726979,0.021270867,0.004577275,0.010500808,0.019116855,0.003500269,0.00726979,0.017232095,0.008885299,0.016155089,0.012385568,0.014270328,0.014808831,0.014808831,0.010500808,0.004038772,0.00538503,0.01265482,0.042272482,0.01642434,0.010500808,0.007539041,0.005654281,0.013731826,0.00188476,0.008077544,0.00188476,0.003500269,0.001615509,0.008885299,0.002692515,0.002423263,0.009962305,0.00188476,0.000807754,0.001077006,0.011308562,0.003769521,0.003769521,0.003231018,0.00188476,0.002423263,0.003231018,0.015078083,0,0.000269251,0.001077006,0.002154012,0.005654281,0.019655358,0.008885299,0.021540118,0.001346257,0,0.001077006,0,0,0,0,0,0,0,0,0.001346257,0.002692515,0.001615509,0.000269251,0,0,0,0.000807754,0.00188476,0.004038772,0,0,0,0,0,0,0,0,0,0,0,0,0
105,C:/Users/TristanKleyn/Downloads/ecotypeClassification/binary/Binaries_20240915/10MIN/WINDOWS_20240915.csv,18:34.8,9.621504,8,SRKW,0.004257131,0.003405705,0.017667092,0.00617284,0.010855683,0.008301405,0.021072797,0.002767135,0.014687101,0.004682844,0.001702852,0.011494253,0.010855683,0.007024266,0.005747126,0.013197105,0.015112814,0.014474244,0.003405705,0.003405705,0.002554278,0.011281396,0.047679864,0.003831418,0.003192848,0.002767135,0.007875692,0.003192848,0.007449979,0.007237122,0.010855683,0.004044274,0.009578544,0.004469987,0.00063857,0.006811409,0.005108557,0.002979991,0.005747126,0.004682844,0.007449979,0.005108557,0.011494253,0.013409962,0.0048957,0.001915709,0.000425713,0.01042997,0.001489996,0.000212857,0,0.0048957,0.003405705,0.008088548,0.013835675,0.024052788,0.000851426,0.000851426,0.00063857,0,0.002341422,0.002767135,0.007024266,0.005747126,0.002341422,0.007875692,0.002767135,0.003831418,0.000212857,0.008514261,0.004044274,0.002341422,0.000425713,0.000425713,0.002128565,0.000212857,0.000425713,0.000851426,0,0,0,0,0,0,0,0,0,0,0,0
106,C:/Users/TristanKleyn/Downloads/ecotypeClassification/binary/Binaries_20240915/10MIN/WINDOWS_20240915.csv,18:38.8,6.61504,8,SRKW,0.00495356,0.008359133,0.013931889,0.008359133,0.011764706,0.013312693,0.005572755,0.008049536,0.035913313,0.007430341,0.005572755,0.020743034,0.011145511,0.007120743,0.005263158,0.004334365,0.020743034,0.009907121,0.013622291,0.004024768,0.009287926,0.019814241,0.06749226,0.008049536,0.005263158,0.009597523,0.019504644,0.009597523,0.005572755,0.00247678,0.003095975,0.001857585,0,0.000619195,0.013312693,0,0.000619195,0,0,0,0.004334365,0.007739938,0.004334365,0.013312693,0.001857585,0,0,0,0,0.000309598,0.000928793,0.000928793,0.002786378,0.008049536,0.015789474,0.009907121,0.00123839,0.000309598,0,0,0,0.000928793,0.004334365,0.000619195,0.000928793,0.001547988,0.003405573,0.00247678,0.00123839,0.009287926,0,0,0,0,0,0,0,0,0,0,0,0,0,0,0,0.000928793,0.00619195,0,0,0
107,C:/Users/TristanKleyn/Downloads/ecotypeClassification/binary/Binaries_20240915/10MIN/WINDOWS_20240915.csv,18:42.8,6.008832,8,SRKW,0.004771643,0.004430811,0.002385821,0.014314928,0.017382413,0.004771643,0.004430811,0.005794138,0.027607362,0.010224949,0.01261077,0.020109066,0.006475801,0.004430811,0.003408316,0.008861622,0.014314928,0.022154056,0.008861622,0.014314928,0.006134969,0.011588275,0.040899796,0.010565781,0.012951602,0.010906612,0.026925699,0.003749148,0.014314928,0.005112474,0.002726653,0.009202454,0.002385821,0.009543286,0.006134969,0.007157464,0.000340832,0.00408998,0.005112474,0.00408998,0.006816633,0.007498296,0.003749148,0.000340832,0.010565781,0.000340832,0,0,0.000340832,0.000340832,0,0.001022495,0.001022495,0.007157464,0.004771643,0.015337423,0.001363327,0.001363327,0.00204499,0.003408316,0.001363327,0.002726653,0.005453306,0,0.001363327,0.008179959,0,0,0,0,0,0,0,0,0,0,0,0,0,0,0,0,0,0,0,0,0,0.004430811,0.003408316,0
108,C:/Users/TristanKleyn/Downloads/ecotypeClassification/binary/Binaries_20240915/10MIN/WINDOWS_20240915.csv,18:46.8,4.153344,8,SRKW,0,0,0,0.020216963,0.010848126,0.012820513,0.000986193,0.012820513,0.024654832,0.022189349,0.01183432,0.026627219,0.025641026,0.000493097,0.000986193,0.027613412,0.006410256,0.00739645,0.01035503,0.009368836,0.01035503,0.002465483,0.00739645,0.003451677,0.000493097,0.016765286,0.021203156,0.024161736,0.006410256,0.020216963,0.020710059,0.003451677,0.00295858,0.016272189,0.00591716,0.00443787,0.003451677,0.006903353,0.003451677,0.000986193,0,0.000493097,0.006410256,0.014792899,0.00147929,0.004930966,0.009368836,0.003944773,0,0.001972387,0,0,0,0,0,0,0,0,0,0,0,0,0,0,0,0.008382643,0.001972387,0,0,0,0,0,0,0,0,0.001972387,0.002465483,0.00739645,0.021696252,0,0,0,0,0,0,0,0,0,0,0
109,C:/Users/TristanKleyn/Downloads/ecotypeClassification/binary/Binaries_20240915/10MIN/WINDOWS_20240915.csv,19:26.8,9.265152,8,SRKW,0,0.00132626,0.005526083,0.022104332,0.013925729,0.009062776,0.016799293,0.016799293,0.017241379,0.012378426,0.017904509,0.019893899,0.014146773,0.007073386,0.012820513,0.014146773,0.030725022,0.012820513,0.010831123,0.003094607,0.00795756,0.004420866,0.024977896,0.020335986,0.011715296,0.00729443,0.016799293,0.013925729,0.002431477,0.012157383,0.003536693,0.005747126,0.007736516,0.001547303,0.00198939,0.001105217,0.006852343,0.00464191,0.00198939,0.00265252,0.00198939,0.004420866,0.000884173,0.003094607,0.005747126,0.003757737,0.002431477,0.003536693,0.000884173,0,0,0,0,0,0.001547303,0.010167993,0.006410256,0.003094607,0.003536693,0,0,0,0,0,0.003757737,0.000884173,0.000221043,0.001768347,0.00198939,0.002431477,0,0,0.000884173,0.004420866,0.001547303,0.00397878,0,0,0,0,0,0,0,0,0,0,0,0.00066313,0.002210433,0.00530504
110,C:/Users/TristanKleyn/Downloads/ecotypeClassification/binary/Binaries_20240915/10MIN/WINDOWS_20240915.csv,19:30.8,5.492736,8,SRKW,0,0.007829978,0.000372856,0.003728561,0.025354213,0.011185682,0.016405667,0.037658464,0.006711409,0,0.01043997,0.007457122,0.00857569,0.021252796,0.011558538,0.026099925,0.004474273,0.002982849,0.011558538,0.005965697,0.008202834,0.011185682,0.042505593,0.002609993,0.017897092,0.023489933,0.011558538,0.004101417,0.007829978,0.011931394,0.008948546,0.012677107,0.012677107,0.006338553,0,0.000745712,0,0,0,0.001118568,0.004847129,0.003355705,0.014914243,0.018642804,0.006711409,0.003355705,0.006711409,0.002982849,0,0,0,0,0,0,0.001118568,0.014168531,0.001118568,0.001491424,0,0,0,0,0,0,0.005219985,0.002982849,0,0.000372856,0.000372856,0,0.000745712,0.000372856,0.001491424,0,0.001118568,0.004101417,0.000372856,0,0,0,0,0,0,0,0,0,0,0,0,0
111,C:/Users/TristanKleyn/Downloads/ecotypeClassification/binary/Binaries_20240915/10MIN/WINDOWS_20240915.csv,19:34.8,6.67648,8,SRKW,0.007361963,0.010736196,0.021779141,0.021779141,0.017791411,0.009509202,0.021165644,0.013803681,0.021472393,0.007361963,0.00398773,0.007055215,0.014110429,0.023619632,0.012576687,0.014417178,0.016871166,0.020245399,0.009202454,0,0.005828221,0.022392638,0.004907975,0.002453988,0.007055215,0.008282209,0.016564417,0.010122699,0.009202454,0.004294479,0.002453988,0.001226994,0.003067485,0.005521472,0.000613497,0.020858896,0.001533742,0.000306748,0.000613497,0.000306748,0.004601227,0.001840491,0.002453988,0.003680982,0.002147239,0.007055215,0.003067485,0.005521472,0.001226994,0,0,0.000613497,0.005828221,0,0.000920245,0.002760736,0.001226994,0.000613497,0.001533742,0.001226994,0,0,0,0,0,0.000613497,0.008588957,0.002147239,0.000306748,0.001226994,0.006748466,0.000920245,0.000306748,0.007361963,0,0,0,0,0,0,0.007055215,0.011349693,0.002453988,0.000920245,0.000306748,0.000920245,0,0,0,0
112,C:/Users/TristanKleyn/Downloads/ecotypeClassification/binary/Binaries_20240915/10MIN/WINDOWS_20240915.csv,19:38.8,1.916928,8,SRKW,0.013888889,0.008547009,0.007478632,0,0,0,0,0,0,0.003205128,0.019230769,0,0,0.006410256,0.025641026,0.006410256,0.057692308,0.085470085,0,0,0.001068376,0.008547009,0.009615385,0.018162393,0.006410256,0.011752137,0.008547009,0.001068376,0.010683761,0.026709402,0.013888889,0.011752137,0,0,0.004273504,0.011752137,0.006410256,0.001068376,0,0,0,0.001068376,0,0.026709402,0.053418803,0.010683761,0,0,0,0,0,0,0,0,0,0,0.010683761,0.004273504,0.002136752,0.00534188,0,0,0,0,0,0,0,0,0,0,0,0,0,0,0,0,0,0,0,0,0,0,0,0,0,0,0,0,0,0
113,C:/Users/TristanKleyn/Downloads/ecotypeClassification/binary/Binaries_20240915/10MIN/WINDOWS_20240915.csv,19:42.8,7.696384,8,SRKW,0.000532198,0.003991485,0.006386376,0.014103246,0.036189462,0.009845663,0.002394891,0.023150612,0.01064396,0.00532198,0.026609899,0.028206493,0.027674295,0.005854178,0.008249069,0.014901543,0.030601384,0.010111762,0.006918574,0.01836083,0.007716871,0.007716871,0.010111762,0.005588079,0.018626929,0.008249069,0.011442257,0.009313465,0.021554018,0.004257584,0.002927089,0,0,0.000532198,0.005854178,0.002128792,0.007450772,0.004257584,0.004789782,0.005588079,0.010377861,0.012240553,0.007184673,0.001330495,0.000266099,0.001862693,0.009313465,0.004789782,0,0,0,0,0,0.002394891,0.001330495,0.001064396,0.000798297,0.000266099,0.005588079,0,0,0,0,0,0,0,0,0.001596594,0.001596594,0.002394891,0.001330495,0.000798297,0.003459287,0.001862693,0,0,0,0,0,0,0,0,0,0,0,0,0,0,0,0
114,C:/Users/TristanKleyn/Downloads/ecotypeClassification/binary/Binaries_20240915/10MIN/WINDOWS_20240915.csv,19:46.8,7.450624,8,SRKW,0.003848268,0.014843321,0.006047279,0.003298516,0.013194063,0.011819681,0.001374382,0.009895547,0.020890599,0.006047279,0.008246289,0.023639362,0.024463991,0.003298516,0.007971413,0.011819681,0.007971413,0.003848268,0.015393073,0.006047279,0.011269929,0.009070918,0.028587136,0.012369434,0.025838373,0.016217702,0.022539857,0.009895547,0.00522265,0.004123145,0.004123145,0.001374382,0.00219901,0.009345794,0.009070918,0,0.001374382,0.000549753,0.000824629,0.003298516,0.013194063,0.001099505,0.009070918,0.006597031,0.011269929,0.009620671,0.000549753,0,0,0,0,0,0,0.000824629,0.001099505,0.011819681,0.006871908,0.002748763,0.012919186,0.004398021,0.005497526,0.000824629,0.00219901,0.010170423,0.000824629,0.000824629,0.000274876,0,0,0,0,0,0,0,0,0,0,0,0,0,0,0,0,0,0,0,0.001649258,0.002748763,0.000549753,0.001099505
115,C:/Users/TristanKleyn/Downloads/ecotypeClassification/binary/Binaries_20240915/10MIN/WINDOWS_20240915.csv,20:26.8,2.17088,8,SRKW,0.032075472,0.021698113,0.003773585,0.002830189,0.006603774,0.024528302,0.012264151,0.031132075,0.003773585,0,0.001886792,0.023584906,0.014150943,0,0.033962264,0.018867925,0.014150943,0.000943396,0,0.000943396,0.01509434,0.014150943,0.019811321,0.016037736,0.016037736,0.00754717,0.013207547,0.012264151,0,0,0,0,0,0,0,0,0,0,0,0,0.000943396,0.00754717,0.008490566,0.004716981,0.020754717,0.03490566,0.004716981,0.016981132,0.00754717,0.004716981,0.003773585,0,0,0,0,0.000943396,0.022641509,0,0,0,0,0,0,0,0,0,0,0,0,0,0,0,0,0,0,0,0,0,0,0,0,0,0,0,0,0,0,0,0,0
116,C:/Users/TristanKleyn/Downloads/ecotypeClassification/binary/Binaries_20240915/10MIN/WINDOWS_20240915.csv,20:30.8,1.724416,8,SRKW,0.003562945,0.010688836,0.010688836,0.005938242,0.03087886,0.002375297,0.007125891,0.017814727,0.019002375,0.002375297,0.001187648,0.023752969,0.001187648,0.010688836,0.003562945,0.01543943,0.023752969,0.03087886,0.003562945,0.003562945,0.019002375,0.003562945,0.086698337,0.045130641,0.053444181,0.003562945,0.034441805,0,0,0,0,0,0,0,0,0,0,0.003562945,0.020190024,0.001187648,0,0.001187648,0,0,0,0,0,0,0,0,0,0,0,0,0,0,0,0,0,0,0,0,0,0,0,0,0,0,0,0,0,0,0,0,0,0,0,0,0,0,0,0,0,0,0,0,0,0,0,0
117,C:/Users/TristanKleyn/Downloads/ecotypeClassification/binary/Binaries_20240915/10MIN/WINDOWS_20240915.csv,20:34.8,4.595712,8,SRKW,0.004010695,0.005793226,0.028520499,0.015597148,0.006684492,0.001782531,0.002673797,0.009358289,0.00802139,0.01114082,0.016934046,0.029857398,0.003565062,0.000891266,0.00802139,0.017379679,0.011586453,0.009803922,0.002228164,0.041889483,0.016488414,0.006684492,0,0.001782531,0.01114082,0.009358289,0.024064171,0.028074866,0.010249554,0.012923351,0.01114082,0.004010695,0.004901961,0.004010695,0.005347594,0.00802139,0.001782531,0,0.010249554,0.023172906,0.010695187,0.002673797,0.000445633,0.004901961,0.004901961,0.00311943,0.001782531,0.000891266,0.020053476,0.010695187,0.000891266,0,0,0,0,0,0,0,0,0,0,0,0,0,0,0,0,0,0,0,0,0,0,0,0,0,0,0.000445633,0.005793226,0.003565062,0,0,0,0,0,0,0,0,0,0
118,C:/Users/TristanKleyn/Downloads/ecotypeClassification/binary/Binaries_20240915/10MIN/WINDOWS_20240915.csv,20:38.8,4.481024,8,SRKW,0.001371115,0.005484461,0.017824497,0.037477148,0.018738574,0.02559415,0.00274223,0.000914077,0.003199269,0.003656307,0.026508227,0.009597806,0.005484461,0.01142596,0.020109689,0.007769653,0.019652651,0.044332724,0.043418647,0.006398537,0.002285192,0,0.009140768,0.001371115,0.000914077,0.004113346,0.001371115,0.001371115,0.001371115,0.006398537,0.033363803,0.006855576,0.008226691,0.001828154,0,0,0.004113346,0.007312614,0,0.01416819,0.000914077,0,0.001828154,0.006855576,0.031535649,0.009597806,0.009140768,0.020566728,0.000914077,0,0,0,0.000914077,0.001828154,0,0,0,0,0,0,0,0,0,0,0,0,0,0,0,0,0,0,0,0,0,0,0,0,0,0,0,0,0,0,0,0,0,0,0,0
119,C:/Users/TristanKleyn/Downloads/ecotypeClassification/binary/Binaries_20240915/10MIN/WINDOWS_20240915.csv,20:42.8,1.011712,8,SRKW,0,0,0,0,0,0,0,0,0,0,0.002024291,0.056680162,0.038461538,0.143724696,0.101214575,0.038461538,0.024291498,0.024291498,0,0,0,0,0,0,0,0,0,0,0,0,0,0,0,0,0,0,0.010121457,0.006072874,0.006072874,0.008097166,0.032388664,0.008097166,0,0,0,0,0,0,0,0,0,0,0,0,0,0,0,0,0,0,0,0,0,0,0,0,0,0,0,0,0,0,0,0,0,0,0,0,0,0,0,0,0,0,0,0,0,0,0,0
120,C:/Users/TristanKleyn/Downloads/ecotypeClassification/binary/Binaries_20240915/10MIN/WINDOWS_20240915.csv,20:46.8,2.92864,8,SRKW,0,0,0.000699301,0,0.004895105,0.047552448,0.001398601,0,0,0,0,0.015384615,0.02027972,0.056643357,0.004895105,0.018881119,0.008391608,0.030769231,0.057342657,0.008391608,0.024475524,0.027272727,0.000699301,0.000699301,0.007692308,0.005594406,0.017482517,0.002097902,0.018181818,0.027272727,0.001398601,0.013986014,0.007692308,0.016083916,0.004895105,0.005594406,0.02027972,0.001398601,0.004195804,0.002097902,0,0,0,0,0,0,0,0,0,0,0.000699301,0.004195804,0.002797203,0.004195804,0,0.003496503,0,0,0,0,0,0,0,0,0,0,0,0,0,0,0,0,0,0,0,0,0,0,0,0,0,0,0,0,0,0,0,0,0,0
121,C:/Users/TristanKleyn/Downloads/ecotypeClassification/binary/Binaries_20240915/10MIN/WINDOWS_20240915.csv,21:26.8,1.810432,8,SRKW,0.010180995,0.010180995,0.050904977,0.023755656,0.012443439,0.021493213,0.024886878,0.011312217,0.0260181,0.002262443,0,0.023755656,0.012443439,0.016968326,0.015837104,0.010180995,0.023755656,0.092760181,0.045248869,0.018099548,0.019230769,0.003393665,0,0,0,0,0,0,0,0,0,0,0,0,0,0,0,0,0,0,0,0,0,0,0,0,0,0,0,0,0,0,0,0,0,0,0,0,0,0,0,0,0,0,0,0,0,0,0,0,0.001131222,0.010180995,0.005656109,0.007918552,0,0,0,0,0,0,0,0,0,0,0,0,0,0,0,0
122,C:/Users/TristanKleyn/Downloads/ecotypeClassification/binary/Binaries_20240915/10MIN/WINDOWS_20240915.csv,21:30.8,2.486272,8,SRKW,0,0,0,0.024711697,0.067545305,0.062602965,0.009060956,0,0.022240527,0.001647446,0.005766063,0.038714992,0.005766063,0.033772652,0.018121911,0.012355848,0.00247117,0,0.013179572,0.008237232,0.005766063,0.020593081,0.001647446,0,0,0,0.00247117,0.023887974,0.004118616,0.024711697,0.001647446,0.001647446,0,0,0.003294893,0,0.011532125,0.006589786,0,0.019769357,0.02306425,0.00247117,0,0,0,0,0,0,0,0,0,0,0,0,0,0,0,0,0,0,0,0,0,0,0,0.00247117,0.014827018,0.003294893,0,0,0,0,0,0,0,0,0,0,0,0,0,0,0,0,0,0,0,0,0,0
123,C:/Users/TristanKleyn/Downloads/ecotypeClassification/binary/Binaries_20240915/10MIN/WINDOWS_20240915.csv,21:38.8,1.2288,8,SRKW,0.001666667,0.026666667,0.015,0.011666667,0.015,0.001666667,0.04,0.013333333,0.013333333,0.003333333,0.001666667,0.033333333,0,0.08,0.023333333,0.013333333,0.086666667,0.055,0.03,0,0,0.035,0,0,0,0,0,0,0,0,0,0,0,0,0,0,0,0,0,0,0,0,0,0,0,0,0,0,0,0,0,0,0,0,0,0,0,0,0,0,0,0,0,0,0,0,0,0,0,0,0,0,0,0,0,0,0,0,0,0,0,0,0,0,0,0,0,0,0,0
124,C:/Users/TristanKleyn/Downloads/ecotypeClassification/binary/Binaries_20240915/10MIN/WINDOWS_20240915.csv,21:46.8,1.76128,8,SRKW,0,0,0,0.025581395,0.019767442,0.034883721,0,0,0.020930233,0.008139535,0.026744186,0.006976744,0.005813953,0.059302326,0.008139535,0.020930233,0.036046512,0.096511628,0.006976744,0.003488372,0,0,0.004651163,0.031395349,0.026744186,0.001162791,0,0.001162791,0.008139535,0.018604651,0.002325581,0.024418605,0.001162791,0,0,0,0,0,0,0,0,0,0,0,0,0,0,0,0,0,0,0,0,0,0,0,0,0,0,0,0,0,0,0,0,0,0,0,0,0,0,0,0,0,0,0,0,0,0,0,0,0,0,0,0,0,0,0,0,0
125,C:/Users/TristanKleyn/Downloads/ecotypeClassification/binary/Binaries_20240915/10MIN/WINDOWS_20240915.csv,22:26.8,1.20832,8,SRKW,0,0,0,0.03559322,0.1,0.105084746,0.008474576,0.003389831,0,0,0.005084746,0.022033898,0.088135593,0.079661017,0.013559322,0.001694915,0,0,0,0,0,0,0,0,0,0,0,0,0,0,0,0,0,0,0,0,0,0,0,0,0,0,0,0,0,0,0,0,0,0,0,0,0,0,0,0,0,0,0,0,0,0,0,0,0,0,0,0,0,0.025423729,0.008474576,0.001694915,0.001694915,0,0,0,0,0,0,0,0,0,0,0,0,0,0,0,0,0
126,C:/Users/TristanKleyn/Downloads/ecotypeClassification/binary/Binaries_20240915/10MIN/WINDOWS_20240915.csv,22:34.8,1.814528,8,SRKW,0,0,0,0,0,0,0,0,0,0,0.002257336,0.036117381,0.027088036,0.038374718,0.009029345,0,0.001128668,0.066591422,0.022573363,0.065462754,0.030474041,0.032731377,0.013544018,0,0,0,0,0,0,0.001128668,0.022573363,0.004514673,0,0.011286682,0.032731377,0.023702032,0,0,0,0,0,0,0,0,0,0,0,0.013544018,0.007900677,0.030474041,0.006772009,0,0,0,0,0,0,0,0,0,0,0,0,0,0,0,0,0,0,0,0,0,0,0,0,0,0,0,0,0,0,0,0,0,0,0,0,0,0,0
127,C:/Users/TristanKleyn/Downloads/ecotypeClassification/binary/Binaries_20240915/10MIN/WINDOWS_20240915.csv,22:38.8,4.9152,8,SRKW,0.005833333,0.006666667,0.011666667,0.015416667,0.0375,0.030833333,0.010416667,0.013333333,0.007083333,0.002916667,0.03375,0.023333333,0.035416667,0.017916667,0.002083333,0.016666667,0.004583333,0.0225,0.025416667,0.0175,0.012083333,0.0225,0.01875,0.012916667,0.005,0.005,0,0.0025,0.008333333,0.00125,0.00875,0.02125,0.008333333,0.020416667,0.002916667,0,0.000833333,0.000833333,0.005833333,0.001666667,0,0,0,0,0,0,0,0,0,0,0,0,0,0,0,0,0,0,0,0,0,0,0,0,0,0,0,0,0,0,0,0,0,0,0,0,0,0,0,0,0,0,0,0,0,0,0,0,0,0
128,C:/Users/TristanKleyn/Downloads/ecotypeClassification/binary/Binaries_20240915/10MIN/WINDOWS_20240915.csv,22:46.8,3.936256,8,SRKW,0,0,0,0.009365245,0.053069719,0.048907388,0.008324662,0,0,0,0.003121748,0.05359001,0.045265349,0.018210198,0.00364204,0,0.01144641,0.035379813,0.034859521,0.024973985,0.024453694,0.012486993,0.006243496,0.001040583,0.001560874,0.018730489,0.013527575,0.014568158,0.017169615,0,0,0,0,0,0,0,0,0,0,0,0,0.004682622,0.014568158,0.000520291,0.004162331,0.004162331,0.00364204,0.004682622,0.00364204,0,0,0,0,0,0,0,0,0,0,0,0,0,0,0,0,0,0,0,0,0,0,0,0,0,0,0,0,0,0,0,0,0,0,0,0,0,0,0,0,0
129,C:/Users/TristanKleyn/Downloads/ecotypeClassification/binary/Binaries_20240915/10MIN/WINDOWS_20240915.csv,22:50.8,2.322432,8,SRKW,0,0,0,0.000881834,0.020282187,0.005291005,0,0,0,0,0,0.023809524,0.05643739,0.009700176,0,0,0.000881834,0.02292769,0.036155203,0.042328042,0.022045855,0.035273369,0.003527337,0,0,0,0,0,0.01675485,0.01675485,0.007936508,0.007054674,0.002645503,0.011463845,0.010582011,0.010582011,0.003527337,0.000881834,0.014991182,0.002645503,0,0,0,0,0,0.000881834,0.000881834,0.00617284,0.009700176,0.011463845,0.013227513,0.009700176,0.010582011,0.008818342,0,0,0.001763668,0.00617284,0.014991182,0,0,0,0,0,0,0.000881834,0.004409171,0.010582011,0.002645503,0.001763668,0,0,0,0,0,0,0,0,0,0,0,0,0,0,0,0,0,0,0,0
130,C:/Users/TristanKleyn/Downloads/ecotypeClassification/binary/Binaries_20240915/10MIN/WINDOWS_20240915.csv,23:30.8,2.281472,8,SRKW,0,0,0,0.00448833,0.070915619,0.037701975,0.02513465,0.003590664,0.024236984,0.019748654,0.009874327,0.027827648,0.026032316,0.012567325,0.000897666,0,0,0.007181329,0.032315978,0.053859964,0.057450628,0.035008977,0.030520646,0,0,0,0,0.001795332,0.000897666,0.011669659,0.006283662,0,0,0,0,0,0,0,0,0,0,0,0,0,0,0,0,0,0,0,0,0,0,0,0,0,0,0,0,0,0,0,0,0,0,0,0,0,0,0,0,0,0,0,0,0,0,0,0,0,0,0,0,0,0,0,0,0,0,0
131,C:/Users/TristanKleyn/Downloads/ecotypeClassification/binary/Binaries_20240915/10MIN/WINDOWS_20240915.csv,23:34.8,2.23232,8,SRKW,0,0.000917431,0.003669725,0.04587156,0.019266055,0.023853211,0.004587156,0.000917431,0.022018349,0.009174312,0.010091743,0.024770642,0.07706422,0.000917431,0.000917431,0,0,0.005504587,0.019266055,0.072477064,0.029357798,0.033027523,0.001834862,0,0,0,0.006422018,0.020183486,0.003669725,0.023853211,0.000917431,0.000917431,0,0.000917431,0,0,0.02293578,0.011009174,0.003669725,0,0,0,0,0,0,0,0,0,0,0,0,0,0,0,0,0,0,0,0,0,0,0,0,0,0,0,0,0,0,0,0,0,0,0,0,0,0,0,0,0,0,0,0,0,0,0,0,0,0,0
132,C:/Users/TristanKleyn/Downloads/ecotypeClassification/binary/Binaries_20240915/10MIN/WINDOWS_20240915.csv,23:38.8,2.818048,8,SRKW,0.000726744,0.005813953,0.012354651,0.007267442,0.018168605,0.074854651,0.010901163,0.014534884,0,0,0,0.005813953,0.034156977,0.077034884,0,0,0,0,0.005813953,0.014534884,0.034883721,0.079215116,0.006540698,0.001453488,0,0,0,0,0.030523256,0.015988372,0.006540698,0.002180233,0,0,0,0,0,0,0,0,0,0,0,0,0,0,0,0,0,0,0,0,0,0,0,0,0,0,0,0,0,0,0,0,0.004360465,0.013081395,0.004360465,0.000726744,0.000726744,0,0,0,0,0,0,0,0,0,0,0,0,0,0.002906977,0.013081395,0.001453488,0,0,0,0,0
133,C:/Users/TristanKleyn/Downloads/ecotypeClassification/binary/Binaries_20240915/10MIN/WINDOWS_20240915.csv,23:42.8,4.038656,8,SRKW,0,0,0,0.002028398,0.029411765,0.059330629,0.004563895,0.000507099,0.001014199,0.003042596,0.013691684,0.027890467,0.032454361,0.05831643,0.014198783,0.000507099,0.004563895,0.007606491,0.003042596,0.014705882,0.027890467,0.013691684,0.004563895,0.001014199,0,0.003042596,0.001521298,0.000507099,0.009127789,0.025862069,0,0,0,0.007606491,0.017241379,0.007606491,0.028397566,0.017241379,0.004056795,0.000507099,0.000507099,0,0.000507099,0.005070994,0.012170385,0.003549696,0.002535497,0.006085193,0.007099391,0.002535497,0,0,0,0,0,0,0,0,0,0,0,0,0,0,0,0,0,0,0,0,0,0,0,0,0.004563895,0.004563895,0.004056795,0,0,0,0,0,0,0,0,0,0,0,0,0
134,C:/Users/TristanKleyn/Downloads/ecotypeClassification/binary/Binaries_20240915/10MIN/WINDOWS_20240915.csv,23:46.8,1.486848,8,SRKW,0.005509642,0.019283747,0.015151515,0.002754821,0.008264463,0.049586777,0.002754821,0.006887052,0.011019284,0.017906336,0.009641873,0.017906336,0.00137741,0.042699725,0,0.00137741,0.008264463,0.073002755,0.009641873,0,0,0.020661157,0.041322314,0,0,0,0,0.00137741,0.004132231,0.041322314,0.012396694,0.035812672,0.002754821,0,0,0,0.015151515,0.006887052,0.015151515,0,0,0,0,0,0,0,0,0,0,0,0,0,0,0,0,0,0,0,0,0,0,0,0,0,0,0,0,0,0,0,0,0,0,0,0,0,0,0,0,0,0,0,0,0,0,0,0,0,0,0
135,C:/Users/TristanKleyn/Downloads/ecotypeClassification/binary/Binaries_20240915/10MIN/WINDOWS_20240915.csv,23:50.8,1.961984,8,SRKW,0,0,0,0.011482255,0.021920668,0.09394572,0.014613779,0,0,0,0.004175365,0.006263048,0.019832985,0.086638831,0.021920668,0,0,0,0,0.002087683,0.012526096,0.072025052,0.018789144,0,0,0,0,0,0.021920668,0.001043841,0,0,0,0,0,0.007306889,0.029227557,0.025052192,0,0,0,0,0,0.002087683,0,0.014613779,0.012526096,0,0,0,0,0,0,0,0,0,0,0,0,0,0,0,0,0,0,0,0,0,0,0,0,0,0,0,0,0,0,0,0,0,0,0,0,0,0,0,0,0,0,0
136,C:/Users/TristanKleyn/Downloads/ecotypeClassification/binary/Binaries_20240915/10MIN/WINDOWS_20240915.csv,24:30.8,5.070848,8,SRKW,0.000403877,0.005250404,0.003231018,0.001211632,0.044426494,0.033521809,0.021001616,0.011308562,0.005654281,0.004846527,0.001211632,0.010904685,0.05088853,0.030290792,0.025848142,0.000807754,0,0.001615509,0.003231018,0.039579968,0.026252019,0.021405493,0.017770598,0.004038772,0.005250404,0.000807754,0,0,0,0,0,0,0,0,0,0.000403877,0.015347334,0.001211632,0,0,0,0,0,0,0.002827141,0.004442649,0.006865913,0.008077544,0.008885299,0.018174475,0.010904685,0.007673667,0.005250404,0.003231018,0.003231018,0.004442649,0.009693053,0.015347334,0.003231018,0,0,0,0,0,0,0,0,0,0,0,0,0,0,0,0,0,0,0,0,0,0,0,0,0,0,0,0,0,0,0
137,C:/Users/TristanKleyn/Downloads/ecotypeClassification/binary/Binaries_20240915/10MIN/WINDOWS_20240915.csv,24:42.8,1.949696,8,SRKW,0.027310924,0.016806723,0,0,0.003151261,0.057773109,0.022058824,0.019957983,0.00105042,0.016806723,0.016806723,0.003151261,0.008403361,0.068277311,0.010504202,0.011554622,0.009453782,0.011554622,0.016806723,0.005252101,0.018907563,0.014705882,0.005252101,0.017857143,0.006302521,0,0,0,0,0.015756303,0.006302521,0.00105042,0,0,0,0.00105042,0.022058824,0,0,0,0,0,0,0,0,0,0,0,0,0,0,0,0.00210084,0,0.004201681,0.009453782,0.010504202,0.022058824,0.015756303,0,0,0,0,0,0,0,0,0,0,0,0,0,0,0,0,0,0,0,0,0,0,0,0,0,0,0,0,0,0,0
138,C:/Users/TristanKleyn/Downloads/ecotypeClassification/binary/Binaries_20240915/10MIN/WINDOWS_20240915.csv,24:46.8,1.3312,8,SRKW,0,0,0,0,0.015384615,0.115384615,0.024615385,0,0,0,0,0,0,0,0,0.004615385,0.067692308,0.032307692,0.003076923,0,0,0,0,0,0,0.001538462,0.015384615,0.023076923,0.001538462,0,0.04,0.016923077,0.026153846,0.038461538,0.001538462,0.006153846,0.026153846,0.027692308,0.012307692,0,0,0,0,0,0,0,0,0,0,0,0,0,0,0,0,0,0,0,0,0,0,0,0,0,0,0,0,0,0,0,0,0,0,0,0,0,0,0,0,0,0,0,0,0,0,0,0,0,0,0
139,C:/Users/TristanKleyn/Downloads/ecotypeClassification/binary/Binaries_20240915/10MIN/WINDOWS_20240915.csv,24:50.8,1.241088,8,SRKW,0,0,0.001650165,0.024752475,0.056105611,0.064356436,0.024752475,0,0,0,0,0,0,0.056105611,0.064356436,0.001650165,0.00990099,0.0330033,0.001650165,0,0.00660066,0.072607261,0.004950495,0,0,0,0,0,0,0.028052805,0.00990099,0,0.004950495,0.028052805,0.004950495,0.001650165,0,0,0,0,0,0,0,0,0,0,0,0,0,0,0,0,0,0,0,0,0,0,0,0,0,0,0,0,0,0,0,0,0,0,0,0,0,0,0,0,0,0,0,0,0,0,0,0,0,0,0,0,0,0
140,C:/Users/TristanKleyn/Downloads/ecotypeClassification/binary/Binaries_20240915/10MIN/WINDOWS_20240915.csv,25:30.8,1.150976,8,SRKW,0.012455516,0,0,0,0.001779359,0.078291815,0,0,0,0,0.003558719,0.007117438,0,0.117437722,0.001779359,0.008896797,0.021352313,0.078291815,0.001779359,0,0.001779359,0.078291815,0,0.001779359,0,0,0,0,0,0,0,0,0,0,0,0,0,0,0,0,0,0.008896797,0.033807829,0.003558719,0,0,0,0,0,0,0,0,0,0,0,0,0,0,0,0,0,0,0,0,0,0,0,0,0,0,0,0,0,0,0,0,0,0,0,0,0,0,0,0.008896797,0.023131673,0.007117438,0,0,0,0
141,C:/Users/TristanKleyn/Downloads/ecotypeClassification/binary/Binaries_20240916/10MIN/WINDOWS_20240916.csv,34:24.3,1.708032,9,SRKW,0,0,0,0,0.003597122,0.007194245,0.029976019,0.020383693,0.026378897,0.017985612,0,0,0,0,0.001199041,0.034772182,0.011990408,0.001199041,0.028776978,0,0,0.008393285,0.116306954,0.041966427,0.007194245,0.001199041,0.008393285,0.005995204,0.008393285,0,0,0,0,0,0,0,0,0,0,0,0,0,0,0,0.001199041,0.001199041,0.005995204,0.027577938,0,0,0,0,0,0,0.002398082,0.068345324,0.011990408,0,0,0,0,0,0,0,0,0,0,0,0,0,0,0,0,0,0,0,0,0,0,0,0,0,0,0,0,0,0,0,0,0
142,C:/Users/TristanKleyn/Downloads/ecotypeClassification/binary/Binaries_20240916/10MIN/WINDOWS_20240916.csv,35:12.3,1.277952,9,SRKW,0.019230769,0.003205128,0.003205128,0,0.003205128,0.004807692,0.003205128,0.014423077,0.03525641,0.004807692,0.008012821,0.001602564,0,0,0,0.004807692,0.009615385,0.043269231,0,0,0,0,0.076923077,0.008012821,0.003205128,0.012820513,0.044871795,0,0,0,0,0,0,0.003205128,0.016025641,0.032051282,0.001602564,0,0,0,0,0,0.004807692,0.011217949,0.022435897,0,0,0,0,0,0,0,0,0,0.024038462,0.048076923,0,0,0,0,0,0,0,0,0,0,0,0,0,0,0,0,0,0,0,0,0,0,0,0,0,0,0,0,0,0,0,0.028846154,0.003205128,0
143,C:/Users/TristanKleyn/Downloads/ecotypeClassification/binary/Binaries_20240916/10MIN/WINDOWS_20240916.csv,36:24.3,1.994752,9,SRKW,0.001026694,0.003080082,0.001026694,0.006160164,0.009240246,0.002053388,0.004106776,0.013347023,0.061601643,0.009240246,0,0,0,0.001026694,0.003080082,0.007186858,0.003080082,0.052361396,0.027720739,0,0,0,0.092402464,0.022587269,0.007186858,0.001026694,0.033880903,0.016427105,0.013347023,0,0,0,0,0,0,0.004106776,0.00513347,0.012320329,0.004106776,0,0,0,0,0,0.00513347,0.003080082,0.01026694,0.006160164,0,0,0,0,0,0,0.00513347,0.034907598,0.014373717,0.002053388,0.001026694,0,0,0,0,0,0,0,0,0,0,0,0,0,0,0,0,0,0,0,0,0,0,0,0,0,0,0,0,0,0,0
144,C:/Users/TristanKleyn/Downloads/ecotypeClassification/binary/Binaries_20240916/10MIN/WINDOWS_20240916.csv,37:32.3,1.08544,9,SRKW,0.020754717,0.013207547,0.009433962,0.001886792,0.001886792,0.00754717,0.024528302,0.066037736,0.033962264,0.035849057,0.026415094,0.009433962,0.005660377,0.003773585,0.013207547,0.001886792,0,0.003773585,0.035849057,0.01509434,0,0.001886792,0.1,0.00754717,0.00754717,0,0,0,0,0,0,0,0,0,0,0,0,0,0,0,0,0,0,0,0,0,0,0,0,0,0,0,0,0,0,0.033962264,0.018867925,0,0,0,0,0,0,0,0,0,0,0,0,0,0,0,0,0,0,0,0,0,0,0,0,0,0,0,0,0,0,0,0,0
145,C:/Users/TristanKleyn/Downloads/ecotypeClassification/binary/Binaries_20240916/10MIN/WINDOWS_20240916.csv,38:24.3,1.347584,9,SRKW,0.051671733,0.018237082,0.015197568,0.006079027,0.004559271,0.019756839,0.013677812,0.03343465,0.051671733,0.060790274,0.012158055,0.021276596,0.007598784,0.001519757,0.003039514,0.021276596,0.004559271,0,0,0,0,0,0.036474164,0.003039514,0.001519757,0.009118541,0.018237082,0.004559271,0,0,0,0,0,0,0,0,0,0,0,0,0,0,0,0,0,0,0,0,0,0,0,0,0,0,0.009118541,0.060790274,0.006079027,0.004559271,0,0,0,0,0,0,0,0,0,0,0,0,0,0,0,0,0,0,0,0,0,0,0,0,0,0,0,0,0,0,0,0
146,C:/Users/TristanKleyn/Downloads/ecotypeClassification/binary/Binaries_20240916/10MIN/WINDOWS_20240916.csv,38:36.3,1.011712,9,SRKW,0.028340081,0.002024291,0.008097166,0.018218623,0.010121457,0.016194332,0.030364372,0.038461538,0.097165992,0.022267206,0.026315789,0.024291498,0.010121457,0.006072874,0,0,0.020242915,0.082995951,0.002024291,0.002024291,0,0.002024291,0.052631579,0,0,0,0,0,0,0,0,0,0,0,0,0,0,0,0,0,0,0,0,0,0,0,0,0,0,0,0,0,0,0,0,0,0,0,0,0,0,0,0,0,0,0,0,0,0,0,0,0,0,0,0,0,0,0,0,0,0,0,0,0,0,0,0,0,0,0
147,C:/Users/TristanKleyn/Downloads/ecotypeClassification/binary/Binaries_20240916/10MIN/WINDOWS_20240916.csv,20:40.3,1.122304,10,SRKW,0,0,0,0,0,0,0,0.001824818,0.001824818,0.054744526,0.005474453,0.018248175,0.012773723,0.005474453,0.003649635,0.001824818,0,0.005474453,0.010948905,0.041970803,0.001824818,0,0.020072993,0.052919708,0.012773723,0.009124088,0.018248175,0.009124088,0.005474453,0.003649635,0,0,0,0,0,0,0,0,0.027372263,0.018248175,0.012773723,0.005474453,0,0,0,0.001824818,0,0.005474453,0.040145985,0.001824818,0,0,0,0,0,0.001824818,0.00729927,0.003649635,0.032846715,0,0,0,0,0,0,0,0,0,0,0,0,0,0,0,0,0,0,0,0,0,0,0,0,0,0,0,0,0.003649635,0.01459854,0.025547445
148,C:/Users/TristanKleyn/Downloads/ecotypeClassification/binary/Binaries_20240916/10MIN/WINDOWS_20240916.csv,23:32.3,1.458176,10,SRKW,0,0,0,0.001404494,0.005617978,0.008426966,0.004213483,0.009831461,0.021067416,0.02247191,0.032303371,0.001404494,0.001404494,0.008426966,0.014044944,0.008426966,0,0,0.004213483,0.007022472,0.028089888,0.001404494,0.094101124,0.039325843,0.009831461,0.018258427,0.014044944,0.002808989,0.001404494,0.015449438,0.014044944,0.012640449,0,0,0,0,0,0,0,0,0,0,0,0,0,0.002808989,0.008426966,0.008426966,0.008426966,0.015449438,0.014044944,0.001404494,0,0,0,0.037921348,0.001404494,0,0,0,0,0,0,0,0,0,0,0,0,0,0,0,0,0,0,0,0,0,0,0,0,0,0,0,0,0,0,0,0,0
149,C:/Users/TristanKleyn/Downloads/ecotypeClassification/binary/Binaries_20240916/10MIN/WINDOWS_20240916.csv,18:24.3,1.048576,11,SRKW,0.0078125,0.013671875,0.013671875,0.005859375,0.01171875,0.005859375,0.005859375,0.0078125,0.009765625,0,0,0,0,0,0,0,0,0,0.080078125,0.00390625,0,0,0.12890625,0.01953125,0.01171875,0,0,0.00390625,0,0,0,0,0,0,0,0,0,0,0,0,0,0,0,0,0,0,0,0,0,0,0,0,0,0,0.00390625,0.091796875,0.029296875,0,0,0,0,0,0,0,0,0,0,0,0,0,0,0,0,0,0,0,0,0,0,0,0,0,0,0,0,0,0.001953125,0.025390625,0.017578125,0
150,C:/Users/TristanKleyn/Downloads/ecotypeClassification/binary/Binaries_20240916/10MIN/WINDOWS_20240916.csv,23:32.3,1.011712,11,SRKW,0,0,0,0,0.050607287,0,0,0,0.004048583,0.042510121,0,0,0.002024291,0.016194332,0.070850202,0,0.006072874,0.002024291,0.01417004,0.05465587,0,0.002024291,0.002024291,0.020242915,0.046558704,0,0,0,0,0,0,0,0,0,0,0,0,0.002024291,0.034412955,0.004048583,0.004048583,0.002024291,0.006072874,0.024291498,0.008097166,0,0,0.062753036,0.018218623,0,0,0,0,0,0,0,0,0,0,0,0,0,0,0,0,0,0,0,0,0,0,0,0,0,0,0,0,0,0,0,0,0,0,0,0,0,0,0,0,0
151,C:/Users/TristanKleyn/Downloads/ecotypeClassification/binary/Binaries_20240916/10MIN/WINDOWS_20240916.csv,23:36.3,1.912832,11,SRKW,0.025695931,0.017130621,0.01391863,0.004282655,0.010706638,0.00856531,0.00856531,0.00856531,0.016059957,0.055674518,0.001070664,0.001070664,0,0,0,0,0,0,0.003211991,0.02248394,0,0,0.025695931,0.084582441,0.00856531,0.025695931,0.005353319,0,0,0,0,0,0,0,0,0,0,0,0,0,0,0,0,0,0,0,0,0,0,0,0,0,0,0,0,0.02248394,0.072805139,0.017130621,0.001070664,0.004282655,0.001070664,0.002141328,0.002141328,0,0,0,0,0,0,0,0,0,0,0,0,0,0,0,0,0,0,0,0,0,0,0,0,0,0.010706638,0.019271949
152,C:/Users/TristanKleyn/Downloads/ecotypeClassification/binary/Binaries_20240916/10MIN/WINDOWS_20240916.csv,24:20.3,1.990656,11,SRKW,0.023662551,0.004115226,0.002057613,0.00308642,0.004115226,0.00617284,0.008230453,0.011316872,0.019547325,0.033950617,0.00617284,0.004115226,0,0.00308642,0,0.002057613,0.005144033,0.005144033,0.014403292,0,0,0.001028807,0.026748971,0.073045267,0.005144033,0.019547325,0.014403292,0.012345679,0.025720165,0.027777778,0.002057613,0.002057613,0,0,0,0,0,0,0,0,0,0,0,0,0,0,0,0,0,0,0,0,0,0,0,0.00308642,0.055555556,0.030864198,0.004115226,0.001028807,0.00308642,0.00617284,0.00617284,0,0,0,0,0,0,0,0,0,0,0,0,0,0,0,0,0,0,0,0,0,0,0,0,0,0.008230453,0.015432099
153,C:/Users/TristanKleyn/Downloads/ecotypeClassification/binary/Binaries_20240916/10MIN/WINDOWS_20240916.csv,24:28.3,1.236992,11,SRKW,0.066225166,0,0,0,0,0,0,0,0.001655629,0.008278146,0.034768212,0.026490066,0.003311258,0.001655629,0.009933775,0.052980132,0.031456954,0.003311258,0.01986755,0.006622517,0.001655629,0,0,0.003311258,0.003311258,0.013245033,0.026490066,0,0,0.008278146,0.01986755,0.021523179,0.008278146,0,0,0,0,0,0,0,0,0,0,0,0,0,0.014900662,0.021523179,0.014900662,0.014900662,0.011589404,0.003311258,0.001655629,0,0,0,0,0,0,0.001655629,0.006622517,0,0.018211921,0.018211921,0,0,0,0,0,0,0,0,0,0,0,0,0,0,0,0,0,0,0,0,0,0,0,0,0,0
154,C:/Users/TristanKleyn/Downloads/ecotypeClassification/binary/Binaries_20240916/10MIN/WINDOWS_20240916.csv,24:32.3,1.040384,11,SRKW,0.108267717,0.005905512,0,0,0,0,0,0,0,0,0.017716535,0.025590551,0.021653543,0.015748031,0.00984252,0.029527559,0.033464567,0,0,0,0,0.00984252,0.023622047,0.017716535,0.003937008,0.021653543,0.031496063,0,0,0,0.021653543,0.021653543,0.001968504,0,0,0,0,0,0,0.005905512,0.003937008,0.007874016,0.021653543,0,0,0,0.00984252,0.001968504,0,0.005905512,0.021653543,0,0,0,0,0,0,0,0,0,0,0,0,0,0,0,0,0,0,0,0,0,0,0,0,0,0,0,0,0,0,0,0,0,0,0,0,0,0,0
155,C:/Users/TristanKleyn/Downloads/ecotypeClassification/binary/Binaries_20240916/10MIN/WINDOWS_20240916.csv,24:36.3,1.470464,11,SRKW,0.004178273,0,0.005571031,0.013927577,0.051532033,0.005571031,0.004178273,0.006963788,0.040389972,0.002785515,0.006963788,0.006963788,0.005571031,0.038997214,0,0,0,0,0,0,0,0,0.026462396,0.012534819,0,0,0,0.027855153,0.002785515,0.004178273,0.006963788,0.02367688,0.032033426,0.004178273,0.001392758,0.002785515,0.011142061,0.022284123,0,0,0,0,0,0,0,0.002785515,0.015320334,0.019498607,0.008356546,0.013927577,0.004178273,0,0,0,0,0,0,0,0,0.006963788,0.015320334,0.009749304,0,0,0.008356546,0.016713092,0.006963788,0,0,0,0,0,0,0,0,0,0,0,0,0,0,0,0,0,0,0,0,0,0,0
156,C:/Users/TristanKleyn/Downloads/ecotypeClassification/binary/Binaries_20240916/10MIN/WINDOWS_20240916.csv,25:40.3,2.408448,11,SRKW,0.016156463,0.009353741,0.012755102,0.011904762,0.011904762,0.007653061,0.012755102,0.018707483,0.039965986,0.003401361,0.00255102,0.00170068,0,0,0.00170068,0.005102041,0.00255102,0.015306122,0.00085034,0,0,0.00170068,0.084183673,0.052721088,0.011054422,0.013605442,0.017006803,0.004251701,0.00085034,0,0,0,0,0,0,0,0,0,0,0,0,0,0,0,0,0,0,0,0,0,0,0,0,0,0.005102041,0.079931973,0.031462585,0.014455782,0.00085034,0.00170068,0,0.005952381,0.00085034,0,0,0,0,0,0,0,0,0,0,0,0,0,0,0,0,0,0,0,0,0,0,0,0,0,0,0
157,C:/Users/TristanKleyn/Downloads/ecotypeClassification/binary/Binaries_20240916/10MIN/WINDOWS_20240916.csv,26:20.3,2.879488,11,SRKW,0.018492176,0.014224751,0.003556188,0.002133713,0.004978663,0.002133713,0.004978663,0.012802276,0.033428165,0.00284495,0.004978663,0.006401138,0.002133713,0.004978663,0.00284495,0.007112376,0.007823613,0.022048364,0.001422475,0.018492176,0.001422475,0.004267425,0.058321479,0.046230441,0.002133713,0.009246088,0.032716927,0.004978663,0.009957326,0.002133713,0,0.002133713,0.001422475,0.002133713,0.003556188,0.009957326,0.002133713,0.000711238,0.000711238,0,0,0,0.002133713,0.000711238,0.010668563,0.001422475,0.001422475,0.002133713,0.001422475,0.002133713,0.000711238,0.002133713,0.000711238,0.007823613,0.012802276,0.029871977,0.026315789,0.00284495,0,0,0,0,0,0,0,0,0,0,0,0,0,0,0,0,0,0,0,0,0,0,0,0,0,0,0,0,0,0.001422475,0.004267425,0.017069701
158,C:/Users/TristanKleyn/Downloads/ecotypeClassification/binary/Binaries_20240916/10MIN/WINDOWS_20240916.csv,28:20.3,1.703936,11,SRKW,0.013221154,0.003605769,0.004807692,0.008413462,0.007211538,0.009615385,0.006009615,0.007211538,0.044471154,0.003605769,0.009615385,0.025240385,0.007211538,0.001201923,0.001201923,0.008413462,0.001201923,0.018028846,0.013221154,0.001201923,0.002403846,0,0.010817308,0.045673077,0.002403846,0.004807692,0.013221154,0.018028846,0.007211538,0.002403846,0.001201923,0.002403846,0.002403846,0.004807692,0.003605769,0.001201923,0.051682692,0.022836538,0.004807692,0.002403846,0.002403846,0.004807692,0.002403846,0.001201923,0.003605769,0.012019231,0.010817308,0.001201923,0,0,0,0,0,0,0,0.010817308,0.044471154,0.001201923,0.006009615,0,0,0,0,0,0,0,0,0,0,0,0,0,0,0,0,0,0,0,0,0,0,0,0,0,0,0,0,0,0,0
159,C:/Users/TristanKleyn/Downloads/ecotypeClassification/binary/Binaries_20240916/10MIN/WINDOWS_20240916.csv,28:24.3,2.359296,11,SRKW,0.020833333,0.006944444,0.008680556,0.006076389,0.004340278,0.006076389,0.010416667,0.013020833,0.032986111,0.0078125,0.003472222,0.010416667,0.001736111,0.002604167,0.002604167,0.005208333,0.006944444,0.040798611,0.000868056,0.003472222,0.001736111,0.004340278,0.060763889,0.013020833,0.001736111,0.006076389,0.003472222,0.000868056,0.001736111,0.004340278,0.001736111,0.002604167,0.003472222,0.002604167,0.006076389,0.027777778,0.014756944,0.000868056,0.000868056,0.000868056,0.003472222,0.002604167,0.002604167,0.005208333,0.026041667,0.009548611,0.003472222,0.005208333,0,0,0,0,0,0.003472222,0.017361111,0.024305556,0.001736111,0.000868056,0,0.001736111,0.000868056,0.002604167,0.025173611,0.004340278,0.004340278,0,0,0,0,0,0,0,0,0,0,0,0,0,0,0,0,0,0,0,0,0,0,0,0,0
160,C:/Users/TristanKleyn/Downloads/ecotypeClassification/binary/Binaries_20240918/10MIN/WINDOWS_20240918.csv,08:29.1,1.114112,12,SRKW,0,0.001838235,0.007352941,0.027573529,0.007352941,0,0,0.025735294,0.025735294,0,0,0.005514706,0.047794118,0.020220588,0.049632353,0.051470588,0.036764706,0.025735294,0.034926471,0.003676471,0.038602941,0.011029412,0,0,0.001838235,0.022058824,0.018382353,0,0,0,0,0,0,0,0,0,0,0,0,0.007352941,0.023897059,0,0.005514706,0,0,0,0,0,0,0,0,0,0,0,0,0,0,0,0,0,0,0,0,0,0,0,0,0,0,0,0,0,0,0,0,0,0,0,0,0,0,0,0,0,0,0,0,0,0,0
161,C:/Users/TristanKleyn/Downloads/ecotypeClassification/binary/Binaries_20240918/10MIN/WINDOWS_20240918.csv,08:37.1,1.396736,12,SRKW,0,0.01026393,0.008797654,0.036656891,0,0.024926686,0.007331378,0.002932551,0.048387097,0.020527859,0.020527859,0.068914956,0.03372434,0.035190616,0.001466276,0.017595308,0.04398827,0.032258065,0,0,0,0.035190616,0.01026393,0.011730205,0.023460411,0.005865103,0,0,0,0,0,0,0,0,0,0,0,0,0,0,0,0,0,0,0,0,0,0,0,0,0,0,0,0,0,0,0,0,0,0,0,0,0,0,0,0,0,0,0,0,0,0,0,0,0,0,0,0,0,0,0,0,0,0,0,0,0,0,0,0
162,C:/Users/TristanKleyn/Downloads/ecotypeClassification/binary/Binaries_20240918/10MIN/WINDOWS_20240918.csv,11:29.1,1.015808,12,SRKW,0.002016129,0.010080645,0.054435484,0.014112903,0.046370968,0,0.006048387,0.064516129,0.014112903,0.050403226,0.018145161,0.04233871,0.02016129,0,0.044354839,0.016129032,0.002016129,0,0,0,0,0,0,0,0,0,0,0,0,0,0,0.004032258,0.002016129,0.012096774,0.032258065,0.004032258,0,0,0,0,0,0,0,0,0,0,0,0,0,0,0,0,0,0,0,0,0,0,0,0,0,0,0,0,0,0.010080645,0.012096774,0.006048387,0.004032258,0.008064516,0,0,0,0,0,0,0,0,0,0,0,0,0,0,0,0,0,0,0,0
163,C:/Users/TristanKleyn/Downloads/ecotypeClassification/binary/Binaries_20240918/10MIN/WINDOWS_20240918.csv,11:33.1,1.818624,12,SRKW,0,0.001126126,0.039414414,0.028153153,0.025900901,0.033783784,0.006756757,0.023648649,0.03490991,0.027027027,0.031531532,0.031531532,0.02027027,0.002252252,0.023648649,0.015765766,0.019144144,0.022522523,0.028153153,0,0,0.012387387,0.02027027,0.018018018,0.009009009,0.002252252,0.022522523,0,0,0,0,0,0,0,0,0,0,0,0,0,0,0,0,0,0,0,0,0,0,0,0,0,0,0,0,0,0,0,0,0,0,0,0,0,0,0,0,0,0,0,0,0,0,0,0,0,0,0,0,0,0,0,0,0,0,0,0,0,0,0
164,C:/Users/TristanKleyn/Downloads/ecotypeClassification/binary/Binaries_20240918/10MIN/WINDOWS_20240918.csv,12:29.1,1.355776,12,SRKW,0.003021148,0.003021148,0.025679758,0,0.010574018,0.046827795,0.009063444,0.036253776,0.040785498,0.003021148,0.043806647,0.027190332,0.049848943,0.051359517,0.006042296,0.031722054,0.01510574,0.021148036,0,0,0,0,0.00755287,0.028700906,0.009063444,0,0,0,0,0,0,0,0,0,0,0,0,0,0,0,0,0,0,0,0,0,0,0,0,0,0,0,0,0,0,0,0,0,0,0,0,0,0,0,0,0.001510574,0.01510574,0.010574018,0.003021148,0,0,0,0,0,0,0,0,0,0,0,0,0,0,0,0,0,0,0,0,0
165,C:/Users/TristanKleyn/Downloads/ecotypeClassification/binary/Binaries_20240918/10MIN/WINDOWS_20240918.csv,12:37.1,1.642496,12,SRKW,0.001246883,0.002493766,0.009975062,0.019950125,0.05361596,0.03117207,0.02244389,0.047381546,0.061097257,0.001246883,0.013715711,0.016209476,0.018703242,0.06234414,0.016209476,0.021197007,0.059850374,0.023690773,0.007481297,0.006234414,0.003740648,0,0,0,0,0,0,0,0,0,0,0,0,0,0,0,0,0,0,0,0,0,0,0,0,0,0,0,0,0,0,0,0,0,0,0,0,0,0,0,0,0,0,0,0,0,0,0,0,0,0,0,0,0,0,0,0,0,0,0,0,0,0,0,0,0,0,0,0,0
166,C:/Users/TristanKleyn/Downloads/ecotypeClassification/binary/Binaries_20240918/10MIN/WINDOWS_20240918.csv,12:45.1,1.232896,12,SRKW,0,0,0.00166113,0.003322259,0.016611296,0.046511628,0.006644518,0.029900332,0.029900332,0.008305648,0.049833887,0.014950166,0.029900332,0.034883721,0.00166113,0.056478405,0.004983389,0.019933555,0.041528239,0.008305648,0.029900332,0.013289037,0.021594684,0.024916944,0.003322259,0.00166113,0,0,0,0,0,0,0,0,0,0,0,0,0,0,0,0,0,0,0,0,0,0,0,0,0,0,0,0,0,0,0,0,0,0,0,0,0,0,0,0,0,0,0,0,0,0,0,0,0,0,0,0,0,0,0,0,0,0,0,0,0,0,0,0
167,C:/Users/TristanKleyn/Downloads/ecotypeClassification/binary/Binaries_20240918/10MIN/WINDOWS_20240918.csv,13:37.1,1.339392,12,SRKW,0,0.03058104,0.025993884,0.009174312,0.048929664,0.003058104,0.02293578,0.013761468,0.004587156,0.036697248,0.018348624,0.04587156,0.01529052,0.01529052,0.036697248,0.021406728,0.039755352,0.032110092,0.0382263,0.01529052,0.016819572,0.009174312,0,0,0,0,0,0,0,0,0,0,0,0,0,0,0,0,0,0,0,0,0,0,0,0,0,0,0,0,0,0,0,0,0,0,0,0,0,0,0,0,0,0,0,0,0,0,0,0,0,0,0,0,0,0,0,0,0,0,0,0,0,0,0,0,0,0,0,0
168,C:/Users/TristanKleyn/Downloads/ecotypeClassification/binary/Binaries_20240918/10MIN/WINDOWS_20240918.csv,13:41.1,1.568768,12,SRKW,0.001305483,0.007832898,0.04308094,0.028720627,0.033942559,0.054830287,0,0,0,0.002610966,0.028720627,0.007832898,0.024804178,0.007832898,0.023498695,0.074412533,0.022193211,0.04308094,0.03002611,0.005221932,0.011749347,0.020887728,0.001305483,0,0,0,0,0,0,0,0,0,0,0,0,0.001305483,0.019582245,0.005221932,0,0,0,0,0,0,0,0,0,0,0,0,0,0,0,0,0,0,0,0,0,0,0,0,0,0,0,0,0,0,0,0,0,0,0,0,0,0,0,0,0,0,0,0,0,0,0,0,0,0,0,0
169,C:/Users/TristanKleyn/Downloads/ecotypeClassification/binary/Binaries_20240918/10MIN/WINDOWS_20240918.csv,13:49.1,2.269184,12,SRKW,0.018050542,0.004512635,0.035198556,0.0433213,0.025270758,0.025270758,0.012635379,0.018050542,0.046931408,0.018953069,0.044223827,0.035198556,0.012635379,0.012635379,0.009927798,0.02166065,0.009025271,0.008122744,0.032490975,0.014440433,0.011732852,0.019855596,0.012635379,0.00631769,0.000902527,0,0,0,0,0,0,0,0,0,0,0,0,0,0,0,0,0,0,0,0,0,0,0,0,0,0,0,0,0,0,0,0,0,0,0,0,0,0,0,0,0,0,0,0,0,0,0,0,0,0,0,0,0,0,0,0,0,0,0,0,0,0,0,0,0
170,C:/Users/TristanKleyn/Downloads/ecotypeClassification/binary/Binaries_20240918/10MIN/WINDOWS_20240918.csv,14:29.1,4.169728,12,SRKW,0.003438114,0.00589391,0.015717092,0.02259332,0.013752456,0.023084479,0.013752456,0.01719057,0.004911591,0.00540275,0.010805501,0.007858546,0.016208251,0.010805501,0.008840864,0.020137525,0.013261297,0.024066798,0.015717092,0.012278978,0.030943026,0.007858546,0.025049116,0.012770138,0.008840864,0.007858546,0.015225933,0.007367387,0.001964637,0.004911591,0.006385069,0.004420432,0.004911591,0.00540275,0.004420432,0,0.003438114,0.003929273,0.004911591,0,0,0,0,0,0,0,0,0,0.002455796,0.002455796,0.002455796,0.009332024,0.004420432,0.003438114,0.004911591,0.008840864,0.001473477,0.003929273,0.00589391,0.000491159,0.001964637,0.003929273,0.007367387,0.002946955,0.002455796,0.004911591,0,0,0,0,0,0,0,0,0,0,0,0,0,0,0,0,0,0,0,0,0,0,0,0
171,C:/Users/TristanKleyn/Downloads/ecotypeClassification/binary/Binaries_20240918/10MIN/WINDOWS_20240918.csv,14:41.1,1.691648,12,SRKW,0.00968523,0.003631961,0.06779661,0.007263923,0.033898305,0.041162228,0.002421308,0.014527845,0.025423729,0.012106538,0.025423729,0.015738499,0.053268765,0.01937046,0.008474576,0.002421308,0.004842615,0.039951574,0.020581114,0.007263923,0.023002421,0,0,0,0,0,0,0,0,0,0,0,0.001210654,0.002421308,0.004842615,0.004842615,0.015738499,0.006053269,0.001210654,0,0,0,0,0,0,0.001210654,0.013317191,0.010895884,0,0,0,0,0,0,0,0,0,0,0,0,0,0,0,0,0,0,0,0,0,0,0,0,0,0,0,0,0,0,0,0,0,0,0,0,0,0,0,0,0,0
172,C:/Users/TristanKleyn/Downloads/ecotypeClassification/binary/Binaries_20240918/10MIN/WINDOWS_20240918.csv,16:49.1,1.232896,12,SRKW,0,0,0,0,0,0,0,0,0,0,0.00166113,0.071428571,0.048172757,0.024916944,0.006644518,0,0,0,0,0,0,0,0,0,0,0,0,0,0,0,0,0,0.008305648,0.058139535,0.029900332,0.016611296,0.006644518,0.011627907,0,0,0,0,0,0,0,0,0,0,0,0,0,0,0.003322259,0.004983389,0.009966777,0.031561462,0.048172757,0.004983389,0.008305648,0.003322259,0.004983389,0.00166113,0,0,0,0,0,0,0,0,0,0,0,0.004983389,0.004983389,0.004983389,0.011627907,0.018272425,0.034883721,0.014950166,0,0,0,0,0,0,0,0,0,0
173,C:/Users/TristanKleyn/Downloads/ecotypeClassification/binary/Binaries_20241001/10MIN/WINDOWS_20241001.csv,13:30.3,2.797568,13,SRKW,0,0,0,0.030746706,0.005124451,0.000732064,0,0,0,0,0.009516837,0.040263543,0.008052709,0.002928258,0.000732064,0.027086384,0.027818448,0.090043924,0.022693997,0.008784773,0.005856515,0.003660322,0.012445095,0.035139092,0.011713031,0.016837482,0.001464129,0,0.002196193,0.002928258,0.028550512,0,0,0,0,0.000732064,0.011713031,0.023426061,0.002196193,0.016105417,0.002196193,0,0,0,0,0,0,0,0,0.000732064,0.00658858,0.021961933,0,0,0,0,0.000732064,0.013909224,0.004392387,0,0,0,0,0,0,0,0,0,0,0,0,0,0,0,0,0,0,0,0,0,0,0,0,0,0,0,0,0,0,0
174,C:/Users/TristanKleyn/Downloads/ecotypeClassification/binary/Binaries_20241001/10MIN/WINDOWS_20241001.csv,13:34.3,2.727936,13,SRKW,0,0,0.000750751,0.029279279,0.037537538,0.001501502,0.001501502,0,0,0.006006006,0.027027027,0.024024024,0.000750751,0,0.000750751,0.014264264,0.011261261,0.039039039,0.033033033,0.001501502,0.000750751,0,0.001501502,0.005255255,0.033033033,0.012762763,0.004504505,0.003003003,0.000750751,0.001501502,0.001501502,0.02027027,0.024774775,0.004504505,0,0,0,0,0.012012012,0.018018018,0,0,0,0,0.002252252,0.00975976,0.022522523,0.003753754,0.003753754,0.006756757,0.002252252,0.005255255,0.002252252,0.015765766,0.002252252,0.000750751,0,0,0.000750751,0.006756757,0.009009009,0,0,0,0,0,0.000750751,0.010510511,0.006756757,0,0,0,0.000750751,0.004504505,0.010510511,0,0,0,0,0,0,0,0,0,0,0,0,0,0,0
175,C:/Users/TristanKleyn/Downloads/ecotypeClassification/binary/Binaries_20241001/10MIN/WINDOWS_20241001.csv,14:34.3,2.686976,13,SRKW,0,0,0,0.000762195,0.03125,0.004573171,0.007621951,0.011432927,0.003810976,0.019054878,0.039634146,0.047256098,0.00152439,0.006097561,0.00152439,0.013719512,0.012195122,0.024390244,0.030487805,0.008384146,0.011432927,0.006859756,0.009908537,0.016768293,0.027439024,0.02972561,0.019817073,0.00304878,0.002286585,0,0.00152439,0.00304878,0.011432927,0.006097561,0,0,0,0,0.000762195,0.012957317,0.009146341,0,0,0,0,0,0.007621951,0.012957317,0,0,0,0.00152439,0.019054878,0.002286585,0,0,0,0,0,0.017530488,0.00304878,0,0,0,0,0,0,0,0,0,0,0,0,0,0,0,0,0,0,0,0,0,0,0,0,0,0,0,0,0
176,C:/Users/TristanKleyn/Downloads/ecotypeClassification/binary/Binaries_20241001/10MIN/WINDOWS_20241001.csv,14:38.3,2.90816,13,SRKW,0,0,0.014788732,0.051408451,0,0,0.000704225,0.008450704,0.012676056,0.04084507,0.01971831,0,0,0.007042254,0.004929577,0.024647887,0.036619718,0.025352113,0.002112676,0,0,0,0.011971831,0.028169014,0.004225352,0.000704225,0,0,0.001408451,0.00915493,0.023943662,0.002112676,0,0,0,0,0.004225352,0.020422535,0.002816901,0,0.00915493,0.008450704,0.017605634,0.005633803,0.016197183,0,0,0.017605634,0.007746479,0.017605634,0.004225352,0.014788732,0.000704225,0.011971831,0.006338028,0.003521127,0,0,0,0,0,0,0,0,0,0,0,0,0,0,0,0,0,0,0,0,0,0,0,0,0,0,0,0,0,0,0,0,0,0
177,C:/Users/TristanKleyn/Downloads/ecotypeClassification/binary/Binaries_20241001/10MIN/WINDOWS_20241001.csv,15:22.3,2.428928,13,SRKW,0,0,0,0.02529511,0.018549747,0.001686341,0.005059022,0.00084317,0.00084317,0.003372681,0.011804384,0.015177066,0.001686341,0.004215852,0.008431703,0.009274874,0.012647555,0.034569983,0.02613828,0.019392917,0.004215852,0.003372681,0.016863406,0.005059022,0.023608769,0.011804384,0.007588533,0.00084317,0,0,0.009274874,0.022765599,0.010118044,0.006745363,0.004215852,0.00084317,0.003372681,0.017706577,0.02529511,0.013490725,0.007588533,0.001686341,0.003372681,0.010118044,0.021922428,0.010118044,0.008431703,0.006745363,0.001686341,0.001686341,0.003372681,0.011804384,0.008431703,0.006745363,0.004215852,0.003372681,0.002529511,0,0,0,0,0,0,0,0,0,0,0,0,0,0,0,0,0,0,0,0,0,0,0,0,0,0,0,0,0,0,0,0,0
178,C:/Users/TristanKleyn/Downloads/ecotypeClassification/binary/Binaries_20241001/10MIN/WINDOWS_20241001.csv,15:30.3,1.57696,13,SRKW,0,0.001298701,0.006493506,0.04025974,0.019480519,0.009090909,0.011688312,0.012987013,0.019480519,0.037662338,0.037662338,0.012987013,0.003896104,0.006493506,0.005194805,0.016883117,0.055844156,0.014285714,0.015584416,0,0,0.006493506,0.057142857,0.046753247,0.01038961,0.01038961,0.01038961,0.005194805,0,0,0,0,0,0,0,0.001298701,0.006493506,0,0.002597403,0.005194805,0.01038961,0,0,0,0,0,0,0,0,0,0,0,0,0,0,0,0,0,0,0,0,0,0,0,0,0,0,0,0,0,0,0,0,0,0,0,0,0,0,0,0,0,0,0,0,0,0,0,0,0
179,C:/Users/TristanKleyn/Downloads/ecotypeClassification/binary/Binaries_20241001/10MIN/WINDOWS_20241001.csv,17:26.3,1.564672,13,SRKW,0,0,0,0,0.003926702,0.009162304,0.007853403,0.011780105,0.011780105,0.001308901,0.013089005,0.044502618,0.011780105,0.015706806,0,0,0.003926702,0.018324607,0.007853403,0.003926702,0.002617801,0.001308901,0.002617801,0.001308901,0.013089005,0.018324607,0.010471204,0.010471204,0.006544503,0.006544503,0.006544503,0.007853403,0.009162304,0.022251309,0.018324607,0.010471204,0.009162304,0.010471204,0.022251309,0.014397906,0.003926702,0.007853403,0.009162304,0.041884817,0.035340314,0.019633508,0.010471204,0.002617801,0,0,0,0,0,0,0,0,0,0,0,0,0,0,0,0,0,0,0,0,0,0,0,0,0,0,0,0,0,0,0,0,0,0,0,0,0,0,0,0,0,0
180,C:/Users/TristanKleyn/Downloads/ecotypeClassification/binary/Binaries_20241001/10MIN/WINDOWS_20241001.csv,17:30.3,2.80576,13,SRKW,0,0,0,0,0,0,0,0,0,0,0,0,0,0.000729927,0.003649635,0.018248175,0.13649635,0.005839416,0.018978102,0.008029197,0.003649635,0.110948905,0.04379562,0.003649635,0,0.000729927,0.003649635,0,0,0,0,0,0,0,0,0,0,0.000729927,0.024817518,0,0.005839416,0.003649635,0.013868613,0.048905109,0,0,0,0,0,0,0,0,0,0,0,0,0,0,0,0,0,0,0,0,0,0,0,0,0,0,0,0,0,0,0,0,0,0,0,0,0,0,0.000729927,0.008759124,0.01459854,0.004379562,0.004379562,0.010948905,0,0
181,C:/Users/TristanKleyn/Downloads/ecotypeClassification/binary/Binaries_20241001/10MIN/WINDOWS_20241001.csv,17:34.3,1.18784,13,SRKW,0,0,0,0.001724138,0.04137931,0.036206897,0.013793103,0.006896552,0,0,0,0.010344828,0.00862069,0.010344828,0.010344828,0.005172414,0.084482759,0,0.029310345,0.013793103,0.010344828,0.010344828,0.018965517,0.017241379,0.013793103,0.010344828,0.005172414,0.006896552,0.006896552,0.00862069,0,0,0,0,0,0,0,0,0,0.006896552,0.00862069,0.012068966,0.032758621,0.044827586,0.006896552,0.003448276,0.003448276,0,0,0,0,0,0,0,0,0,0,0,0,0,0,0,0,0,0,0,0,0,0,0,0,0,0,0,0,0,0,0,0,0,0,0,0,0,0,0,0,0,0,0
182,C:/Users/TristanKleyn/Downloads/ecotypeClassification/binary/Binaries_20241001/10MIN/WINDOWS_20241001.csv,18:26.3,5.984256,13,SRKW,0.003764545,0.001711157,0.000342231,0.001026694,0.002053388,0.005817933,0.005475702,0.02532512,0.014031485,0.010951403,0.004791239,0.003422313,0.002395619,0.003764545,0.006160164,0.032169747,0.015058179,0.008898015,0.012320329,0.002737851,0.001026694,0.004106776,0.004106776,0.011635866,0.022245038,0.011293634,0.013689254,0.039698836,0.017111567,0.009240246,0.018822724,0.005817933,0.01779603,0.01266256,0.004106776,0.004106776,0.016084873,0.008898015,0.003764545,0.000342231,0.000342231,0.004449008,0.002737851,0.006160164,0.004106776,0.001711157,0.005817933,0.003080082,0.001026694,0.002737851,0.003422313,0,0,0,0,0,0,0.002053388,0.002053388,0.001711157,0.004106776,0.000684463,0.003764545,0.008898015,0.014715948,0.00513347,0.005817933,0.002737851,0.002053388,0.002395619,0.002737851,0.002053388,0.003422313,0.000342231,0.001368925,0.004106776,0.00513347,0.000342231,0,0,0,0,0,0,0,0,0,0,0,0
183,C:/Users/TristanKleyn/Downloads/ecotypeClassification/binary/Binaries_20241001/10MIN/WINDOWS_20241001.csv,18:30.3,1.548288,13,SRKW,0,0,0,0.001322751,0.026455026,0.01984127,0.014550265,0.010582011,0.047619048,0.021164021,0.003968254,0.001322751,0.009259259,0.009259259,0.037037037,0.041005291,0.010582011,0.07010582,0.022486772,0.010582011,0.018518519,0.005291005,0.013227513,0.031746032,0,0,0,0,0,0,0,0,0,0,0,0,0.01984127,0.006613757,0,0,0,0,0,0,0,0,0,0,0,0,0,0.026455026,0.021164021,0,0,0,0,0,0,0,0,0,0,0,0,0,0,0,0,0,0,0,0,0,0,0,0,0,0,0,0,0,0,0,0,0,0,0,0,0
184,C:/Users/TristanKleyn/Downloads/ecotypeClassification/binary/Binaries_20241001/10MIN/WINDOWS_20241001.csv,18:34.3,11.833344,13,SRKW,0.00017307,0.001557632,0.005192108,0.010557286,0.003288335,0.003980616,0.006057459,0.005711319,0.027345102,0.007095881,0.002942195,0.007268951,0.008134303,0.004845967,0.011941848,0.015576324,0.009345794,0.007095881,0.01298027,0.012114919,0.006922811,0.006922811,0.015403254,0.011249567,0.005711319,0.003461405,0.009865005,0.004153686,0.00623053,0.011941848,0.010903427,0.007788162,0.007615092,0.011422638,0.014364832,0.015230183,0.005538249,0.005365178,0.002769124,0.003980616,0.013845621,0.009345794,0.005538249,0.003807546,0.010038075,0.003115265,0.001557632,0.005019038,0.001730703,0.004499827,0.004153686,0.008999654,0.001384562,0.00017307,0.002422984,0.009691935,0.002942195,0.003634476,0.010903427,0.005019038,0.004845967,0.002942195,0.006922811,0.003461405,0.001730703,0.004153686,0.003461405,0.004672897,0.008134303,0.009518865,0.004153686,0.002249913,0.00017307,0.001038422,0.000346141,0,0,0,0,0,0,0,0,0,0,0,0,0,0.003115265,0.001211492
185,C:/Users/TristanKleyn/Downloads/ecotypeClassification/binary/Binaries_20241001/10MIN/WINDOWS_20241001.csv,18:38.3,7.929856,13,SRKW,0.003099174,0.00232438,0.006714876,0.005681818,0.003615702,0.00232438,0.005681818,0.014204545,0.002840909,0.000516529,0.010588843,0.011105372,0.007231405,0.001807851,0.002582645,0.009555785,0.003357438,0.006714876,0.014721074,0.004907025,0.001291322,0.003615702,0.012654959,0.018853306,0.017820248,0.004132231,0.008522727,0.005423554,0.012913223,0.00981405,0.005940083,0.00697314,0.005681818,0.005940083,0.008264463,0.005423554,0.014204545,0.011105372,0.009555785,0.011880165,0.009039256,0.009039256,0.004907025,0.012913223,0.005165289,0.003099174,0.007489669,0.007747934,0.006714876,0.002066116,0.006714876,0.010847107,0.003873967,0.006456612,0.011880165,0.008006198,0.015237603,0.005940083,0.004390496,0.00464876,0.00232438,0.001549587,0.001291322,0.008264463,0.007231405,0.000258264,0,0,0,0,0,0,0,0,0.000258264,0.000258264,0.000258264,0.001807851,0.00232438,0.004132231,0.001291322,0.001807851,0.003099174,0.001033058,0.000516529,0.001807851,0.005940083,0.002582645,0.003357438,0.002840909
186,C:/Users/TristanKleyn/Downloads/ecotypeClassification/binary/Binaries_20241001/10MIN/WINDOWS_20241001.csv,18:42.3,4.456448,13,SRKW,0,0.000919118,0.003216912,0.013786765,0.005514706,0.007352941,0.003676471,0.0078125,0.007352941,0.012867647,0.013786765,0.007352941,0.002297794,0,0,0,0.012867647,0.029411765,0.017922794,0.013327206,0.002297794,0.004136029,0.011029412,0.019301471,0.015625,0.009191176,0.048713235,0.037683824,0.016544118,0.030330882,0.017463235,0.021139706,0.002757353,0,0,0,0,0,0,0.001378676,0.011488971,0.007352941,0,0,0,0,0,0,0,0,0.001838235,0.000459559,0,0.000459559,0.000459559,0.000459559,0.000459559,0.000919118,0,0.000459559,0.001378676,0.002297794,0.020220588,0.012867647,0.010110294,0.016544118,0.005055147,0,0,0,0,0,0,0,0,0,0,0,0,0,0,0,0,0,0.000459559,0.000459559,0,0,0.000459559,0.008731618
187,C:/Users/TristanKleyn/Downloads/ecotypeClassification/binary/Binaries_20241001/10MIN/WINDOWS_20241001.csv,18:46.3,1.552384,13,SRKW,0,0,0,0.002638522,0.056728232,0.001319261,0.001319261,0.013192612,0.015831135,0.003957784,0.003957784,0.031662269,0.026385224,0.015831135,0.009234828,0.003957784,0.002638522,0.003957784,0.026385224,0.046174142,0.022427441,0.011873351,0.002638522,0.001319261,0.002638522,0.007915567,0.021108179,0.013192612,0,0,0,0,0,0,0,0,0,0,0,0,0,0,0,0,0,0,0,0,0,0,0,0,0,0,0.002638522,0.003957784,0.002638522,0,0.001319261,0,0.001319261,0.002638522,0.009234828,0.021108179,0.013192612,0.011873351,0.01055409,0.014511873,0.025065963,0.019788918,0.011873351,0,0,0,0,0,0,0,0,0,0,0,0,0,0,0,0,0,0,0
188,C:/Users/TristanKleyn/Downloads/ecotypeClassification/binary/Binaries_20241001/10MIN/WINDOWS_20241001.csv,19:22.3,3.93216,13,SRKW,0,0,0.003645833,0.010416667,0.009895833,0.00625,0.011979167,0.00625,0.008854167,0.003645833,0.0078125,0.011979167,0.009895833,0.009895833,0.007291667,0.011458333,0.006770833,0.0109375,0.0125,0.008854167,0.004166667,0.010416667,0.011458333,0.014583333,0.008333333,0.008854167,0.007291667,0.0109375,0.005729167,0.007291667,0.003645833,0.005208333,0.004166667,0.0046875,0.002604167,0.005729167,0.006770833,0.014583333,0.0328125,0.0171875,0.022395833,0.0078125,0.002083333,0.003645833,0.006770833,0.005729167,0.002604167,0.004166667,0.0015625,0.0015625,0.0015625,0.0015625,0.005208333,0.004166667,0.0015625,0.002083333,0.0015625,0.0015625,0.001041667,0.0015625,0.001041667,0.003645833,0.000520833,0,0,0,0,0,0,0,0,0,0,0,0,0,0,0,0,0,0,0,0,0.002604167,0.005729167,0.009895833,0.0203125,0.021875,0.00625,0.003125
189,C:/Users/TristanKleyn/Downloads/ecotypeClassification/binary/Binaries_20241001/10MIN/WINDOWS_20241001.csv,19:26.3,4.030464,13,SRKW,0,0,0.00050813,0.016768293,0.028455285,0,0.00203252,0.00203252,0.00101626,0.011686992,0.054878049,0.035569106,0.004065041,0.003556911,0.004065041,0.00304878,0.029979675,0.037093496,0.034552846,0.010162602,0.00152439,0.00152439,0.004573171,0.003556911,0.014227642,0.010670732,0.010670732,0.00203252,0.00254065,0.012703252,0.022357724,0.015243902,0.00304878,0.00101626,0,0,0.021849593,0.00152439,0.00101626,0,0,0,0.00050813,0.020833333,0,0,0.00050813,0.003556911,0.008130081,0.003556911,0.00254065,0.00203252,0.00254065,0.00203252,0.00101626,0.00254065,0.011178862,0.007113821,0.00203252,0.00254065,0.00152439,0.00101626,0.00203252,0.007113821,0.006097561,0,0,0,0,0,0,0,0,0,0,0,0,0,0,0,0,0,0,0,0,0,0,0,0,0
190,C:/Users/TristanKleyn/Downloads/ecotypeClassification/binary/Binaries_20241001/10MIN/WINDOWS_20241001.csv,19:30.3,8.339456,13,SRKW,0.00024558,0.002210216,0.003438114,0.02848723,0.015962672,0.003192534,0.002701375,0.006139489,0.005157171,0.014734774,0.020137525,0.009823183,0.007367387,0.01154224,0.009086444,0.004174853,0.010068762,0.014734774,0.011787819,0.002946955,0.00540275,0.004911591,0.01129666,0.004911591,0.012524558,0.007367387,0.001964637,0.000736739,0.006385069,0.004666012,0.00540275,0.003683694,0.006385069,0.006630648,0.003192534,0.004911591,0.010559921,0.01129666,0.008840864,0.005157171,0.002946955,0.002946955,0.003192534,0.002210216,0.008104126,0.006139489,0.006385069,0.006876228,0.00564833,0.001719057,0.002455796,0.00589391,0.003438114,0.004666012,0.003683694,0.003438114,0.004666012,0.004174853,0.006139489,0.010068762,0.006385069,0.002210216,0.004666012,0.004420432,0.003192534,0.006876228,0.009823183,0.006876228,0.001227898,0.001964637,0.003929273,0.002210216,0.002946955,0.004911591,0.003683694,0.003192534,0.00564833,0.002946955,0.003683694,0.001719057,0.003929273,0.004420432,0.001473477,0.001227898,0.001227898,0.00024558,0,0,0,0
191,C:/Users/TristanKleyn/Downloads/ecotypeClassification/binary/Binaries_20241001/10MIN/WINDOWS_20241001.csv,19:34.3,3.489792,13,SRKW,0.017605634,0.001173709,0.003521127,0.019366197,0,0,0,0,0.000586854,0.029929577,0.037558685,0.028169014,0.004107981,0.011737089,0.01056338,0.002347418,0.02758216,0.015258216,0.009976526,0.005868545,0.009389671,0.008215962,0.017605634,0.028755869,0.009389671,0.001760563,0.001760563,0.002347418,0,0,0.007629108,0.002934272,0.012910798,0.002934272,0.001173709,0.001173709,0.001173709,0.001760563,0.001173709,0.000586854,0.003521127,0.002347418,0.003521127,0.008802817,0.001760563,0.004694836,0.000586854,0,0,0.001760563,0.012910798,0.005868545,0.007042254,0.004694836,0.012910798,0,0.004694836,0.007042254,0.008215962,0.007042254,0.012910798,0.002934272,0.00528169,0.000586854,0.004694836,0.009976526,0.002347418,0.002934272,0.006455399,0.008215962,0.002347418,0.000586854,0.004694836,0.000586854,0,0,0,0,0,0,0,0,0,0,0,0,0,0,0,0
192,C:/Users/TristanKleyn/Downloads/ecotypeClassification/binary/Binaries_20241001/10MIN/WINDOWS_20241001.csv,19:38.3,3.39968,13,SRKW,0,0,0.001807229,0.008433735,0.003012048,0.002409639,0.027710843,0.002409639,0.005421687,0.01746988,0.004819277,0.019879518,0.009036145,0.002409639,0.007831325,0.021084337,0.013253012,0.035542169,0.018072289,0.007228916,0.004216867,0.005421687,0.00060241,0.015060241,0.005421687,0,0,0,0.004216867,0.010240964,0.010843373,0.009036145,0.007831325,0.018072289,0.010843373,0.003614458,0.007228916,0.010240964,0.007228916,0.004819277,0.013253012,0.005421687,0.001204819,0.003614458,0.003614458,0.013855422,0.005421687,0.006626506,0.001204819,0,0.001807229,0.004216867,0.009638554,0.004216867,0.003012048,0.012048193,0.004819277,0.002409639,0.005421687,0.010843373,0.010843373,0.009036145,0.004216867,0.004819277,0.001807229,0.003012048,0.00060241,0.00060241,0.001204819,0,0,0,0,0,0,0,0,0,0,0,0,0,0,0,0,0.00060241,0.002409639,0.002409639,0.001204819,0.001807229
193,C:/Users/TristanKleyn/Downloads/ecotypeClassification/binary/Binaries_20241001/10MIN/WINDOWS_20241001.csv,19:42.3,5.136384,13,SRKW,0.006379585,0.006778309,0.002392344,0.003189793,0.001594896,0.003588517,0.008373206,0.002791069,0.000797448,0.006778309,0.012360447,0.011562998,0.000398724,0.001594896,0.013955343,0.005582137,0.013556619,0.025518341,0.001196172,0,0.000797448,0.000797448,0.003987241,0.017942584,0.011562998,0.002392344,0.001196172,0.00199362,0.01953748,0.015151515,0.022727273,0.007177033,0.001594896,0.009170654,0.007177033,0.005980861,0.011562998,0.009569378,0.010366826,0.000398724,0.007575758,0.007177033,0.007974482,0.010366826,0.012360447,0.00877193,0.003189793,0.007177033,0.007177033,0.003588517,0.005183413,0.009170654,0.001594896,0.009569378,0.007974482,0.005582137,0.004385965,0.002392344,0.006379585,0.008373206,0.007575758,0.000797448,0.001196172,0.000797448,0.00199362,0.01076555,0.015948963,0.007177033,0.003588517,0.002392344,0.000398724,0,0,0,0,0,0,0,0.000398724,0.003987241,0.009968102,0.003189793,0.003189793,0.000797448,0.000398724,0,0,0,0,0
194,C:/Users/TristanKleyn/Downloads/ecotypeClassification/binary/Binaries_20241001/10MIN/WINDOWS_20241001.csv,19:46.3,10.248192,13,SRKW,0.004196643,0.00059952,0.00059952,0.008992806,0.01538769,0.002597922,0.000999201,0.001998401,0.001798561,0.012390088,0.010391687,0.017585931,0.003996803,0.002198241,0.003597122,0.005195843,0.010591527,0.010391687,0.019784173,0.003796962,0.001998401,0.001199041,0.010391687,0.006994404,0.006394884,0.004596323,0.004196643,0.003597122,0.004996003,0.010791367,0.007593925,0.010591527,0.010791367,0.008193445,0.002997602,0.004596323,0.009392486,0.004396483,0.011990408,0.014788169,0.007993605,0.004796163,0.009192646,0.005195843,0.003397282,0.008792966,0.005795364,0.010391687,0.004396483,0.009192646,0.004796163,0.005995204,0.001598721,0.004196643,0.003397282,0.003796962,0.002597922,0.006794564,0.002997602,0.005195843,0.003597122,0.001998401,0.003197442,0.004996003,0.001998401,0.003996803,0.006394884,0.003796962,0.002797762,0.002797762,0.003397282,0.001199041,0.003197442,0.004996003,0.002398082,0.002997602,0.005595524,0.003996803,0.001199041,0.003796962,0.007394085,0.005995204,0.001199041,0.003597122,0.001998401,0.001199041,0.004796163,0.006994404,0.006195044,0.004196643
195,C:/Users/TristanKleyn/Downloads/ecotypeClassification/binary/Binaries_20241001/10MIN/WINDOWS_20241001.csv,20:22.3,2.06848,13,SRKW,0.000990099,0,0,0.035643564,0.037623762,0,0,0,0,0,0,0,0,0,0.000990099,0.003960396,0.017821782,0,0.001980198,0.001980198,0.002970297,0.001980198,0.013861386,0.01980198,0.01980198,0.012871287,0.023762376,0.013861386,0.006930693,0.001980198,0,0,0,0,0.000990099,0,0.033663366,0.00990099,0.008910891,0,0,0.002970297,0.007920792,0.001980198,0.005940594,0.010891089,0.000990099,0,0,0.013861386,0.007920792,0,0,0,0,0,0,0.000990099,0.005940594,0.00990099,0.008910891,0,0.010891089,0.012871287,0.005940594,0.004950495,0.007920792,0.002970297,0.011881188,0.001980198,0,0,0,0,0,0,0,0,0,0,0,0.010891089,0.022772277,0.006930693,0,0.008910891,0.025742574,0.014851485,0,0
196,C:/Users/TristanKleyn/Downloads/ecotypeClassification/binary/Binaries_20241001/10MIN/WINDOWS_20241001.csv,20:26.3,6.053888,13,SRKW,0.002368065,0.004397835,0.003044655,0.004397835,0.02097429,0.00270636,0.001691475,0.00202977,0.001691475,0.001691475,0.019282815,0.01759134,0.0067659,0.001691475,0.00067659,0.00202977,0.009133965,0.009133965,0.016576455,0.00947226,0.00541272,0.001691475,0.003721245,0.00608931,0.015223275,0.005074425,0.00947226,0.00338295,0.001691475,0.00744249,0.004397835,0.017253045,0.011163735,0.0135318,0.009810555,0.00541272,0.00338295,0.003044655,0.021989175,0.01014885,0.01217862,0.011840325,0.00608931,0.002368065,0.00473613,0.00541272,0.00744249,0.015223275,0.00811908,0.01150203,0.006427605,0.004397835,0.008457375,0.008457375,0.003044655,0.006427605,0.00879567,0.00405954,0.003044655,0,0.009810555,0.00405954,0,0,0,0,0,0,0,0.001014885,0.00473613,0.00744249,0.001014885,0,0.005074425,0.002368065,0,0,0,0,0,0.00338295,0.007780785,0.001014885,0,0,0,0,0.007104195,0.010487145
197,C:/Users/TristanKleyn/Downloads/ecotypeClassification/binary/Binaries_20241001/10MIN/WINDOWS_20241001.csv,20:30.3,4.784128,13,SRKW,0.01369863,0.001284247,0.002140411,0.004708904,0.029965753,0.015839041,0.002996575,0.001284247,0,0.002140411,0.007705479,0.037243151,0.003424658,0.000428082,0.001712329,0.00385274,0.008561644,0.02739726,0.039383562,0.02140411,0.018407534,0.008133562,0.008989726,0.003424658,0.005565068,0.019263699,0.020547945,0.006421233,0.000856164,0,0,0,0.002140411,0.01369863,0.002996575,0.000856164,0.006849315,0.004708904,0.002996575,0.008133562,0.012842466,0.004708904,0,0,0,0.005136986,0.014982877,0.001284247,0,0,0,0.005136986,0.002996575,0.002140411,0,0.008133562,0.002140411,0.001712329,0.001284247,0.009417808,0.007705479,0.003424658,0.003424658,0.000856164,0.000428082,0.001284247,0.002568493,0.001284247,0.00385274,0.004280822,0.011130137,0.000428082,0,0,0,0,0.000428082,0.011986301,0.003424658,0.00385274,0.006421233,0.002140411,0,0,0,0,0,0,0,0
198,C:/Users/TristanKleyn/Downloads/ecotypeClassification/binary/Binaries_20241001/10MIN/WINDOWS_20241001.csv,20:34.3,5.812224,13,SRKW,0.004580691,0.004933051,0.012684989,0.03030303,0.014094433,0.006694856,0.002466526,0.00422833,0.003523608,0.015503876,0.022198732,0.012684989,0.006694856,0.005285412,0.002818887,0.004580691,0.015856237,0.001761804,0.002466526,0.007047216,0.009513742,0.006694856,0.017970402,0.008104299,0.015151515,0.010218464,0.009513742,0.003875969,0.003523608,0.00422833,0.002466526,0.004580691,0.005990134,0.004580691,0.002818887,0.009161381,0,0,0,0,0.003171247,0.003523608,0.009866103,0.003523608,0.001057082,0.002114165,0.001761804,0.013389711,0.01303735,0.00422833,0.003523608,0.003171247,0,0,0.000704722,0.005637773,0.000704722,0,0,0.000352361,0.010570825,0.011275546,0.002818887,0,0,0,0,0.002114165,0.004933051,0.007399577,0.003523608,0.002114165,0.003875969,0.020436927,0.018322763,0.010570825,0.001409443,0.000704722,0.000704722,0.002818887,0.005637773,0.002114165,0.003875969,0,0,0.002818887,0.004580691,0.00422833,0.001761804,0.002818887
199,C:/Users/TristanKleyn/Downloads/ecotypeClassification/binary/Binaries_20241001/10MIN/WINDOWS_20241001.csv,20:38.3,4.497408,13,SRKW,0.005464481,0.004098361,0.003642987,0.012295082,0.008196721,0,0,0,0,0.000910747,0.006375228,0.013205829,0.003642987,0.002276867,0.003642987,0.004553734,0.021857923,0.007285974,0.001821494,0.002276867,0.011384335,0.006830601,0.01867031,0.000455373,0,0,0.002276867,0.006375228,0.010473588,0.009107468,0.00273224,0.007741348,0.00136612,0.00136612,0.005009107,0.00273224,0.003187614,0.007741348,0.005009107,0.005464481,0.012750455,0.006375228,0.001821494,0.000455373,0.016393443,0.004553734,0.00273224,0.004553734,0.006375228,0.003187614,0.001821494,0.005919854,0.002276867,0.005919854,0.01867031,0.02276867,0.006375228,0.006830601,0.003187614,0.000455373,0.003642987,0.00273224,0.006375228,0.004098361,0.00273224,0.006830601,0.005919854,0.004553734,0.003187614,0.004098361,0.003187614,0.005464481,0.004553734,0.014571949,0.019581056,0.013205829,0.009562842,0.003187614,0.00273224,0.00273224,0.009562842,0.00136612,0.000455373,0.002276867,0.004098361,0.003642987,0.003187614,0.008196721,0.000455373,0.000910747
200,C:/Users/TristanKleyn/Downloads/ecotypeClassification/binary/Binaries_20241001/10MIN/WINDOWS_20241001.csv,20:42.3,6.672384,13,SRKW,0.001534684,0.00092081,0.001841621,0.013198281,0.002455494,0.000613874,0,0,0.000613874,0.014119091,0.008287293,0,0,0,0.000613874,0.016574586,0.011663597,0.004910988,0.00951504,0.001534684,0.00092081,0.003683241,0.031000614,0.002148557,0,0,0.000613874,0.005831799,0.012277471,0.018416206,0.018109269,0.013198281,0.00951504,0.007366483,0.013812155,0.005831799,0.015653775,0.003683241,0.008901166,0.00092081,0.003683241,0.002762431,0.008901166,0.010742787,0.003683241,0.001534684,0.003376304,0.003990178,0.005831799,0.004604052,0.001227747,0.001841621,0.000613874,0.001841621,0.002455494,0.00092081,0.002455494,0.001841621,0.002455494,0.000613874,0.002455494,0.003376304,0.011356661,0.004297115,0.007059546,0.008287293,0.004297115,0.004604052,0.007059546,0.005524862,0.010128913,0.01043585,0.004604052,0.018109269,0.003683241,0.008287293,0.012277471,0.007366483,0.00092081,0.003683241,0.006752609,0.00092081,0.000306937,0.010128913,0.004910988,0.002762431,0.004604052,0.003990178,0,0.002148557
201,C:/Users/TristanKleyn/Downloads/ecotypeClassification/binary/Binaries_20241001/10MIN/WINDOWS_20241001.csv,20:46.3,1.056768,13,SRKW,0,0,0,0.069767442,0.027131783,0,0,0,0.005813953,0.013565891,0.114341085,0.01744186,0,0,0,0,0,0.102713178,0.001937984,0,0,0,0,0,0,0,0,0,0,0,0.044573643,0.058139535,0.003875969,0.001937984,0,0,0,0,0,0,0,0,0,0,0,0,0,0,0,0,0,0,0.03875969,0,0,0,0,0,0,0,0,0,0,0,0,0,0,0,0,0,0,0,0,0,0,0,0,0,0,0,0,0,0,0,0,0,0,0,0,0
202,C:/Users/TristanKleyn/Downloads/ecotypeClassification/binary/Binaries_20241001/10MIN/WINDOWS_20241001.csv,21:26.3,1.138688,13,SRKW,0,0.005395683,0.001798561,0.014388489,0.026978417,0,0,0,0,0.001798561,0.010791367,0.017985612,0.019784173,0.012589928,0.017985612,0.001798561,0.001798561,0,0.039568345,0,0,0,0,0,0,0.001798561,0.059352518,0.014388489,0,0,0,0,0,0,0,0,0,0.007194245,0.003597122,0.005395683,0.026978417,0,0.007194245,0.001798561,0.003597122,0.019784173,0.003597122,0.012589928,0.075539568,0.028776978,0.019784173,0,0,0,0,0,0,0,0,0,0,0,0.005395683,0.001798561,0.010791367,0.017985612,0,0,0,0,0,0,0,0,0,0,0,0,0,0,0,0,0,0,0,0,0,0,0,0
203,C:/Users/TristanKleyn/Downloads/ecotypeClassification/binary/Binaries_20241001/10MIN/WINDOWS_20241001.csv,21:38.3,2.3552,13,SRKW,0,0,0,0,0,0,0.004347826,0.019130435,0.004347826,0,0,0,0,0,0.000869565,0.006956522,0.006086957,0.002608696,0.00173913,0,0,0,0.000869565,0.003478261,0.036521739,0.015652174,0.00173913,0.000869565,0,0,0.008695652,0.022608696,0.02173913,0,0,0,0.00173913,0.026086957,0.036521739,0.022608696,0.000869565,0,0,0.000869565,0.020869565,0.013043478,0.024347826,0,0.00173913,0.003478261,0,0.005217391,0.002608696,0.004347826,0.005217391,0,0.004347826,0.008695652,0.010434783,0.000869565,0.036521739,0.00173913,0,0,0.015652174,0.035652174,0.003478261,0,0,0,0,0,0,0,0,0,0,0.00173913,0.025217391,0.020869565,0.006086957,0.000869565,0,0,0,0,0,0,0,0
204,C:/Users/TristanKleyn/Downloads/ecotypeClassification/binary/Binaries_20241001/10MIN/WINDOWS_20241001.csv,21:46.3,2.678784,13,SRKW,0,0,0,0.005351682,0.032874618,0.00382263,0.002293578,0,0,0,0,0,0,0,0,0,0,0.008409786,0.016819572,0.018348624,0.013761468,0.001529052,0.001529052,0.002293578,0.016055046,0.008409786,0.012232416,0.04969419,0.006880734,0,0.00764526,0.01911315,0.00382263,0.002293578,0.02675841,0.020642202,0.003058104,0,0.008409786,0.004587156,0.009174312,0.01911315,0.025229358,0.01146789,0.006880734,0,0,0.003058104,0.001529052,0.019877676,0.000764526,0,0,0,0,0,0,0,0.00382263,0.01146789,0.004587156,0.002293578,0.004587156,0.012996942,0.002293578,0.003058104,0,0.003058104,0.002293578,0.005351682,0.006116208,0.012232416,0.009938838,0,0,0,0,0.002293578,0.00382263,0.016055046,0,0,0,0,0,0,0,0,0,0
205,C:/Users/TristanKleyn/Downloads/ecotypeClassification/binary/Binaries_20241015/10MIN/WINDOWS_20241015.csv,15:59.0,1.675264,14,Biggs,0.009779951,0.02200489,0.050122249,0.004889976,0.031784841,0.033007335,0.052567237,0.001222494,0,0,0,0,0,0,0,0,0,0,0,0,0,0,0,0,0,0,0,0,0,0,0,0.012224939,0.013447433,0.008557457,0.011002445,0.026894866,0.031784841,0.002444988,0.009779951,0.017114914,0.041564792,0.017114914,0.030562347,0.015892421,0.047677262,0.008557457,0,0,0,0,0,0,0,0,0,0,0,0,0,0,0,0,0,0,0,0,0,0,0,0,0,0,0,0,0,0,0,0,0,0,0,0,0,0,0,0,0,0,0,0
206,C:/Users/TristanKleyn/Downloads/ecotypeClassification/binary/Binaries_20241015/10MIN/WINDOWS_20241015.csv,16:39.0,1.011712,14,Biggs,0.072874494,0.064777328,0.022267206,0.038461538,0.066801619,0.012145749,0,0,0,0,0,0,0,0,0,0,0,0,0.006072874,0.026315789,0.018218623,0,0,0.006072874,0.012145749,0.024291498,0.002024291,0,0,0,0,0,0,0,0.022267206,0.020242915,0,0,0,0,0,0,0,0,0,0,0,0,0,0,0,0,0,0,0,0,0,0,0,0,0,0,0,0,0.028340081,0.016194332,0,0,0,0,0,0,0,0,0,0,0,0,0,0,0,0.002024291,0.004048583,0.028340081,0.006072874,0,0,0,0,0
207,C:/Users/TristanKleyn/Downloads/ecotypeClassification/binary/Binaries_20241015/10MIN/WINDOWS_20241015.csv,16:43.0,4.661248,14,Biggs,0.000439367,0.000878735,0.002196837,0.000878735,0.00659051,0.006151142,0.010984183,0.008347979,0.018892794,0.003954306,0.009226714,0.013181019,0.009226714,0.013181019,0.008347979,0.014059754,0.009226714,0.007029877,0.007908612,0.005711775,0.003075571,0.003514938,0.007029877,0.002636204,0.005272408,0.00483304,0.014499121,0.010984183,0.00483304,0.008787346,0.009226714,0.011862917,0.009226714,0.010984183,0.00659051,0.010544815,0.015377856,0.008347979,0.00659051,0.008787346,0.011862917,0.010984183,0.005711775,0.005272408,0.007908612,0.012302285,0.00659051,0.007908612,0.00483304,0.005711775,0.009666081,0.00659051,0.002196837,0.002636204,0.002636204,0,0,0,0,0,0,0,0,0,0,0.005272408,0.00659051,0.005272408,0.007908612,0.011862917,0.005272408,0.003954306,0.005272408,0.00659051,0.005272408,0.001318102,0.00483304,0.000878735,0.002636204,0.001318102,0.003075571,0.000439367,0,0,0,0,0,0,0,0
208,C:/Users/TristanKleyn/Downloads/ecotypeClassification/binary/Binaries_20241015/10MIN/WINDOWS_20241015.csv,16:47.0,4.038656,14,Biggs,0.049188641,0.013691684,0.007606491,0.017241379,0.057809331,0.007606491,0.009127789,0.00862069,0.018762677,0.004056795,0.003549696,0.027890467,0.011156187,0.010649087,0.003042596,0.000507099,0.002028398,0.000507099,0.012170385,0.00862069,0.004563895,0.000507099,0.006085193,0.012170385,0.004563895,0.006085193,0.009634888,0.007099391,0.00862069,0.005578093,0.006085193,0.006592292,0.003549696,0.006592292,0.004056795,0.007606491,0.005070994,0.003042596,0.005070994,0.003042596,0.000507099,0.001014199,0.003042596,0.003549696,0.003549696,0.002535497,0.006592292,0.001521298,0,0,0,0.003549696,0.003042596,0.002535497,0.003549696,0,0,0,0,0,0,0,0.001521298,0.002535497,0.002535497,0.004563895,0.001014199,0,0,0,0.001014199,0.002028398,0.001521298,0.002535497,0.003549696,0.003042596,0.007606491,0.003042596,0.002028398,0.001014199,0.005578093,0.000507099,0.002028398,0.005070994,0.006085193,0.002535497,0.002535497,0.007099391,0.003549696,0.001014199
209,C:/Users/TristanKleyn/Downloads/ecotypeClassification/binary/Binaries_20241015/10MIN/WINDOWS_20241015.csv,16:55.0,4.497408,14,Biggs,0.007285974,0.020947177,0.008652095,0.016848816,0.029599271,0.009107468,0.009562842,0.010018215,0.027322404,0.009562842,0.00273224,0.005919854,0.006830601,0.003187614,0.005464481,0.004553734,0.015027322,0.008196721,0.009107468,0.007741348,0.007285974,0,0,0.009107468,0.006375228,0.005919854,0.00136612,0.011839709,0.001821494,0.009562842,0.004553734,0.013205829,0.007741348,0.014116576,0.012295082,0.016848816,0.006375228,0.005919854,0.004553734,0.00273224,0.004098361,0.003187614,0.004553734,0.005464481,0.005919854,0.004098361,0.010928962,0.004098361,0.000910747,0.006375228,0.009562842,0,0.001821494,0.005919854,0.00136612,0,0,0,0,0,0,0,0.00273224,0.001821494,0.001821494,0.004098361,0.005009107,0.005919854,0.009562842,0.008196721,0.000455373,0,0,0,0,0.003187614,0.009562842,0.000910747,0,0,0,0,0,0,0,0.00273224,0.003642987,0.009107468,0.001821494,0.001821494
210,C:/Users/TristanKleyn/Downloads/ecotypeClassification/binary/Binaries_20241015/10MIN/WINDOWS_20241015.csv,17:39.0,3.72736,14,Biggs,0.01978022,0.009340659,0.007692308,0.013186813,0.018681319,0.013186813,0.025274725,0.016483516,0.014835165,0.015384615,0.01043956,0.020879121,0.010989011,0.004945055,0,0,0,0,0.007142857,0.011538462,0.004395604,0.005494505,0,0,0.000549451,0.004395604,0.011538462,0.005494505,0.003846154,0.007142857,0.006043956,0.006043956,0.012087912,0.016483516,0.00989011,0.004945055,0.007692308,0.012087912,0.009340659,0.007692308,0.018131868,0.008791209,0.004945055,0.005494505,0.013186813,0.00989011,0.008791209,0.008791209,0.003296703,0.008241758,0.003846154,0,0,0,0,0.006043956,0.008791209,0.001648352,0.006593407,0.002747253,0.003296703,0,0,0.001648352,0.004395604,0.001648352,0.003296703,0,0,0,0,0,0,0,0,0.001098901,0.00989011,0.000549451,0,0,0,0,0,0,0,0,0,0,0,0
211,C:/Users/TristanKleyn/Downloads/ecotypeClassification/binary/Binaries_20241015/10MIN/WINDOWS_20241015.csv,19:47.0,6.520832,14,Biggs,0.010992462,0.018530151,0.012248744,0.011620603,0.020414573,0.011306533,0.008479899,0.019786432,0.013190955,0.003140704,0.008479899,0.020100503,0.022298995,0.004711055,0.006281407,0.00031407,0.000628141,0.002198492,0.005967337,0.004396985,0.006595477,0.002198492,0.002826633,0.00031407,0.003454774,0.006909548,0.011934673,0.013190955,0.006595477,0.006281407,0.012248744,0.010364322,0.022613065,0.022298995,0.020100503,0.01758794,0.015703518,0.015389447,0.019158291,0.01821608,0.010364322,0.011620603,0.007537688,0.004082915,0.00031407,0.001884422,0.001570352,0.002198492,0.000628141,0,0,0,0,0,0,0,0,0,0,0,0,0,0,0,0,0,0,0,0,0,0,0,0,0,0.00031407,0.002198492,0.006909548,0.008165829,0.000628141,0.000628141,0.000628141,0.001256281,0,0,0,0,0,0,0,0
212,C:/Users/TristanKleyn/Downloads/ecotypeClassification/binary/Binaries_20241015/10MIN/WINDOWS_20241015.csv,19:51.0,2.772992,14,Biggs,0.052437223,0.006646972,0.031757755,0.022895126,0.008124077,0.014032496,0.031757755,0.011816839,0.019202363,0.001477105,0.022895126,0.013293944,0.007385524,0,0,0,0,0,0,0,0,0,0,0,0,0,0.008124077,0.016986706,0.007385524,0.014771049,0.014771049,0.03028065,0.021418021,0.019940916,0.009601182,0.016248154,0.003692762,0.007385524,0.008124077,0.016248154,0.00295421,0,0,0,0,0,0,0,0,0,0,0,0,0,0,0,0,0,0,0,0,0,0.002215657,0.002215657,0.001477105,0.002215657,0.001477105,0.001477105,0.002215657,0.002215657,0.002215657,0.002215657,0.001477105,0.005169867,0.003692762,0.008862629,0.003692762,0,0,0,0,0,0,0,0.002215657,0.008862629,0.002215657,0.002215657,0,0
213,C:/Users/TristanKleyn/Downloads/ecotypeClassification/binary/Binaries_20241015/10MIN/WINDOWS_20241015.csv,21:03.0,6.275072,14,Biggs,0,0,0,0,0,0,0,0,0,0.000326371,0.003916449,0.008159269,0.002284595,0.002610966,0.003590078,0.006527415,0.002610966,0,0,0,0,0.00424282,0.002284595,0.000979112,0.000979112,0.002937337,0.001958225,0.002284595,0.002284595,0.00424282,0.007506527,0.007180157,0.009464752,0.015013055,0.01305483,0.01272846,0.015339426,0.020887728,0.010443864,0.010443864,0.014033943,0.014360313,0.015665796,0.01272846,0.010770235,0.011096606,0.006201044,0.011749347,0.000652742,0,0,0,0,0,0.000979112,0.003263708,0.000652742,0.004895561,0.008159269,0.011749347,0.006527415,0.009464752,0.015665796,0.009138381,0.013707572,0.009791123,0.005221932,0.006853786,0.009138381,0.011422977,0.010117493,0.00424282,0.005548303,0.00881201,0.003590078,0.006201044,0.001958225,0.000326371,0.001958225,0.005221932,0.009791123,0.002610966,0.002610966,0.009464752,0.004895561,0.008159269,0.004895561,0.003590078,0.002937337,0.004895561
214,C:/Users/TristanKleyn/Downloads/ecotypeClassification/binary/Binaries_20241015/10MIN/WINDOWS_20241015.csv,21:47.0,2.674688,14,Biggs,0.003828484,0.018376723,0.029096478,0.003828484,0,0.009188361,0.018376723,0.006891271,0.003828484,0,0,0,0,0,0,0,0,0,0,0,0,0,0,0,0,0,0.000765697,0.00229709,0.006891271,0.008422665,0.011485452,0.014548239,0.017611026,0.015313936,0.017611026,0.016845329,0.028330781,0.011485452,0.016845329,0.014548239,0.028330781,0.013016845,0.009188361,0.009954058,0.016079632,0.011485452,0.007656968,0.005359877,0,0,0,0,0.003062787,0.004594181,0.004594181,0.003828484,0.006891271,0.004594181,0.003828484,0,0,0,0,0,0,0.004594181,0.009954058,0.009188361,0.006891271,0.008422665,0.004594181,0.010719755,0.005359877,0.009954058,0.003828484,0.004594181,0.004594181,0.00229709,0,0,0,0,0,0,0,0,0,0,0.001531394,0.004594181
215,C:/Users/TristanKleyn/Downloads/ecotypeClassification/binary/Binaries_20241015/10MIN/WINDOWS_20241015.csv,21:59.0,2.351104,14,Biggs,0,0,0.00087108,0.013066202,0.010452962,0,0.023519164,0,0,0,0,0.007839721,0.043554007,0.005226481,0.019163763,0,0,0,0,0,0,0,0,0,0,0,0,0,0,0,0,0,0,0.00174216,0.006097561,0.008710801,0.017421603,0.011324042,0.012195122,0.012195122,0.019163763,0.018292683,0.016550523,0.015679443,0.024390244,0.020034843,0.019163763,0.031358885,0.007839721,0.007839721,0.004355401,0.013066202,0.005226481,0.00087108,0,0,0,0.00174216,0.012195122,0.006097561,0.018292683,0,0,0,0,0,0,0,0.00261324,0.003484321,0.00261324,0.003484321,0.011324042,0.013066202,0.005226481,0.008710801,0.010452962,0.00087108,0.00087108,0.00174216,0,0,0,0,0,0,0,0,0,0
216,C:/Users/TristanKleyn/Downloads/ecotypeClassification/binary/Binaries_20241015/10MIN/WINDOWS_20241015.csv,22:03.0,2.392064,14,Biggs,0,0,0,0,0,0,0,0,0.018835616,0.001712329,0.011130137,0.049657534,0.034246575,0.002568493,0.002568493,0.004280822,0.008561644,0,0,0,0,0,0,0,0,0,0,0.001712329,0.006849315,0.017979452,0.018835616,0.007705479,0.008561644,0.018835616,0.015410959,0,0,0,0,0,0,0,0,0,0,0.004280822,0.017979452,0.006849315,0.003424658,0.002568493,0.003424658,0.008561644,0.005993151,0.009417808,0.01369863,0.010273973,0.008561644,0.01369863,0.002568493,0,0,0,0,0,0.007705479,0.011986301,0.005993151,0.005136986,0.001712329,0.006849315,0.004280822,0.015410959,0.007705479,0.005136986,0.005993151,0.014554795,0.002568493,0.005993151,0.007705479,0.005993151,0.007705479,0.004280822,0.000856164,0.011130137,0.007705479,0.003424658,0.004280822,0.003424658,0.001712329,0
217,C:/Users/TristanKleyn/Downloads/ecotypeClassification/binary/Binaries_20241023/10MIN/WINDOWS_20241023.csv,00:16.4,2.048,15,Biggs,0.033,0.044,0.03,0.024,0.041,0.017,0.02,0.028,0.023,0.022,0.017,0.032,0.013,0.017,0.018,0.014,0,0,0,0,0,0,0,0,0,0,0,0,0.001,0.005,0.002,0.004,0.003,0.006,0.007,0.001,0,0,0,0,0,0,0,0.002,0.025,0.027,0,0,0,0,0,0,0,0,0,0,0,0,0,0,0,0,0,0,0,0,0,0,0,0,0,0,0.011,0.009,0.004,0,0,0,0,0,0,0,0,0,0,0,0,0,0,0
218,C:/Users/TristanKleyn/Downloads/ecotypeClassification/binary/Binaries_20241027/10MIN/WINDOWS_20241027.csv,29:12.5,1.306624,16,Biggs,0.079937304,0.017241379,0.009404389,0.001567398,0,0,0,0,0,0,0,0,0.007836991,0.010971787,0.018808777,0.018808777,0.006269592,0.009404389,0.014106583,0.001567398,0.010971787,0.012539185,0.032915361,0.037617555,0.028213166,0.02507837,0.045454545,0.032915361,0.009404389,0.018808777,0.015673981,0.007836991,0.006269592,0.007836991,0.012539185,0,0,0,0,0,0,0,0,0,0,0,0,0,0,0,0,0,0,0,0,0,0,0,0,0,0,0,0,0,0,0,0,0,0,0,0,0,0,0,0,0,0,0,0,0,0,0,0,0,0,0,0,0,0,0
219,C:/Users/TristanKleyn/Downloads/ecotypeClassification/binary/Binaries_20241027/10MIN/WINDOWS_20241027.csv,29:16.5,7.43424,16,Biggs,0.018732782,0.014325069,0.009366391,0.004683196,0.004683196,0.006887052,0.016253444,0.014049587,0.00661157,0.002754821,0.00523416,0.006060606,0.007713499,0.00523416,0.006336088,0.013774105,0.008264463,0.004132231,0.014049587,0.011019284,0.018181818,0.018181818,0.022038567,0.016253444,0.021763085,0.021212121,0.01707989,0.009090909,0.009641873,0.012121212,0.004132231,0.00523416,0.005785124,0.012121212,0.00523416,0.003856749,0.00661157,0.007162534,0.006887052,0.007162534,0.005785124,0.007713499,0.00523416,0.010192837,0.006336088,0.003856749,0.003581267,0.007438017,0.004683196,0.004683196,0.003856749,0.007713499,0.004132231,0.003305785,0.001928375,0.000826446,0.001652893,0.001101928,0.000550964,0.001101928,0.00137741,0.000826446,0.002203857,0,0,0,0,0,0,0,0,0,0,0,0,0,0,0,0,0,0,0,0,0,0,0,0,0,0,0
220,C:/Users/TristanKleyn/Downloads/ecotypeClassification/binary/Binaries_20241027/10MIN/WINDOWS_20241027.csv,29:20.5,2.51904,16,Biggs,0.01300813,0.010569106,0.011382114,0.004878049,0.014634146,0.009756098,0.010569106,0.007317073,0,0,0.000813008,0.01300813,0.011382114,0.006504065,0.003252033,0.004878049,0.003252033,0.010569106,0.016260163,0.005691057,0.003252033,0.011382114,0.02195122,0.020325203,0.017886179,0.018699187,0.035772358,0.014634146,0.015447154,0.024390244,0.01300813,0.008943089,0.006504065,0.011382114,0.005691057,0.011382114,0.011382114,0.007317073,0.003252033,0.001626016,0.020325203,0.010569106,0.010569106,0.004878049,0.011382114,0.002439024,0.001626016,0.001626016,0.001626016,0.003252033,0.001626016,0.008130081,0,0,0,0,0,0,0,0,0,0,0,0,0,0,0,0,0,0,0,0,0,0,0,0,0,0,0,0,0,0,0,0,0,0,0,0,0,0
221,C:/Users/TristanKleyn/Downloads/ecotypeClassification/binary/Binaries_20241027/10MIN/WINDOWS_20241027.csv,30:00.5,2.936832,16,Biggs,0.009065551,0.006973501,0.015341702,0.00209205,0.0013947,0.011854951,0.00488145,0.0027894,0.0041841,0.0041841,0.0013947,0.006276151,0.0041841,0.006973501,0.007670851,0.018131102,0.008368201,0.0027894,0.011854951,0.009762901,0.009065551,0.005578801,0.020223152,0.012552301,0.022315202,0.018828452,0.015341702,0.017433752,0.026499303,0.025104603,0.013947001,0.009762901,0.005578801,0.006973501,0.00488145,0.00488145,0.006973501,0.00488145,0.0041841,0.0027894,0.016039052,0.009762901,0.0041841,0.006276151,0.012552301,0.00488145,0.006973501,0.010460251,0.009762901,0.005578801,0.0027894,0.006276151,0.0013947,0.0027894,0.0013947,0.0041841,0,0,0,0,0,0,0,0,0,0,0,0,0,0,0,0,0,0,0,0.011854951,0.00488145,0,0,0,0,0,0,0,0,0,0,0,0,0
222,C:/Users/TristanKleyn/Downloads/ecotypeClassification/binary/Binaries_20241027/10MIN/WINDOWS_20241027.csv,30:04.5,2.576384,16,Biggs,0.022257552,0.020667727,0.026232114,0.012718601,0,0.001589825,0.007154213,0.008744038,0.014308426,0.007949126,0,0,0.00317965,0.008744038,0.014308426,0.010333863,0,0,0.00317965,0.00317965,0.007949126,0.011128776,0.017488076,0.015898251,0.023052464,0.024642289,0.03418124,0.023052464,0.019872814,0.019872814,0.001589825,0,0.001589825,0.008744038,0.00317965,0.011128776,0.008744038,0.008744038,0.008744038,0.014308426,0.015103339,0.015898251,0.004769475,0.002384738,0.00317965,0.001589825,0.00317965,0.008744038,0.001589825,0.002384738,0.000794913,0.003974563,0.003974563,0.00317965,0.000794913,0,0,0,0,0,0,0,0,0,0,0,0,0,0,0,0,0,0,0,0,0,0,0,0,0,0,0,0,0,0,0,0,0,0,0
223,C:/Users/TristanKleyn/Downloads/ecotypeClassification/binary/Binaries_20241027/10MIN/WINDOWS_20241027.csv,30:08.5,4.694016,16,Biggs,0.02530541,0.007417103,0.013961606,0.010907504,0.001308901,0,0.003054101,0.005671902,0.005671902,0.002181501,0.003054101,0.008726003,0.006544503,0.006544503,0.007417103,0.011780105,0.006544503,0.005235602,0,0.0004363,0.004363002,0.003926702,0.023123909,0.013089005,0.012652705,0.013089005,0.030104712,0.023560209,0.012216405,0.017888307,0.011780105,0.011780105,0.007853403,0.012652705,0.012652705,0.006544503,0.011343805,0.007417103,0.010034904,0.003926702,0.010471204,0.007853403,0.012652705,0.008289703,0.006980803,0.003490401,0.003490401,0.005671902,0.003054101,0.005671902,0.008726003,0.008289703,0.003490401,0.002617801,0.004799302,0.006544503,0.001745201,0.002617801,0.001308901,0,0,0,0.001745201,0.0004363,0.002181501,0.001308901,0.001308901,0.0008726,0.002617801,0,0,0,0,0,0,0,0,0,0,0,0,0,0,0,0,0,0,0,0,0
224,C:/Users/TristanKleyn/Downloads/ecotypeClassification/binary/Binaries_20241027/10MIN/WINDOWS_20241027.csv,30:12.5,1.179648,16,Biggs,0.083333333,0.005208333,0.003472222,0.003472222,0,0,0,0,0,0,0,0.003472222,0.052083333,0.024305556,0.041666667,0.039930556,0.012152778,0.013888889,0,0.005208333,0.005208333,0.010416667,0.015625,0.006944444,0.039930556,0.048611111,0.005208333,0,0,0.034722222,0.001736111,0.001736111,0,0.001736111,0.001736111,0.001736111,0.005208333,0.005208333,0.022569444,0.003472222,0,0,0,0,0,0,0,0,0,0,0,0,0,0,0,0,0,0,0,0,0,0,0,0,0,0,0,0,0,0,0,0,0,0,0,0,0,0,0,0,0,0,0,0,0,0,0,0,0,0
225,C:/Users/TristanKleyn/Downloads/ecotypeClassification/binary/Binaries_20241027/10MIN/WINDOWS_20241027.csv,30:16.5,1.724416,16,Biggs,0.024940618,0.021377672,0.007125891,0,0,0,0.003562945,0.021377672,0.010688836,0,0,0.002375297,0.005938242,0.008313539,0.023752969,0.022565321,0.022565321,0.020190024,0.024940618,0.010688836,0.010688836,0.008313539,0.017814727,0.023752969,0.019002375,0.010688836,0.011876485,0.008313539,0.005938242,0.008313539,0.009501188,0.003562945,0.005938242,0.007125891,0.004750594,0.004750594,0.01543943,0.005938242,0.002375297,0.017814727,0.021377672,0.013064133,0.005938242,0.002375297,0.001187648,0.002375297,0.002375297,0.003562945,0.004750594,0.005938242,0.004750594,0,0,0,0,0,0,0,0,0,0,0,0,0,0,0,0,0,0,0,0,0,0,0,0,0,0,0,0,0,0,0,0,0,0,0,0,0,0,0
226,C:/Users/TristanKleyn/Downloads/ecotypeClassification/binary/Binaries_20241027/10MIN/WINDOWS_20241027.csv,30:20.5,2.945024,16,Biggs,0.058414465,0.016689847,0.014603616,0.009735744,0.004172462,0.006954103,0.011126565,0.013212796,0.027816412,0.013908206,0.016689847,0.015994437,0.020862309,0.021557719,0.014603616,0.02294854,0.025034771,0.018080668,0.011821975,0.004172462,0,0.001390821,0.008344924,0.004172462,0.005563282,0.003477051,0.010431154,0.008344924,0.013212796,0.013212796,0.009735744,0.003477051,0.004172462,0.001390821,0.004172462,0.002086231,0.006954103,0.003477051,0.007649513,0.004867872,0.011126565,0.018776078,0.004867872,0.00069541,0,0,0,0,0,0,0,0,0,0,0,0,0,0,0,0,0,0,0,0,0,0,0,0,0,0,0,0,0,0,0,0,0,0,0,0,0,0,0,0,0,0,0,0,0,0
227,C:/Users/TristanKleyn/Downloads/ecotypeClassification/binary/Binaries_20241027/10MIN/WINDOWS_20241027.csv,31:04.5,2.842624,16,Biggs,0.048991354,0.018011527,0.018011527,0.002881844,0.002881844,0.002161383,0.010806916,0.020893372,0.013688761,0.015129683,0.028097983,0.035302594,0.03314121,0.016570605,0.014409222,0.018011527,0.010086455,0.005043228,0.011527378,0.011527378,0.005763689,0.005043228,0.011527378,0.014409222,0.009365994,0.010086455,0.012247839,0.009365994,0.007925072,0.002881844,0.002161383,0.002881844,0.003602305,0.001440922,0.000720461,0.001440922,0.004322767,0.005043228,0.005043228,0,0.005763689,0.010086455,0.010086455,0.005043228,0,0,0,0,0,0,0,0.000720461,0.001440922,0.010086455,0.004322767,0,0,0,0,0,0,0,0,0,0,0,0,0,0,0,0,0,0,0,0,0,0,0,0,0,0,0,0,0,0,0,0,0,0,0
228,C:/Users/TristanKleyn/Downloads/ecotypeClassification/binary/Binaries_20241027/10MIN/WINDOWS_20241027.csv,31:12.5,1.773568,16,Biggs,0.051963048,0.025404157,0.008083141,0,0,0,0.019630485,0.027713626,0.021939954,0.027713626,0.005773672,0.038106236,0.009237875,0.003464203,0.026558891,0.017321016,0.011547344,0.006928406,0.017321016,0.011547344,0.01039261,0.005773672,0.002309469,0.016166282,0.005773672,0.003464203,0.012702079,0.026558891,0.020785219,0.009237875,0.001154734,0,0,0,0.001154734,0.006928406,0.005773672,0.004618938,0.004618938,0,0,0.001154734,0,0.003464203,0.019630485,0.001154734,0,0.003464203,0.003464203,0,0,0,0,0,0,0,0,0,0,0,0,0,0,0,0,0,0,0,0,0,0,0,0,0,0,0,0,0,0,0,0,0,0,0,0,0,0,0,0,0
229,C:/Users/TristanKleyn/Downloads/ecotypeClassification/binary/Binaries_20241027/10MIN/WINDOWS_20241027.csv,31:16.5,3.149824,16,Biggs,0.047464239,0.010403121,0.004551365,0.009102731,0.006501951,0.001950585,0.00390117,0.004551365,0.012353706,0.013654096,0.016254876,0.013654096,0.005851756,0.003250975,0.012353706,0.019505852,0.020156047,0.017555267,0.011703511,0.015604681,0.017555267,0.023407022,0.013654096,0.008452536,0.006501951,0.009102731,0.017555267,0.015604681,0.014954486,0.007152146,0.014954486,0.007802341,0.009752926,0.009102731,0.007152146,0.010403121,0.010403121,0.005851756,0.003250975,0.00390117,0.007152146,0.017555267,0.00390117,0.003250975,0.00130039,0,0,0,0,0,0,0,0,0,0,0,0,0,0,0,0,0,0,0,0,0,0,0,0,0,0,0,0,0,0,0,0,0,0,0,0,0,0,0,0,0,0,0,0,0
230,C:/Users/TristanKleyn/Downloads/ecotypeClassification/binary/Binaries_20241027/10MIN/WINDOWS_20241027.csv,32:12.5,1.16736,16,Biggs,0.042105263,0.019298246,0,0.005263158,0.003508772,0.00877193,0.012280702,0.022807018,0.012280702,0.043859649,0.012280702,0.003508772,0.003508772,0.024561404,0.021052632,0.005263158,0,0,0.021052632,0.029824561,0.033333333,0.012280702,0.024561404,0.007017544,0.031578947,0.00877193,0,0,0,0,0,0,0,0,0,0,0.001754386,0.00877193,0.005263158,0.045614035,0.026315789,0.003508772,0,0,0,0,0,0,0,0,0,0,0,0,0,0,0,0,0,0,0,0,0,0,0,0,0,0,0,0,0,0,0,0,0,0,0,0,0,0,0,0,0,0,0,0,0,0,0,0
231,C:/Users/TristanKleyn/Downloads/ecotypeClassification/binary/Binaries_20241027/10MIN/WINDOWS_20241027.csv,35:08.5,2.285568,16,Biggs,0.024193548,0.009856631,0.003584229,0.004480287,0.002688172,0.003584229,0.005376344,0.006272401,0.007168459,0.000896057,0.001792115,0.005376344,0.010752688,0.027777778,0.01344086,0.029569892,0.010752688,0.034050179,0.029569892,0.01344086,0.008064516,0.011648746,0.016129032,0.027777778,0.017921147,0.018817204,0.01702509,0.015232975,0.012544803,0.014336918,0.012544803,0.003584229,0.002688172,0.002688172,0.002688172,0.005376344,0.008064516,0.008960573,0.000896057,0.007168459,0.008960573,0.018817204,0.012544803,0.000896057,0,0,0,0,0,0,0,0,0,0,0,0,0,0,0,0,0,0,0,0,0,0,0,0,0,0,0,0,0,0,0,0,0,0,0,0,0,0,0,0,0,0,0,0,0,0
232,C:/Users/TristanKleyn/Downloads/ecotypeClassification/binary/Binaries_20241027/10MIN/WINDOWS_20241027.csv,35:12.5,1.150976,16,Biggs,0.039145907,0.007117438,0,0,0,0,0,0,0.021352313,0.021352313,0,0,0,0,0,0.028469751,0.026690391,0.03202847,0.010676157,0,0.005338078,0.010676157,0.014234875,0.010676157,0.028469751,0.028469751,0.03202847,0.028469751,0.039145907,0.035587189,0.023131673,0.016014235,0.001779359,0,0,0,0,0.010676157,0.010676157,0.005338078,0.008896797,0.003558719,0,0,0,0,0,0,0,0,0,0,0,0,0,0,0,0,0,0,0,0,0,0,0,0,0,0,0,0,0,0,0,0,0,0,0,0,0,0,0,0,0,0,0,0,0,0,0,0
233,C:/Users/TristanKleyn/Downloads/ecotypeClassification/binary/Binaries_20241027/10MIN/WINDOWS_20241027.csv,35:16.5,3.170304,16,Biggs,0.034237726,0.018087855,0.010335917,0.003875969,0.007751938,0.00129199,0,0.004521964,0.039405685,0.007751938,0.007751938,0.004521964,0.005813953,0.005813953,0.009689922,0.029069767,0.018087855,0.01873385,0.013565891,0.010981912,0.01744186,0.016795866,0.004521964,0.003875969,0.021317829,0.009689922,0.032299742,0.023901809,0.020671835,0.025193798,0.013565891,0.004521964,0.00129199,0.004521964,0.00129199,0.003229974,0.005813953,0.014211886,0.006459948,0.007751938,0.010335917,0,0,0,0,0,0,0,0,0,0,0,0,0,0,0,0,0,0,0,0,0,0,0,0,0,0,0,0,0,0,0,0,0,0,0,0,0,0,0,0,0,0,0,0,0,0,0,0,0
234,C:/Users/TristanKleyn/Downloads/ecotypeClassification/binary/Binaries_20241027/10MIN/WINDOWS_20241027.csv,35:24.5,2.523136,16,Biggs,0.002435065,0,0,0,0,0,0,0.000811688,0.017045455,0.016233766,0.012987013,0.021915584,0.006493506,0.000811688,0.006493506,0.017045455,0.012987013,0.012987013,0.020292208,0.017045455,0.008116883,0.008928571,0.008116883,0.006493506,0.017045455,0.00974026,0.023538961,0.025162338,0.035714286,0.035714286,0.022727273,0.013798701,0.012175325,0.008116883,0.004058442,0.004058442,0.011363636,0.010551948,0.008928571,0.01461039,0.023538961,0.016233766,0.00487013,0.000811688,0,0,0,0,0,0,0,0,0,0,0,0,0,0,0,0,0,0,0,0,0,0,0,0,0,0,0,0,0,0,0,0,0,0,0,0,0,0,0,0,0,0,0,0,0,0
235,C:/Users/TristanKleyn/Downloads/ecotypeClassification/binary/Binaries_20241027/10MIN/WINDOWS_20241027.csv,36:08.5,2.306048,16,Biggs,0.022202487,0.027531083,0.003552398,0.004440497,0.008880995,0.004440497,0,0.015097691,0.036412078,0.011545293,0.037300178,0.010657194,0,0,0.002664298,0.009769094,0.011545293,0.015097691,0.023978686,0.011545293,0.011545293,0.009769094,0.005328597,0.006216696,0.003552398,0.011545293,0.023090586,0.031083481,0.017761989,0.028419183,0.029307282,0.01687389,0.006216696,0,0,0,0.002664298,0.005328597,0.001776199,0.005328597,0.009769094,0.008880995,0.007992895,0.000888099,0,0,0,0,0,0,0,0,0,0,0,0,0,0,0,0,0,0,0,0,0,0,0,0,0,0,0,0,0,0,0,0,0,0,0,0,0,0,0,0,0,0,0,0,0,0
236,C:/Users/TristanKleyn/Downloads/ecotypeClassification/binary/Binaries_20241027/10MIN/WINDOWS_20241027.csv,36:20.5,1.093632,16,Biggs,0.11423221,0.031835206,0.014981273,0,0.007490637,0.007490637,0.024344569,0.026217228,0.048689139,0.009363296,0.009363296,0.013108614,0.011235955,0,0.013108614,0.026217228,0,0,0,0,0,0,0,0,0.001872659,0.003745318,0.005617978,0.001872659,0.007490637,0.011235955,0.014981273,0.001872659,0,0,0,0,0.028089888,0.014981273,0.001872659,0,0.035580524,0.011235955,0.001872659,0,0,0,0,0,0,0,0,0,0,0,0,0,0,0,0,0,0,0,0,0,0,0,0,0,0,0,0,0,0,0,0,0,0,0,0,0,0,0,0,0,0,0,0,0,0,0
237,C:/Users/TristanKleyn/Downloads/ecotypeClassification/binary/Binaries_20241027/10MIN/WINDOWS_20241027.csv,36:24.5,1.785856,16,Biggs,0.043577982,0.030963303,0.004587156,0,0,0,0,0,0,0.009174312,0.024082569,0.018348624,0.009174312,0.010321101,0.004587156,0,0.003440367,0.014908257,0.016055046,0.004587156,0.004587156,0.013761468,0.012614679,0.019495413,0.003440367,0.01146789,0.008027523,0.016055046,0.004587156,0.018348624,0.006880734,0.008027523,0.016055046,0.051605505,0.003440367,0,0,0.004587156,0.004587156,0.004587156,0.003440367,0.008027523,0.013761468,0.010321101,0.001146789,0,0,0,0.002293578,0.009174312,0.004587156,0.006880734,0.014908257,0.009174312,0.004587156,0.005733945,0,0,0,0,0,0,0,0,0,0,0,0,0,0,0,0,0,0,0,0,0,0,0,0,0,0,0,0,0,0,0,0,0,0
238,C:/Users/TristanKleyn/Downloads/ecotypeClassification/binary/Binaries_20241027/10MIN/WINDOWS_20241027.csv,36:28.5,1.236992,16,Biggs,0.029801325,0.046357616,0.026490066,0.016556291,0.039735099,0,0,0,0.008278146,0.043046358,0.011589404,0.003311258,0,0.011589404,0.031456954,0,0,0,0,0,0,0,0,0,0,0,0,0,0,0.003311258,0.004966887,0.006622517,0.018211921,0.031456954,0.034768212,0.029801325,0.009933775,0.004966887,0.006622517,0.052980132,0.026490066,0.001655629,0,0,0,0,0,0,0,0,0,0,0,0,0,0,0,0,0,0,0,0,0,0,0,0,0,0,0,0,0,0,0,0,0,0,0,0,0,0,0,0,0,0,0,0,0,0,0,0
239,C:/Users/TristanKleyn/Downloads/ecotypeClassification/binary/Binaries_20241027/10MIN/WINDOWS_20241027.csv,38:16.5,2.002944,16,Biggs,0.044989775,0.015337423,0.005112474,0.003067485,0,0.028629857,0.005112474,0,0,0,0,0,0,0,0,0,0,0,0.007157464,0.008179959,0.017382413,0.026584867,0.014314928,0.007157464,0.006134969,0.001022495,0.001022495,0.007157464,0.006134969,0.015337423,0.031697342,0.019427403,0.037832311,0.014314928,0.017382413,0.014314928,0.001022495,0.005112474,0.006134969,0.022494888,0.035787321,0.005112474,0.008179959,0.009202454,0.005112474,0.001022495,0,0.010224949,0.013292434,0,0,0.001022495,0.00204499,0.012269939,0.005112474,0,0,0,0,0,0,0,0,0,0,0,0,0,0,0,0,0,0,0,0,0,0,0,0,0,0,0,0,0,0,0,0,0,0,0.00204499
240,C:/Users/TristanKleyn/Downloads/ecotypeClassification/binary/Binaries_20241102/10MIN/WINDOWS_20241102.csv,23:59.2,1.032192,17,Biggs,0.093253968,0.029761905,0.079365079,0.021825397,0.027777778,0.015873016,0.045634921,0.029761905,0.031746032,0.011904762,0.053571429,0.01984127,0,0,0,0,0,0,0,0,0,0,0,0,0,0,0,0,0,0,0,0,0,0,0,0,0,0,0,0,0,0.007936508,0.017857143,0.013888889,0,0,0,0,0,0,0,0,0,0,0,0,0,0,0,0,0,0,0,0,0,0,0,0,0,0,0,0,0,0,0,0,0,0,0,0,0,0,0,0,0,0,0,0,0,0
241,C:/Users/TristanKleyn/Downloads/ecotypeClassification/binary/Binaries_20241102/10MIN/WINDOWS_20241102.csv,25:03.2,3.100672,17,Biggs,0.032364597,0.045574637,0.027741083,0.035006605,0.033685601,0.029722589,0.021796565,0.018494055,0.021136063,0.025759577,0.022457067,0.012549538,0.015852048,0.029062087,0.017833554,0.013870542,0.020475561,0.018494055,0.00990753,0.008586526,0.011889036,0.00990753,0,0,0,0.001981506,0.003963012,0.003963012,0.001981506,0.002642008,0.001321004,0.001981506,0,0,0,0,0,0,0,0,0,0,0,0,0,0,0,0,0,0,0,0,0,0,0,0,0,0,0,0,0,0,0,0,0,0,0,0,0,0,0,0,0,0,0,0,0,0,0,0,0,0,0,0,0,0,0,0,0,0
242,C:/Users/TristanKleyn/Downloads/ecotypeClassification/binary/Binaries_20241102/10MIN/WINDOWS_20241102.csv,26:07.2,1.773568,17,Biggs,0.006928406,0.012702079,0.009237875,0,0,0,0,0,0,0,0,0,0,0.046189376,0.025404157,0.020785219,0,0.046189376,0.031177829,0.020785219,0.001154734,0.036951501,0.031177829,0.018475751,0.004618938,0.020785219,0.026558891,0,0.003464203,0.027713626,0.012702079,0.011547344,0.015011547,0.03926097,0,0,0,0.030023095,0.001154734,0,0,0,0,0,0,0,0,0,0,0,0,0,0,0,0,0,0,0,0,0,0,0,0,0,0,0,0,0,0,0,0,0,0,0,0,0,0,0,0,0,0,0,0,0,0,0,0,0,0,0
243,C:/Users/TristanKleyn/Downloads/ecotypeClassification/binary/Binaries_20241102/10MIN/WINDOWS_20241102.csv,26:19.2,1.355776,17,Biggs,0.040785498,0.046827795,0.031722054,0.052870091,0.049848943,0.004531722,0.004531722,0.004531722,0.012084592,0.012084592,0.01510574,0.013595166,0.012084592,0.016616314,0.01510574,0.028700906,0.018126888,0.049848943,0.00755287,0.009063444,0.016616314,0.03021148,0.00755287,0,0,0,0,0,0,0,0,0,0,0,0,0,0,0,0,0,0,0,0,0,0,0,0,0,0,0,0,0,0,0,0,0,0,0,0,0,0,0,0,0,0,0,0,0,0,0,0,0,0,0,0,0,0,0,0,0,0,0,0,0,0,0,0,0,0,0
244,C:/Users/TristanKleyn/Downloads/ecotypeClassification/binary/Binaries_20241102/10MIN/WINDOWS_20241102.csv,28:11.2,1.572864,17,Biggs,0.04296875,0.071614583,0.059895833,0.075520833,0.059895833,0.049479167,0.04296875,0.0078125,0,0.024739583,0.046875,0.005208333,0.005208333,0.00390625,0.00390625,0,0,0,0,0,0,0,0,0,0,0,0,0,0,0,0,0,0,0,0,0,0,0,0,0,0,0,0,0,0,0,0,0,0,0,0,0,0,0,0,0,0,0,0,0,0,0,0,0,0,0,0,0,0,0,0,0,0,0,0,0,0,0,0,0,0,0,0,0,0,0,0,0,0,0
245,C:/Users/TristanKleyn/Downloads/ecotypeClassification/binary/Binaries_20241102/10MIN/WINDOWS_20241102.csv,28:15.2,1.855488,17,Biggs,0.105960265,0.058498896,0.055187638,0.061810155,0.046357616,0.041942605,0.058498896,0.048565121,0.015452539,0.002207506,0.004415011,0.001103753,0,0,0,0,0,0,0,0,0,0,0,0,0,0,0,0,0,0,0,0,0,0,0,0,0,0,0,0,0,0,0,0,0,0,0,0,0,0,0,0,0,0,0,0,0,0,0,0,0,0,0,0,0,0,0,0,0,0,0,0,0,0,0,0,0,0,0,0,0,0,0,0,0,0,0,0,0,0
246,C:/Users/TristanKleyn/Downloads/ecotypeClassification/binary/Binaries_20241102/10MIN/WINDOWS_20241102.csv,40:15.2,2.469888,18,Biggs,0.056384743,0.024046434,0.012437811,0.035655058,0.025704809,0.013266998,0.027363184,0.026533997,0.002487562,0,0,0,0,0.007462687,0.014925373,0,0,0,0,0,0,0,0.013266998,0.017412935,0.055555556,0.014925373,0.007462687,0.018242123,0.018242123,0.039800995,0.024046434,0.015754561,0.010779436,0.009950249,0.005804312,0.002487562,0,0,0,0,0,0,0,0,0,0,0,0,0,0,0,0,0,0,0,0,0,0,0,0,0,0,0,0,0,0,0,0,0,0,0,0,0,0,0,0,0,0,0,0,0,0,0,0,0,0,0,0,0,0
247,C:/Users/TristanKleyn/Downloads/ecotypeClassification/binary/Binaries_20241102/10MIN/WINDOWS_20241102.csv,40:19.2,3.39968,18,Biggs,0.014457831,0.002409639,0.004216867,0.002409639,0.009036145,0.013855422,0.01746988,0.018674699,0.019879518,0.01746988,0.022891566,0.024698795,0.030120482,0.018072289,0.012650602,0.006626506,0.006024096,0.006626506,0.010843373,0.010843373,0.008433735,0.004819277,0.013253012,0.01686747,0.009638554,0.018072289,0.007831325,0.004216867,0.003012048,0.009036145,0.006024096,0.014457831,0.005421687,0.006626506,0.004819277,0.006024096,0.007831325,0.001204819,0.006024096,0.012650602,0.01626506,0.004819277,0.006024096,0.012650602,0.001807229,0.001807229,0.001204819,0.002409639,0.003614458,0.003614458,0.006626506,0.003614458,0,0,0,0,0,0,0,0,0,0,0,0,0,0,0,0,0,0,0,0,0,0,0,0,0,0,0,0,0,0,0,0,0,0,0,0,0,0
248,C:/Users/TristanKleyn/Downloads/ecotypeClassification/binary/Binaries_20241102/10MIN/WINDOWS_20241102.csv,40:23.2,2.113536,18,Biggs,0.087209302,0.033914729,0.021317829,0.022286822,0.043604651,0.016472868,0.003875969,0.012596899,0.015503876,0.010658915,0.015503876,0.005813953,0.002906977,0.005813953,0.001937984,0.009689922,0.003875969,0,0,0,0,0.006782946,0.01744186,0.026162791,0.026162791,0.015503876,0.014534884,0.025193798,0.013565891,0.010658915,0,0,0,0,0,0,0,0,0,0,0,0,0,0,0,0,0,0,0,0,0,0,0,0,0,0,0,0,0,0.000968992,0.001937984,0.00872093,0.010658915,0.00872093,0,0,0,0,0,0,0,0,0,0,0,0,0,0,0,0,0,0,0,0,0,0,0,0,0,0
249,C:/Users/TristanKleyn/Downloads/ecotypeClassification/binary/Binaries_20241102/10MIN/WINDOWS_20241102.csv,40:27.2,2.850816,18,Biggs,0.038074713,0.061063218,0.027298851,0.005028736,0.019396552,0.006465517,0.039511494,0.002873563,0,0.002155172,0.00862069,0.013649425,0.003591954,0.001436782,0.005028736,0.002873563,0.003591954,0.011494253,0.00862069,0.014367816,0.00862069,0.014367816,0.034482759,0.025862069,0.021551724,0.00862069,0.010775862,0.015804598,0.01795977,0.012212644,0,0,0.002155172,0.010057471,0.007183908,0.011494253,0.01795977,0.005747126,0,0,0,0,0,0,0,0,0,0,0,0,0,0,0,0,0,0,0,0,0,0,0,0,0,0,0,0,0,0,0,0,0,0,0,0,0,0,0,0,0,0,0,0,0,0,0,0,0,0,0,0
250,C:/Users/TristanKleyn/Downloads/ecotypeClassification/binary/Binaries_20241102/10MIN/WINDOWS_20241102.csv,40:31.2,3.15392,18,Biggs,0.027922078,0.005194805,0.007142857,0.011688312,0.01038961,0.008441558,0.012987013,0.004545455,0.007142857,0.033116883,0.040909091,0.032467532,0.014935065,0.015584416,0.047402597,0.045454545,0.009090909,0.007792208,0.001298701,0.005844156,0.007142857,0.003896104,0.014285714,0.012987013,0.004545455,0.008441558,0.007792208,0.008441558,0.005844156,0.007792208,0.007142857,0,0,0,0,0,0.004545455,0.001948052,0.004545455,0.001948052,0.001298701,0,0,0,0,0,0,0,0,0,0,0,0,0,0,0,0,0,0,0.001948052,0.002597403,0.007792208,0.016233766,0.006493506,0.004545455,0.001948052,0.006493506,0,0,0,0,0,0,0,0,0,0,0,0,0,0,0,0,0,0,0,0,0,0,0
251,C:/Users/TristanKleyn/Downloads/ecotypeClassification/binary/Binaries_20241102/10MIN/WINDOWS_20241102.csv,41:11.2,1.728512,18,Biggs,0.079383886,0.022511848,0.047393365,0.031990521,0.052132701,0.016587678,0.022511848,0.015402844,0.043838863,0.017772512,0.015402844,0.017772512,0.013033175,0.023696682,0.002369668,0.004739336,0.015402844,0.003554502,0,0,0,0,0,0,0,0.002369668,0.016587678,0.005924171,0,0,0,0,0,0,0,0,0,0,0,0,0,0,0,0,0,0,0.008293839,0.021327014,0,0,0,0,0,0,0,0,0,0,0,0,0,0,0,0,0,0,0,0,0,0,0,0,0,0,0,0,0,0,0,0,0,0,0,0,0,0,0,0,0,0
252,C:/Users/TristanKleyn/Downloads/ecotypeClassification/binary/Binaries_20241102/10MIN/WINDOWS_20241102.csv,41:19.2,1.277952,18,Biggs,0.081730769,0.008012821,0.032051282,0.020833333,0.011217949,0.036858974,0.03525641,0.014423077,0.022435897,0.009615385,0.019230769,0.078525641,0.016025641,0.001602564,0.004807692,0.004807692,0.001602564,0,0.004807692,0.003205128,0.001602564,0.001602564,0.001602564,0,0,0,0,0,0,0,0,0,0,0,0,0,0,0,0,0,0,0.004807692,0.033653846,0.040064103,0.006410256,0.003205128,0,0,0,0,0,0,0,0,0,0,0,0,0,0,0,0,0,0,0,0,0,0,0,0,0,0,0,0,0,0,0,0,0,0,0,0,0,0,0,0,0,0,0,0
253,C:/Users/TristanKleyn/Downloads/ecotypeClassification/binary/Binaries_20241102/10MIN/WINDOWS_20241102.csv,41:23.2,2.523136,18,Biggs,0.024350649,0.021915584,0.0625,0.064935065,0.006493506,0.006493506,0.015422078,0.022727273,0.039772727,0.037337662,0.015422078,0.018668831,0.00487013,0.007305195,0.012987013,0.008116883,0.004058442,0,0.001623377,0.012175325,0.020292208,0.001623377,0.005681818,0.00974026,0.013798701,0,0,0.002435065,0.017045455,0,0,0,0,0,0,0,0,0,0,0,0,0,0,0,0,0.00487013,0.011363636,0.015422078,0.005681818,0.002435065,0,0.002435065,0,0,0,0,0,0,0,0,0,0,0,0,0,0,0,0,0,0,0,0,0,0,0,0,0,0,0,0,0,0,0,0,0,0,0,0,0,0
254,C:/Users/TristanKleyn/Downloads/ecotypeClassification/binary/Binaries_20241102/10MIN/WINDOWS_20241102.csv,41:27.2,2.985984,18,Biggs,0.054869684,0.027434842,0.024005487,0.012345679,0.006858711,0.002743484,0.003429355,0.018518519,0.033607682,0.021262003,0.026748971,0.058984911,0.021947874,0.031550069,0.008916324,0.008916324,0.016460905,0.01303155,0.009602195,0.009602195,0.000685871,0.000685871,0.000685871,0.000685871,0,0.001371742,0.000685871,0.000685871,0.002057613,0.002057613,0.008230453,0.013717421,0.012345679,0.008916324,0.004801097,0,0,0,0,0,0,0,0,0,0,0,0,0,0,0,0,0.004801097,0.003429355,0.008230453,0.002057613,0.007544582,0.004115226,0.001371742,0,0,0,0,0,0,0,0,0,0,0,0,0,0,0,0,0,0,0,0,0,0,0,0,0,0,0,0,0,0,0,0
255,C:/Users/TristanKleyn/Downloads/ecotypeClassification/binary/Binaries_20241102/10MIN/WINDOWS_20241102.csv,41:31.2,4.001792,18,Biggs,0.02814739,0.025076766,0.020470829,0.072671443,0.053735926,0.013306039,0.009211873,0.006653019,0.023029683,0.018935517,0.010235415,0.006653019,0.012794268,0.017400205,0.00716479,0.020470829,0.016376663,0.022006141,0.011258956,0.008188332,0.007676561,0.000511771,0,0,0,0.001023541,0.01432958,0.003070624,0.003582395,0.011258956,0.003582395,0,0,0,0,0,0,0,0,0,0,0,0,0,0,0,0,0,0.002558854,0.002047083,0.005629478,0.00716479,0.004094166,0.006653019,0.001023541,0,0,0,0.000511771,0,0.000511771,0.001023541,0.000511771,0.010747185,0.008188332,0,0,0,0,0,0,0,0,0,0,0,0,0,0,0,0,0,0,0,0,0,0,0,0.000511771,0
256,C:/Users/TristanKleyn/Downloads/ecotypeClassification/binary/Binaries_20241102/10MIN/WINDOWS_20241102.csv,42:11.2,1.306624,18,Biggs,0.072100313,0.040752351,0.043887147,0.031347962,0.047021944,0.054858934,0.040752351,0.004702194,0.009404389,0.001567398,0.006269592,0.039184953,0.020376176,0.012539185,0.006269592,0,0,0,0,0.015673981,0.001567398,0.001567398,0.004702194,0.003134796,0.004702194,0.004702194,0.006269592,0.003134796,0.018808777,0.004702194,0,0,0,0,0,0,0,0,0,0,0,0,0,0,0,0,0,0,0,0,0,0,0,0,0,0,0,0,0,0,0,0,0,0,0,0,0,0,0,0,0,0,0,0,0,0,0,0,0,0,0,0,0,0,0,0,0,0,0,0
257,C:/Users/TristanKleyn/Downloads/ecotypeClassification/binary/Binaries_20241102/10MIN/WINDOWS_20241102.csv,42:15.2,2.162688,18,Biggs,0.027462121,0.024621212,0.042613636,0.026515152,0.029356061,0.047348485,0.050189394,0.018939394,0.023674242,0.024621212,0.035037879,0.041666667,0.017045455,0.009469697,0.002840909,0.004734848,0,0.003787879,0.001893939,0.004734848,0.014204545,0.007575758,0,0,0,0,0,0,0,0,0,0,0,0,0,0,0,0,0,0,0,0,0,0,0,0,0,0,0.001893939,0.001893939,0.007575758,0.004734848,0.005681818,0.00094697,0,0,0.006628788,0.004734848,0.00094697,0.002840909,0.00094697,0.001893939,0,0,0.00094697,0,0,0,0,0,0,0,0,0,0,0,0,0,0,0,0,0,0,0,0,0,0,0,0,0
258,C:/Users/TristanKleyn/Downloads/ecotypeClassification/binary/Binaries_20241102/10MIN/WINDOWS_20241102.csv,42:19.2,1.601536,18,Biggs,0.012787724,0.015345269,0.030690537,0.04859335,0.006393862,0.025575448,0.015345269,0.025575448,0.044757033,0.012787724,0.011508951,0.016624041,0.039641944,0.010230179,0.003836317,0.010230179,0.003836317,0.003836317,0.008951407,0.002557545,0.034526854,0.02685422,0.008951407,0.002557545,0.006393862,0.010230179,0,0,0,0,0,0,0,0,0,0,0,0,0,0,0,0,0,0,0,0,0,0,0.001278772,0.001278772,0.014066496,0.008951407,0.023017903,0.006393862,0.002557545,0.003836317,0,0,0,0,0,0,0,0,0,0,0,0,0,0,0,0,0,0,0,0,0,0,0,0,0,0,0,0,0,0,0,0,0,0
259,C:/Users/TristanKleyn/Downloads/ecotypeClassification/binary/Binaries_20241102/10MIN/WINDOWS_20241102.csv,42:23.2,1.789952,18,Biggs,0.004576659,0.014874142,0.029748284,0.016018307,0.006864989,0.003432494,0.00228833,0.004576659,0.016018307,0.011441648,0.00228833,0,0,0,0,0,0,0,0.001144165,0.004576659,0.00228833,0.004576659,0.025171625,0.012585812,0.00228833,0,0,0,0,0,0,0,0,0,0,0,0,0,0,0.001144165,0,0.006864989,0.027459954,0.005720824,0.005720824,0.028604119,0.02173913,0.010297483,0,0.003432494,0,0,0,0,0,0,0,0,0,0,0.00228833,0.014874142,0.032036613,0.012585812,0.022883295,0.017162471,0.009153318,0.003432494,0.011441648,0.010297483,0.011441648,0.019450801,0.020594966,0.001144165,0,0,0,0,0,0,0,0,0,0,0.008009153,0.014874142,0.012585812,0,0,0
260,C:/Users/TristanKleyn/Downloads/ecotypeClassification/binary/Binaries_20241102/10MIN/WINDOWS_20241102.csv,42:31.2,6.750208,18,Biggs,0.004854369,0.004854369,0.010618932,0.011529126,0.008495146,0,0.006978155,0.016686893,0.038531553,0.003944175,0.009101942,0.005157767,0.005461165,0.008798544,0.006674757,0.008191748,0.002730583,0.000910194,0,0,0,0,0.000910194,0.002123786,0.006371359,0.006067961,0.026395631,0.005764563,0.002123786,0.001820388,0.002427184,0.002123786,0.009101942,0.004854369,0.008191748,0.003033981,0.005461165,0.005764563,0.003944175,0.009708738,0.004854369,0.010012136,0.010315534,0.00940534,0.016383495,0.022148058,0.013956311,0.017597087,0.006978155,0.006067961,0.003337379,0.010012136,0.008798544,0.003640777,0.006674757,0.007281553,0.002730583,0.002730583,0.008495146,0.001820388,0.004247573,0.007281553,0.003944175,0.00788835,0.000606796,0.003033981,0.002730583,0.003944175,0.001820388,0.003033981,0.011529126,0.003337379,0,0,0.000606796,0.004550971,0.005461165,0.00151699,0.00151699,0,0,0,0,0,0,0,0,0,0,0
261,C:/Users/TristanKleyn/Downloads/ecotypeClassification/binary/Binaries_20241102/10MIN/WINDOWS_20241102.csv,43:15.2,2.10944,18,Biggs,0.024271845,0.00776699,0.034951456,0.032038835,0.019417476,0.013592233,0.015533981,0.039805825,0.045631068,0.023300971,0.048543689,0.038834951,0.019417476,0.02815534,0.00776699,0.016504854,0.00776699,0,0,0,0,0,0.00776699,0.015533981,0,0,0,0,0,0,0,0,0,0,0,0,0,0,0,0,0.000970874,0.004854369,0.010679612,0.008737864,0.005825243,0.008737864,0.003883495,0.008737864,0.000970874,0,0,0,0,0,0,0,0,0,0,0,0,0,0,0,0,0,0,0,0,0,0,0,0,0,0,0,0,0,0,0,0,0,0,0,0,0,0,0,0,0
262,C:/Users/TristanKleyn/Downloads/ecotypeClassification/binary/Binaries_20241102/10MIN/WINDOWS_20241102.csv,43:19.2,2.29376,18,Biggs,0.025,0,0.001785714,0.00625,0.050892857,0.005357143,0.011607143,0.009821429,0.041964286,0.0625,0,0,0.000892857,0.01875,0.029464286,0.0125,0.008928571,0.002678571,0.025,0.025892857,0.007142857,0.008928571,0.008928571,0.014285714,0.003571429,0.014285714,0.013392857,0.014285714,0.0125,0.016071429,0,0,0,0,0,0,0,0,0,0.007142857,0.000892857,0.004464286,0.002678571,0.00625,0.005357143,0.003571429,0.015178571,0.001785714,0,0,0,0,0,0,0,0,0,0,0,0,0,0,0,0,0,0,0,0,0,0,0,0,0,0,0,0,0,0,0,0,0,0,0,0,0,0,0,0,0,0
263,C:/Users/TristanKleyn/Downloads/ecotypeClassification/binary/Binaries_20241102/10MIN/WINDOWS_20241102.csv,43:27.2,2.183168,18,Biggs,0.031894934,0.030956848,0.044090056,0.028142589,0.030018762,0.030956848,0.032833021,0.02532833,0.057223265,0.02532833,0.006566604,0.008442777,0.010318949,0.027204503,0.013133208,0.004690432,0.000938086,0.012195122,0.011257036,0,0.003752345,0.001876173,0.013133208,0,0,0,0,0.004690432,0.008442777,0.004690432,0.001876173,0,0,0,0,0,0,0,0,0,0,0,0,0,0,0,0,0,0,0,0,0,0,0,0,0,0,0,0,0,0,0,0.008442777,0.004690432,0.009380863,0.00750469,0,0,0,0,0,0,0,0,0,0,0,0,0,0,0,0,0,0,0,0,0,0,0,0
264,C:/Users/TristanKleyn/Downloads/ecotypeClassification/binary/Binaries_20241102/10MIN/WINDOWS_20241102.csv,43:35.2,2.564096,18,Biggs,0.051916933,0.021565495,0.02715655,0.02715655,0.035942492,0.009584665,0.019968051,0.00399361,0.009584665,0.001597444,0.002396166,0.005591054,0.001597444,0.00399361,0.005591054,0.000798722,0.007188498,0.005591054,0.024760383,0.009584665,0.005591054,0.017571885,0.020766773,0.00399361,0.008785942,0.008785942,0.011182109,0.006389776,0.013578275,0.001597444,0.002396166,0.000798722,0.004792332,0.011182109,0.003194888,0.008785942,0.00399361,0,0,0,0.000798722,0.000798722,0.008785942,0.006389776,0.008785942,0.007188498,0.00798722,0.008785942,0.00798722,0.011980831,0.012779553,0.00798722,0.000798722,0,0,0,0,0,0,0,0,0,0,0,0,0,0,0,0,0,0,0,0,0,0,0,0,0,0,0,0,0,0,0,0,0,0,0,0,0
265,C:/Users/TristanKleyn/Downloads/ecotypeClassification/binary/Binaries_20241102/10MIN/WINDOWS_20241102.csv,44:15.2,10.194944,18,Biggs,0.023905183,0.009441543,0.022498996,0.02531137,0.014865408,0.017075131,0.011651266,0.018280434,0.033346726,0.005423865,0.004017678,0.013057453,0.012655685,0.013660104,0.011048614,0.012856569,0.008638007,0.001807955,0.015668943,0.005825633,0.004620329,0.004218562,0.002812374,0.001406187,0.005825633,0.004017678,0.005423865,0.002812374,0.005423865,0.010245078,0.003013258,0.002410607,0.009843311,0.020088389,0.010044194,0.007030936,0.016673363,0.006830052,0.002611491,0.003214142,0.013057453,0.003214142,0.002008839,0.004017678,0.005022097,0.004218562,0.006227401,0.005624749,0.002410607,0.001205303,0.003816794,0.001807955,0.000602652,0.001406187,0.001807955,0.006428284,0.003816794,0.006227401,0.006026517,0.003214142,0.001607071,0.000401768,0.001406187,0.000200884,0,0,0,0,0,0,0,0,0,0,0,0,0,0.000200884,0.001607071,0.002812374,0,0,0,0,0,0,0,0,0,0
266,C:/Users/TristanKleyn/Downloads/ecotypeClassification/binary/Binaries_20241102/10MIN/WINDOWS_20241102.csv,44:19.2,14.422016,18,Biggs,0.017324624,0.01917069,0.012638455,0.008804317,0.010082363,0.01306447,0.016614598,0.019880716,0.015336552,0.017040613,0.007384266,0.011786424,0.016614598,0.012638455,0.008236297,0.014342516,0.011218404,0.004402158,0.007668276,0.010366373,0.006816245,0.003124112,0.01249645,0.004402158,0.004260153,0.009940358,0.009798353,0.006248225,0.014200511,0.012354445,0.004260153,0.00695825,0.007100256,0.009798353,0.002698097,0.001704061,0.003408123,0.001420051,0.002272082,0.003834138,0.007100256,0.002698097,0.004402158,0.003692133,0.006248225,0.005254189,0.006532235,0.004260153,0.007100256,0.004686169,0.002414087,0.002556092,0.002982107,0.004686169,0.007242261,0.003550128,0.000994036,0.000710026,0.001846066,0.001988072,0.002130077,0.002272082,0.005254189,0.002698097,0.000994036,0.002982107,0.002556092,0.004544164,0.001846066,0.003266118,0.00056802,0,0,0,0,0.001420051,0.000994036,0.000426015,0,0,0.002840102,0.000994036,0.001562056,0,0,0,0,0,0,0
267,C:/Users/TristanKleyn/Downloads/ecotypeClassification/binary/Binaries_20241102/10MIN/WINDOWS_20241102.csv,44:23.2,12.546048,18,Biggs,0.022363696,0.010610513,0.016650343,0.013712047,0.016813581,0.011753183,0.007835455,0.011589944,0.02432256,0.012732615,0.012242899,0.014365002,0.01697682,0.007019262,0.011589944,0.026118185,0.007182501,0.007019262,0.009141365,0.01338557,0.007182501,0.003428012,0.006856024,0.01338557,0.005223637,0.008161933,0.010773751,0.00359125,0.002611818,0.004407444,0.007345739,0.007019262,0.009304603,0.00489716,0.005386876,0.010610513,0.006529546,0.001958864,0.000979432,0.004407444,0.01207966,0.007672217,0.002938296,0.004407444,0.00603983,0.007508978,0.00603983,0.006203069,0.002285341,0.001305909,0.002611818,0.005713353,0.00603983,0.005550114,0.002285341,0.002122103,0.003428012,0.002122103,0.000326477,0.000489716,0.000163239,0.000163239,0.001958864,0.000816193,0.000652955,0.003754489,0.001469148,0.001305909,0.000489716,0,0,0,0,0,0,0,0,0,0,0,0.000326477,0.000652955,0.000816193,0.000489716,0.000979432,0.000489716,0.000489716,0.000326477,0,0
268,C:/Users/TristanKleyn/Downloads/ecotypeClassification/binary/Binaries_20241102/10MIN/WINDOWS_20241102.csv,44:27.2,11.210752,18,Biggs,0.023383266,0.010595543,0.00310559,0.007489953,0.010778224,0.009682134,0.008586043,0.014979905,0.019181586,0.010595543,0.014066496,0.02374863,0.012605042,0.005845817,0.007489953,0.007672634,0.002009499,0.004567044,0.007672634,0.003288272,0.001278772,0.005663135,0.016806723,0.010778224,0.009134088,0.013153087,0.013335769,0.005480453,0.007672634,0.012970406,0.008403361,0.00931677,0.011691633,0.016806723,0.004932408,0.008586043,0.013518451,0.014797223,0.007307271,0.01443186,0.017354768,0.008403361,0.006576544,0.005845817,0.009864815,0.004932408,0.004749726,0.002557545,0.000730727,0,0,0.001826818,0.00511509,0.003288272,0.002557545,0.002192181,0.000548045,0.001461454,0.001461454,0.002009499,0.002009499,0.000182682,0.000182682,0,0.000182682,0.000365364,0.000182682,0.001644136,0.000365364,0,0,0,0,0,0,0,0,0,0,0,0,0,0,0,0,0,0,0,0,0
269,C:/Users/TristanKleyn/Downloads/ecotypeClassification/binary/Binaries_20241102/10MIN/WINDOWS_20241102.csv,44:31.2,8.863744,18,Biggs,0.010397412,0.003696858,0.012939002,0.014556377,0.006931608,0.013401109,0.012014787,0.012476895,0.005545287,0.00577634,0.001848429,0.003927911,0.007855823,0.010397412,0.025184843,0.016404806,0.012245841,0.003003697,0.006931608,0.005545287,0.018022181,0.007162662,0.013401109,0.015711645,0.013632163,0.004621072,0.00831793,0.007393715,0.008086876,0.007162662,0.005545287,0.00577634,0.004158965,0.00577634,0.00577634,0.005545287,0.008780037,0.006700555,0.015480591,0.008548983,0.014325323,0.004852126,0.006238447,0.008780037,0.007855823,0.004158965,0.001617375,0.004158965,0.001155268,0.002079482,0.002772643,0.000693161,0.00323475,0.003003697,0.003696858,0.001617375,0.00254159,0.003927911,0.011321627,0.005314233,0.00254159,0,0.005545287,0.008086876,0.000462107,0.00577634,0.001848429,0.000462107,0.001155268,0.003003697,0.001155268,0,0,0,0,0,0,0,0,0,0,0,0,0,0,0,0.000462107,0.006469501,0.002772643,0.000231054
270,C:/Users/TristanKleyn/Downloads/ecotypeClassification/binary/Binaries_20241102/10MIN/WINDOWS_20241102.csv,44:35.2,1.98656,18,Biggs,0.008247423,0.008247423,0.015463918,0.002061856,0.013402062,0.008247423,0.004123711,0.006185567,0.009278351,0.010309278,0.008247423,0.004123711,0.004123711,0.011340206,0.025773196,0.001030928,0,0,0,0,0,0,0,0,0,0,0,0.001030928,0.005154639,0.011340206,0.001030928,0.002061856,0.010309278,0.016494845,0,0.001030928,0.012371134,0.009278351,0,0,0,0.002061856,0.009278351,0.008247423,0.008247423,0,0,0,0.007216495,0.005154639,0.005154639,0.003092784,0.019587629,0.007216495,0,0.022680412,0.042268041,0.006185567,0,0,0,0,0,0,0,0,0,0,0,0,0,0.003092784,0.009278351,0.019587629,0,0,0,0,0.007216495,0.030927835,0.019587629,0,0,0,0,0.010309278,0.021649485,0.017525773,0.004123711,0
271,C:/Users/TristanKleyn/Downloads/ecotypeClassification/binary/Binaries_20241102/10MIN/WINDOWS_20241102.csv,45:15.2,7.544832,18,Biggs,0.021444083,0.023344191,0.009500543,0.008957655,0.016015201,0.010857763,0.021986971,0.01194354,0.015200869,0.021172638,0.015743757,0.014115092,0.015200869,0.021715527,0.010043431,0.002985885,0.002714441,0.009500543,0.005428882,0.002985885,0.002171553,0.003257329,0.015472313,0.01465798,0.010314875,0.008957655,0.008143322,0.010586319,0.010857763,0.00732899,0.005700326,0.005700326,0,0.001085776,0.000814332,0.00135722,0.008414767,0.00732899,0.004614549,0.010857763,0.010857763,0.001900109,0.006514658,0.008686211,0.004071661,0.004343105,0.004614549,0.00732899,0.002171553,0.001085776,0.000542888,0.000271444,0.000271444,0,0.001628664,0.001085776,0.003257329,0.002985885,0.001628664,0.009500543,0.004343105,0.002442997,0.002171553,0.000542888,0.000271444,0.000542888,0,0,0,0.002171553,0.003800217,0.000814332,0,0.000271444,0.000542888,0.004071661,0.00135722,0,0,0,0,0.000542888,0.003528773,0.00135722,0,0,0,0,0,0
272,C:/Users/TristanKleyn/Downloads/ecotypeClassification/binary/Binaries_20241102/10MIN/WINDOWS_20241102.csv,45:19.2,3.715072,18,Biggs,0.014884234,0.028114664,0.001102536,0.014332966,0.017640573,0.017640573,0.006063947,0.014332966,0.030319735,0.027563396,0.011576626,0.007166483,0.006063947,0.009922822,0.003307607,0.006063947,0.012127894,0.001102536,0.007717751,0.007166483,0.004961411,0.008820287,0.007166483,0.004410143,0.009371555,0.01047409,0.007166483,0.001653804,0.001102536,0.004961411,0.004961411,0.004410143,0.001653804,0.012679162,0.003307607,0.004410143,0.016538037,0.008269019,0.005512679,0.001102536,0.001653804,0.003307607,0.01047409,0.006063947,0.009371555,0.006063947,0.004410143,0.003858875,0.002205072,0.00275634,0.006063947,0.009922822,0.003858875,0.006615215,0.00275634,0.004961411,0.005512679,0.007717751,0.004961411,0.001102536,0.001102536,0.000551268,0.003307607,0.004410143,0.000551268,0.001102536,0.001102536,0.000551268,0.002205072,0.002205072,0.00275634,0.001102536,0.001102536,0.001653804,0.001653804,0.000551268,0.002205072,0.001102536,0,0,0,0,0,0,0,0,0,0,0,0
273,C:/Users/TristanKleyn/Downloads/ecotypeClassification/binary/Binaries_20241102/10MIN/WINDOWS_20241102.csv,45:23.2,7.061504,18,Biggs,0.013921114,0.019431555,0.016531323,0.020881671,0.026682135,0.013341067,0.013921114,0.020301624,0.014211137,0.011600928,0.015081206,0.012180974,0.011310905,0.011020882,0.020591647,0.014791183,0.015951276,0.012761021,0.021171694,0.004640371,0.005510441,0.006090487,0.011310905,0.008410673,0.015081206,0.010730858,0.013921114,0.003480278,0.002030162,0.005510441,0.003480278,0.001450116,0.001160093,0.001740139,0.001160093,0.001740139,0.008700696,0.004060325,0.002320186,0.005220418,0.00638051,0.007830626,0.002610209,0.001740139,0.004350348,0.002610209,0.001740139,0.002900232,0.000580046,0.001160093,0.000290023,0.000580046,0.000290023,0.000290023,0,0.001160093,0.00087007,0.000580046,0.002320186,0.002320186,0.002610209,0.004350348,0.008700696,0.003770302,0.00087007,0,0,0,0,0,0,0,0,0,0,0,0,0,0,0,0,0,0.00087007,0.002320186,0.002320186,0.002610209,0.002320186,0.004350348,0.00087007,0
274,C:/Users/TristanKleyn/Downloads/ecotypeClassification/binary/Binaries_20241102/10MIN/WINDOWS_20241102.csv,45:27.2,13.324288,18,Biggs,0.025053796,0.017214879,0.01260375,0.013525976,0.019366738,0.011374116,0.014294497,0.012296342,0.019366738,0.011681525,0.008146326,0.014294497,0.013064863,0.009990778,0.011374116,0.020442668,0.011220412,0.006609284,0.007377805,0.01260375,0.012911159,0.006609284,0.006455579,0.011374116,0.009068552,0.007992622,0.010298186,0.00430372,0.006609284,0.011220412,0.002766677,0.00537965,0.003842607,0.007070397,0.00322779,0.002612973,0.003842607,0.002920381,0.00215186,0.003996311,0.006301875,0.004611128,0.002612973,0.005840762,0.007992622,0.006609284,0.006762988,0.003381494,0.00430372,0.00322779,0.003688903,0.004457424,0.002920381,0.003842607,0.004764832,0.002459268,0.002459268,0.003074085,0.005533354,0.00322779,0.002305564,0.002305564,0.00215186,0.00215186,0.00215186,0.000461113,0.00107593,0.001690747,0.000922226,0.000153704,0,0,0,0,0,0,0,0,0,0,0,0,0,0,0,0,0,0,0,0
275,C:/Users/TristanKleyn/Downloads/ecotypeClassification/binary/Binaries_20241102/10MIN/WINDOWS_20241102.csv,45:31.2,9.977856,18,Biggs,0.012315271,0.009236453,0.018062397,0.027093596,0.022988506,0.004720854,0.007799672,0.016009852,0.013341544,0.004926108,0.00862069,0.026477833,0.017036125,0.009236453,0.008004926,0.007799672,0.005747126,0.002052545,0.009441708,0.013957307,0.019293924,0.011288998,0.011699507,0.009852217,0.017446634,0.012315271,0.007799672,0.005541872,0.00862069,0.021756979,0.010262726,0.005747126,0.008210181,0.017446634,0.014162562,0.004310345,0.007389163,0.003078818,0.007799672,0.004926108,0.003694581,0.002463054,0.001847291,0.003489327,0.001026273,0.000205255,0.001231527,0.008004926,0.00410509,0.004926108,0.003899836,0.002668309,0,0,0.000205255,0.000821018,0.000615764,0.000615764,0.001026273,0.000821018,0.000615764,0.000410509,0.001026273,0.000615764,0.001847291,0,0,0,0,0,0,0,0,0,0,0,0,0,0,0,0,0,0,0,0,0,0,0,0,0
276,C:/Users/TristanKleyn/Downloads/ecotypeClassification/binary/Binaries_20241102/10MIN/WINDOWS_20241102.csv,45:35.2,9.940992,18,Biggs,0.023073754,0.016687268,0.006592501,0.007828595,0.01091883,0.011948908,0.009270705,0.011124845,0.012978986,0.01895344,0.016069221,0.017717347,0.011742892,0.015451174,0.013185002,0.012360939,0.008240626,0.009682736,0.011124845,0.008652658,0.009064689,0.006386485,0.008858673,0.008240626,0.008652658,0.008446642,0.013185002,0.005974454,0.005974454,0.009270705,0.006386485,0.003708282,0.005562423,0.008034611,0.00618047,0.003914297,0.006386485,0.006592501,0.004120313,0.002678204,0.002472188,0.007210548,0.006386485,0.003090235,0.003090235,0.003708282,0.007210548,0.009064689,0.003296251,0.002266172,0.002472188,0.002678204,0.003708282,0.003708282,0.002266172,0.004120313,0.001854141,0.003090235,0.003502266,0.002678204,0.002060157,0.002472188,0.006386485,0.003296251,0.002472188,0.002884219,0.001236094,0.000618047,0.001030078,0.000618047,0.000618047,0.000824063,0.000412031,0.000412031,0.000412031,0.000618047,0,0,0,0,0,0,0,0.000412031,0.000824063,0.001648125,0.001648125,0,0,0
277,C:/Users/TristanKleyn/Downloads/ecotypeClassification/binary/Binaries_20241102/10MIN/WINDOWS_20241102.csv,46:19.2,12.845056,18,Biggs,0.021683673,0.019451531,0.010682398,0.007971939,0.021364796,0.011798469,0.007493622,0.008609694,0.011160714,0.008609694,0.01036352,0.014827806,0.01036352,0.011160714,0.010044643,0.014668367,0.007971939,0.008609694,0.015943878,0.011160714,0.007174745,0.012117347,0.007493622,0.005580357,0.002710459,0.004464286,0.007015306,0.007971939,0.00526148,0.007653061,0.003348214,0.007493622,0.007971939,0.009406888,0.007015306,0.01036352,0.009725765,0.011320153,0.007015306,0.007493622,0.005102041,0.004304847,0.002869898,0.003826531,0.007334184,0.00653699,0.004783163,0.00653699,0.005580357,0.004623724,0.002232143,0.004304847,0.00255102,0.003507653,0.001753827,0.003029337,0.001434949,0.002869898,0.003507653,0.003667092,0.003507653,0.003826531,0.001594388,0.001116071,0.003029337,0.004942602,0.001753827,0.000956633,0.000956633,0.000318878,0.000797194,0.001116071,0.001753827,0.000956633,0.000478316,0,0,0,0,0,0,0,0,0,0,0,0,0,0,0
278,C:/Users/TristanKleyn/Downloads/ecotypeClassification/binary/Binaries_20241102/10MIN/WINDOWS_20241102.csv,46:23.2,1.982464,18,Biggs,0.079545455,0.06714876,0.032024793,0.032024793,0.041322314,0.035123967,0.022727273,0.008264463,0.001033058,0.002066116,0.008264463,0.003099174,0.002066116,0,0,0,0,0,0,0.001033058,0.006198347,0.015495868,0.015495868,0.001033058,0.003099174,0.01446281,0,0,0.002066116,0.022727273,0.008264463,0.004132231,0.001033058,0.004132231,0,0,0,0,0.002066116,0.019628099,0,0,0,0,0,0,0,0,0.003099174,0.002066116,0.001033058,0.001033058,0.006198347,0,0.001033058,0.001033058,0,0,0,0,0,0.005165289,0.002066116,0.001033058,0,0,0,0.002066116,0.012396694,0.006198347,0,0,0,0,0,0,0,0,0,0,0,0,0,0,0,0,0,0,0,0
279,C:/Users/TristanKleyn/Downloads/ecotypeClassification/binary/Binaries_20241102/10MIN/WINDOWS_20241102.csv,46:27.2,5.230592,18,Biggs,0.021143305,0.009788567,0.014095536,0.02192639,0.012529366,0.008613939,0.006656226,0.008613939,0.010571652,0.009788567,0.014095536,0.017619421,0.011354738,0.014487079,0.016444792,0.029757244,0.01605325,0.01018011,0.008613939,0.007047768,0.007047768,0.006264683,0.005090055,0.00587314,0.003132341,0.004306969,0.008222396,0.008613939,0.012920908,0.020360219,0.008613939,0.006264683,0.010963195,0.008613939,0.007830854,0.009005482,0.003132341,0.008613939,0.007439311,0.007047768,0.008222396,0.004306969,0.004698512,0.002349256,0.002349256,0.000391543,0.001174628,0.001174628,0.003915427,0.000783085,0.003523884,0.005481597,0.002740799,0.001957713,0.001566171,0.002740799,0.003132341,0.001957713,0.001957713,0.001174628,0.006264683,0.000783085,0.003132341,0.002349256,0.003132341,0,0,0,0,0,0,0,0,0,0,0,0,0,0,0,0,0,0,0,0,0,0,0,0,0
280,C:/Users/TristanKleyn/Downloads/ecotypeClassification/binary/Binaries_20241102/10MIN/WINDOWS_20241102.csv,46:31.2,6.201344,18,Biggs,0.008586526,0.010568032,0.011889036,0.004953765,0.014531044,0.019484808,0.021136063,0.006935271,0.03005284,0.026089828,0.015521797,0.023778071,0.022457067,0.015191546,0.010568032,0.010237781,0.014531044,0.014531044,0.006935271,0.001651255,0.001651255,0.00330251,0.006274769,0.013870542,0.007595773,0.009247028,0.010898283,0.006274769,0.009577279,0.021466314,0.011889036,0.008586526,0.009577279,0.007926024,0.00660502,0.003963012,0.003963012,0.004293263,0.000660502,0.004953765,0.005614267,0.001321004,0.004623514,0.006935271,0.004953765,0.004293263,0.006274769,0.005944518,0.000660502,0,0,0,0,0,0,0,0,0,0.001651255,0.002972259,0.002972259,0.000660502,0.002311757,0.00330251,0.00330251,0,0,0,0,0,0,0,0,0,0,0,0,0,0,0,0,0,0,0,0,0,0,0,0,0
281,C:/Users/TristanKleyn/Downloads/ecotypeClassification/binary/Binaries_20241102/10MIN/WINDOWS_20241102.csv,46:35.2,7.766016,18,Biggs,0.053270042,0.026107595,0.018723629,0.026371308,0.026107595,0.019251055,0.017405063,0.014240506,0.022415612,0.016086498,0.011075949,0.022151899,0.015822785,0.016350211,0.013449367,0.014504219,0.017932489,0.005537975,0.013185654,0.004219409,0.008438819,0.010021097,0.010548523,0.009229958,0.011867089,0.005274262,0.005274262,0.003164557,0.00342827,0.00342827,0.004219409,0.006592827,0.004746835,0.002900844,0.000527426,0.003691983,0.002109705,0.000791139,0.004483122,0.008702532,0.003164557,0.000791139,0.000263713,0.002109705,0.001054852,0.002109705,0.002373418,0.004483122,0,0,0,0,0,0,0,0,0,0,0,0,0,0,0,0,0,0,0,0,0,0,0,0,0,0,0,0,0,0,0,0,0,0,0,0,0,0,0,0,0,0
282,C:/Users/TristanKleyn/Downloads/ecotypeClassification/binary/Binaries_20241102/10MIN/WINDOWS_20241102.csv,46:39.2,2.617344,18,Biggs,0.004694836,0.010954617,0.01486698,0.01486698,0.018779343,0.011737089,0.017214397,0.021126761,0.020344288,0.006259781,0.007824726,0.024256651,0.017214397,0.020344288,0.010172144,0.013302034,0.008607199,0.006259781,0.004694836,0.002347418,0.006259781,0.001564945,0.010172144,0.003912363,0.008607199,0.006259781,0.010954617,0.010954617,0.01486698,0.010954617,0.007042254,0.005477308,0.005477308,0.003912363,0.008607199,0.005477308,0.017214397,0.007824726,0.007824726,0.003912363,0.002347418,0.01799687,0.008607199,0.003912363,0.012519562,0.000782473,0,0.00312989,0.005477308,0.004694836,0.00312989,0.001564945,0,0,0,0.000782473,0.008607199,0.00312989,0.002347418,0.005477308,0.002347418,0,0,0,0,0,0,0,0,0,0,0,0,0,0,0,0,0,0,0,0,0,0,0,0,0,0,0,0,0
283,C:/Users/TristanKleyn/Downloads/ecotypeClassification/binary/Binaries_20241102/10MIN/WINDOWS_20241102.csv,47:15.2,4.66944,18,Biggs,0.04254386,0.028947368,0.007017544,0.019736842,0.039473684,0.020175439,0.012719298,0.010087719,0.01754386,0.01622807,0.010087719,0.013596491,0.00745614,0.012280702,0.010087719,0.013596491,0.001315789,0.001754386,0.013596491,0.009210526,0.006578947,0.004824561,0.000877193,0,0.002192982,0.003508772,0.020175439,0.003070175,0.007894737,0.010526316,0.006140351,0.004824561,0.002192982,0.009649123,0.004385965,0.004824561,0.009210526,0.002631579,0.001315789,0.003508772,0.00745614,0.006578947,0.002631579,0.002192982,0.003947368,0.004824561,0.003508772,0.001315789,0.001315789,0.003947368,0.005701754,0.006140351,0.003947368,0.003947368,0.001754386,0.002192982,0.001754386,0.001315789,0.001315789,0.001315789,0.003070175,0.006140351,0.005263158,0.002631579,0,0,0,0,0,0,0,0,0,0,0,0,0,0,0,0,0,0,0,0,0,0,0,0,0,0
284,C:/Users/TristanKleyn/Downloads/ecotypeClassification/binary/Binaries_20241102/10MIN/WINDOWS_20241102.csv,47:19.2,3.342336,18,Biggs,0.023897059,0.053921569,0.037377451,0.033088235,0.034926471,0.020220588,0.023897059,0.018995098,0.010416667,0.025735294,0.022671569,0.011642157,0.026348039,0.003676471,0.005514706,0.011642157,0.003676471,0.003063725,0.00122549,0,0.003063725,0,0.000612745,0.007965686,0.004289216,0.011642157,0.017769608,0.003676471,0.001838235,0.000612745,0.007352941,0.004901961,0.000612745,0.005514706,0.007965686,0.004289216,0.006740196,0.00245098,0.001838235,0.000612745,0.001838235,0.00245098,0.005514706,0.00122549,0.001838235,0.00122549,0,0,0.00245098,0.001838235,0.003676471,0.006127451,0.006127451,0,0,0,0,0,0,0,0,0,0,0,0,0,0,0,0,0,0,0,0,0,0,0,0,0,0,0,0,0,0,0,0,0,0,0,0,0
285,C:/Users/TristanKleyn/Downloads/ecotypeClassification/binary/Binaries_20241102/10MIN/WINDOWS_20241102.csv,47:23.2,2.936832,18,Biggs,0.045327755,0.052301255,0.032775453,0.010460251,0.036262204,0.023709902,0.015341702,0.008368201,0.018828452,0.023709902,0.00348675,0.00209205,0.00069735,0.0013947,0.015341702,0.022315202,0.010460251,0.013249651,0.012552301,0.005578801,0.0041841,0,0.005578801,0.006276151,0.009762901,0.0027894,0.009065551,0.005578801,0.021617852,0.015341702,0.009065551,0.007670851,0.00069735,0.00348675,0.0027894,0.005578801,0,0.00069735,0.00209205,0.005578801,0.007670851,0.006276151,0.005578801,0.008368201,0,0,0,0,0,0,0,0,0,0,0,0,0,0,0,0,0,0,0,0,0,0,0,0,0,0,0,0,0,0,0,0,0,0,0,0,0,0,0,0,0,0,0,0,0,0
286,C:/Users/TristanKleyn/Downloads/ecotypeClassification/binary/Binaries_20241102/10MIN/WINDOWS_20241102.csv,47:27.2,1.101824,18,Biggs,0.031598513,0.063197026,0.014869888,0.00929368,0.083643123,0.024163569,0.014869888,0.003717472,0.013011152,0.003717472,0.001858736,0.001858736,0.040892193,0,0,0.039033457,0.066914498,0.001858736,0,0,0,0.001858736,0,0.007434944,0.001858736,0.005576208,0.013011152,0.005576208,0.00929368,0.024163569,0.003717472,0.007434944,0.003717472,0.001858736,0,0,0,0,0,0,0,0,0,0,0,0,0,0,0,0,0,0,0,0,0,0,0,0,0,0,0,0,0,0,0,0,0,0,0,0,0,0,0,0,0,0,0,0,0,0,0,0,0,0,0,0,0,0,0,0
287,C:/Users/TristanKleyn/Downloads/ecotypeClassification/binary/Binaries_20241102/10MIN/WINDOWS_20241102.csv,47:31.2,2.433024,18,Biggs,0.017676768,0.026094276,0.053030303,0.013468013,0.007575758,0.015993266,0.015151515,0,0.034511785,0.012626263,0,0,0.012626263,0.038720539,0.026094276,0.019360269,0.003367003,0.026094276,0.033670034,0.001683502,0.000841751,0.008417508,0.012626263,0.01010101,0.013468013,0.017676768,0.017676768,0.007575758,0.012626263,0.034511785,0.003367003,0.002525253,0.000841751,0,0,0,0,0,0,0,0,0,0,0,0,0,0,0,0,0,0,0,0,0,0,0,0,0,0,0,0,0,0,0,0,0,0,0,0,0,0,0,0,0,0,0,0,0,0,0,0,0,0,0,0,0,0,0,0,0
288,C:/Users/TristanKleyn/Downloads/ecotypeClassification/binary/Binaries_20241102/10MIN/WINDOWS_20241102.csv,47:39.2,1.523712,18,Biggs,0.009408602,0.021505376,0.069892473,0.024193548,0.00672043,0.021505376,0.025537634,0.002688172,0.038978495,0.014784946,0.021505376,0,0,0,0,0,0.004032258,0.016129032,0.008064516,0,0,0.016129032,0.021505376,0.008064516,0.004032258,0.002688172,0.010752688,0.022849462,0.005376344,0,0.008064516,0.02688172,0.00672043,0.010752688,0.012096774,0.030913978,0.010752688,0.017473118,0,0,0,0,0,0,0,0,0,0,0,0,0,0,0,0,0,0,0,0,0,0,0,0,0,0,0,0,0,0,0,0,0,0,0,0,0,0,0,0,0,0,0,0,0,0,0,0,0,0,0,0
289,C:/Users/TristanKleyn/Downloads/ecotypeClassification/binary/Binaries_20241102/10MIN/WINDOWS_20241102.csv,48:23.2,1.114112,18,Biggs,0.042279412,0.029411765,0.051470588,0.051470588,0.073529412,0.020220588,0.009191176,0.027573529,0.033088235,0.011029412,0.005514706,0,0,0,0,0,0,0,0,0,0,0,0,0,0,0,0,0,0,0,0,0.009191176,0.007352941,0.009191176,0.003676471,0.001838235,0.005514706,0.009191176,0.007352941,0.018382353,0.005514706,0.007352941,0.009191176,0.001838235,0,0,0,0,0,0,0,0,0,0.003676471,0.003676471,0.007352941,0.020220588,0.014705882,0,0,0,0,0,0,0,0,0,0,0,0,0,0,0,0,0,0,0,0,0,0,0,0,0,0,0,0,0,0,0,0
290,C:/Users/TristanKleyn/Downloads/ecotypeClassification/binary/Binaries_20241102/10MIN/WINDOWS_20241102.csv,48:31.2,1.835008,18,Biggs,0.035714286,0.022321429,0.014508929,0.012276786,0.03125,0.015625,0.027901786,0.046875,0.026785714,0.03125,0.014508929,0.037946429,0.018973214,0.015625,0.0390625,0.034598214,0.012276786,0.020089286,0.016741071,0.014508929,0.005580357,0.005580357,0,0,0,0,0,0,0,0,0,0,0,0,0,0,0,0,0,0,0,0,0,0,0,0,0,0,0,0,0,0,0,0,0,0,0,0,0,0,0,0,0,0,0,0,0,0,0,0,0,0,0,0,0,0,0,0,0,0,0,0,0,0,0,0,0,0,0,0
291,C:/Users/TristanKleyn/Downloads/ecotypeClassification/binary/Binaries_20241102/10MIN/WINDOWS_20241102.csv,48:35.2,6.217728,18,Biggs,0.016139657,0.002305665,0.019762846,0.020750988,0.022727273,0.009222661,0.003623188,0.014822134,0.025362319,0.0085639,0.005599473,0.010540184,0.013833992,0.016798419,0.014163373,0.030961792,0.015810277,0.005928854,0.008893281,0.003623188,0.002305665,0.011528327,0.027667984,0.005599473,0.0085639,0.005270092,0.0085639,0.016469038,0.009222661,0.003952569,0.000329381,0.002635046,0.010869565,0.005928854,0.0085639,0.003952569,0.005599473,0.001317523,0.002305665,0.005270092,0.000988142,0,0,0,0.002635046,0.006916996,0.0085639,0.023386034,0.007246377,0.003952569,0.002964427,0.002635046,0.003293808,0.006587615,0.004940711,0.000329381,0,0,0.000658762,0.003623188,0.002964427,0.002964427,0,0,0,0,0,0,0,0,0,0,0,0,0,0,0,0,0,0,0,0,0,0,0,0,0,0,0,0
292,C:/Users/TristanKleyn/Downloads/ecotypeClassification/binary/Binaries_20241102/10MIN/WINDOWS_20241102.csv,48:39.2,5.177344,18,Biggs,0.036787975,0.014240506,0.009889241,0.018591772,0.015822785,0.005537975,0.007120253,0.013449367,0.014240506,0.027294304,0.017405063,0.030458861,0.014240506,0.01028481,0.014636076,0.018591772,0.015031646,0.009889241,0.008702532,0.006724684,0.008306962,0.015822785,0.025712025,0.003560127,0.004746835,0.001977848,0.005537975,0.005142405,0.009889241,0.009889241,0.000791139,0.00039557,0.004746835,0.011867089,0.003955696,0.003164557,0.002768987,0.00039557,0.002373418,0.001977848,0.002768987,0,0.002768987,0.003164557,0.017405063,0.004746835,0.008702532,0.003560127,0.003164557,0.005933544,0.005142405,0,0,0,0,0,0,0,0.001582278,0.001977848,0.001977848,0.005142405,0,0,0,0,0,0,0,0,0,0,0,0,0,0,0,0,0,0,0,0,0,0,0,0,0,0,0,0
293,C:/Users/TristanKleyn/Downloads/ecotypeClassification/binary/Binaries_20241102/10MIN/WINDOWS_20241102.csv,49:23.2,3.137536,18,Biggs,0.033942559,0.018929504,0.011096606,0.007832898,0.007180157,0.007180157,0.005874674,0.003263708,0.005221932,0.015013055,0.011096606,0.026109661,0.015013055,0.025456919,0.018276762,0.019582245,0.009138381,0.009138381,0.015665796,0.011749347,0.005874674,0,0.005874674,0.006527415,0.007832898,0.004569191,0,0.006527415,0.009791123,0.013707572,0.014360313,0.017624021,0.007832898,0.003263708,0.001305483,0.001958225,0.004569191,0.003263708,0.000652742,0.001305483,0.010443864,0.007180157,0.000652742,0.003263708,0.007180157,0.011096606,0.002610966,0.005874674,0.003263708,0.009138381,0.006527415,0.009791123,0.009791123,0.004569191,0,0,0,0,0,0,0,0,0.000652742,0.005221932,0.005221932,0.003916449,0,0,0,0,0,0,0,0,0,0,0,0,0,0,0,0,0,0,0,0,0,0,0,0
294,C:/Users/TristanKleyn/Downloads/ecotypeClassification/binary/Binaries_20241102/10MIN/WINDOWS_20241102.csv,49:27.2,3.923968,18,Biggs,0.011482255,0.02348643,0.016179541,0.010960334,0.018267223,0.032359081,0.006784969,0.011482255,0.014091858,0.009394572,0.009394572,0.019311065,0.012526096,0.014091858,0.008872651,0.007306889,0.007306889,0.004175365,0.007306889,0.021920668,0.029227557,0.018789144,0.012004175,0.000521921,0,0,0.000521921,0.001565762,0.002609603,0.002609603,0.001043841,0.004175365,0.004697286,0.009916493,0.001565762,0.004697286,0.001565762,0,0,0.001043841,0.005219207,0.006263048,0.002087683,0.013048017,0.019832985,0.004175365,0.004697286,0.003653445,0.006263048,0.008350731,0.012526096,0.013048017,0.006784969,0.005219207,0.004697286,0.001043841,0.001043841,0.002087683,0.003131524,0.001043841,0,0,0,0,0,0,0,0,0,0.000521921,0.005219207,0.003653445,0.003131524,0,0,0,0,0,0,0,0,0,0,0,0,0,0,0,0,0
295,C:/Users/TristanKleyn/Downloads/ecotypeClassification/binary/Binaries_20241102/10MIN/WINDOWS_20241102.csv,49:31.2,7.770112,18,Biggs,0.021876647,0.012651555,0.007380074,0.003162889,0.0071165,0.013705851,0.011860833,0.014232999,0.023458092,0.007380074,0.001054296,0.004744333,0.000263574,0.001845018,0.005535055,0.009488666,0.006325778,0.005798629,0.002635741,0.001054296,0.002108593,0.006325778,0.016078018,0.016078018,0.015814444,0.022930944,0.031892462,0.013178703,0.018977333,0.012387981,0.013442277,0.00975224,0.010806537,0.005535055,0.005798629,0.00843437,0.012124407,0.011860833,0.012124407,0.005798629,0.009488666,0.010279389,0.012915129,0.0071165,0.008697944,0.008170796,0.0071165,0.001054296,0.003426463,0.002635741,0.001845018,0.003162889,0.001054296,0,0,0,0,0,0,0,0.000527148,0.000527148,0.004480759,0.00131787,0.000263574,0.000790722,0.001054296,0.000527148,0,0.000527148,0,0,0,0,0,0,0,0,0,0,0,0,0,0,0,0,0,0,0,0
296,C:/Users/TristanKleyn/Downloads/ecotypeClassification/binary/Binaries_20241102/10MIN/WINDOWS_20241102.csv,49:35.2,2.097152,18,Biggs,0.022460938,0.01171875,0.00390625,0.00390625,0.001953125,0.0078125,0.010742188,0.00390625,0.006835938,0.014648438,0.0234375,0.010742188,0.002929688,0.018554688,0,0.004882813,0.0078125,0.015625,0.020507813,0.010742188,0.000976563,0.008789063,0.004882813,0,0,0,0,0,0,0,0,0,0,0,0,0.006835938,0.015625,0.000976563,0,0,0,0,0,0,0.001953125,0.002929688,0.004882813,0.010742188,0.004882813,0.005859375,0.00390625,0.017578125,0.004882813,0.01171875,0.013671875,0.020507813,0.000976563,0.002929688,0.034179688,0.017578125,0.008789063,0.000976563,0,0,0,0,0,0.010742188,0.001953125,0.001953125,0,0.001953125,0.00390625,0.0078125,0.010742188,0.013671875,0.00390625,0.002929688,0.005859375,0.000976563,0.006835938,0.00390625,0.010742188,0.001953125,0,0,0,0,0,0
297,C:/Users/TristanKleyn/Downloads/ecotypeClassification/binary/Binaries_20241102/10MIN/WINDOWS_20241102.csv,49:39.2,4.308992,18,Biggs,0.018060837,0,0,0.001425856,0.006653992,0.012357414,0.003326996,0.004277567,0.006178707,0.002376426,0.005228137,0.011882129,0,0,0.005703422,0.011406844,0.004277567,0.001901141,0.011882129,0.003802281,0.001901141,0.005228137,0.017585551,0.004277567,0.016159696,0.01473384,0.010931559,0.003802281,0.007129278,0.028041825,0.0128327,0.023764259,0.019486692,0.032794677,0.003326996,0.004277567,0.009980989,0.010931559,0.007129278,0.0128327,0.020912548,0.016634981,0.009980989,0.010456274,0.006653992,0.004752852,0.010931559,0.011406844,0.001425856,0,0,0,0,0,0,0,0,0.002851711,0.007129278,0,0,0,0.00095057,0.004277567,0.001425856,0.004277567,0.00095057,0.001425856,0.001425856,0.002376426,0.001901141,0,0,0.000475285,0.003802281,0.004752852,0.001901141,0.00095057,0.001425856,0,0,0,0,0,0,0,0,0.001901141,0.003802281,0.00095057
298,C:/Users/TristanKleyn/Downloads/ecotypeClassification/binary/Binaries_20241102/10MIN/WINDOWS_20241102.csv,50:19.2,1.78176,18,Biggs,0.049425287,0.03908046,0.035632184,0.024137931,0.037931034,0.018390805,0.01954023,0.026436782,0.027586207,0.02183908,0.009195402,0.001149425,0,0,0,0,0,0,0,0,0,0,0,0,0.012643678,0.013793103,0.005747126,0.006896552,0.001149425,0.004597701,0.010344828,0.004597701,0.008045977,0.004597701,0,0,0,0,0,0,0,0,0,0,0.004597701,0.003448276,0.016091954,0.010344828,0.002298851,0.002298851,0.008045977,0.003448276,0.006896552,0.012643678,0.022988506,0.001149425,0.001149425,0.005747126,0.011494253,0.004597701,0,0,0,0,0,0,0,0,0,0,0,0,0,0,0,0,0,0,0,0,0,0,0,0,0,0,0,0,0,0
299,C:/Users/TristanKleyn/Downloads/ecotypeClassification/binary/Binaries_20241102/10MIN/WINDOWS_20241102.csv,50:23.2,2.904064,18,Biggs,0,0,0,0,0,0,0,0,0,0,0.018335684,0.034555712,0,0,0,0,0.007052186,0.005641749,0.007757405,0.000705219,0,0,0.007757405,0.011988717,0.003526093,0.007757405,0.002115656,0,0.000705219,0.010578279,0.019746121,0.017630465,0.014104372,0.012693935,0.001410437,0.012693935,0.008462623,0.011283498,0.005641749,0.003526093,0.002820874,0.013399154,0.02045134,0.016220028,0.012693935,0.000705219,0.004231312,0.009873061,0.002115656,0,0,0.008462623,0.007757405,0.008462623,0.011283498,0.01551481,0.017630465,0.026093089,0.013399154,0.003526093,0,0,0,0,0,0,0,0,0,0.016925247,0.009873061,0.008462623,0.001410437,0.006346968,0.005641749,0.007757405,0.014104372,0.007052186,0.002115656,0,0,0,0,0,0,0,0,0,0,0
300,C:/Users/TristanKleyn/Downloads/ecotypeClassification/binary/Binaries_20241102/10MIN/WINDOWS_20241102.csv,50:27.2,5.472256,18,Biggs,0.03742515,0.021332335,0.010853293,0.004491018,0.013098802,0.010479042,0.020209581,0.001497006,0.002994012,0.004116766,0,0.000748503,0.003742515,0.001122754,0.003742515,0.000748503,0.001122754,0,0.006736527,0.00748503,0.012724551,0.008982036,0.015718563,0.025823353,0.009730539,0.007859281,0.013098802,0.013098802,0.005613772,0.006362275,0.008607784,0.011227545,0.009356287,0.011601796,0.008233533,0.012350299,0.012350299,0.017215569,0.011227545,0.018712575,0.009730539,0.011227545,0.012724551,0.00748503,0.00748503,0.009730539,0.010853293,0.004491018,0.006736527,0.003368263,0.005988024,0,0,0.000374251,0.001122754,0.004865269,0.001497006,0.001497006,0.001497006,0.007110778,0.000374251,0,0,0,0,0,0,0,0,0,0,0,0,0,0,0,0,0,0,0,0,0,0,0,0,0,0,0,0,0
301,C:/Users/TristanKleyn/Downloads/ecotypeClassification/binary/Binaries_20241102/10MIN/WINDOWS_20241102.csv,50:31.2,3.09248,18,Biggs,0.050331126,0.022516556,0.010596026,0.005960265,0.033112583,0.009271523,0.007284768,0.00397351,0.040397351,0.013907285,0.001324503,0,0.001986755,0.006622517,0.007284768,0.029139073,0.002649007,0.001324503,0.009933775,0,0,0.001324503,0.015231788,0.013907285,0.007284768,0.006622517,0.033774834,0.007284768,0.001986755,0.001324503,0.001986755,0.005298013,0.006622517,0.009271523,0.001324503,0.003311258,0.007284768,0.006622517,0.00397351,0.001986755,0.002649007,0.017880795,0.008609272,0.006622517,0.009933775,0.003311258,0.002649007,0.008609272,0.01589404,0.005298013,0.003311258,0.000662252,0,0,0,0,0,0,0,0,0,0.004635762,0.008609272,0.001324503,0.002649007,0.003311258,0,0,0,0,0,0,0,0,0,0,0,0,0,0,0,0,0,0,0,0,0,0,0,0
302,C:/Users/TristanKleyn/Downloads/ecotypeClassification/binary/Binaries_20241102/10MIN/WINDOWS_20241102.csv,50:35.2,4.104192,18,Biggs,0.015968064,0.023952096,0.012974052,0.009481038,0.01247505,0.013473054,0.005988024,0.003493014,0.023453094,0.007984032,0.010978044,0.021457086,0.015968064,0.03493014,0.00998004,0.01996008,0.013473054,0.020958084,0.020958084,0.013972056,0.012974052,0.008982036,0.012974052,0.002994012,0,0,0.018463074,0,0,0.003992016,0.003992016,0.00249501,0.00748503,0.000998004,0,0,0,0,0,0,0.001996008,0.001996008,0.004491018,0.002994012,0.013972056,0.005988024,0.005489022,0.015968064,0.010479042,0.008982036,0.006487026,0.01497006,0.00748503,0.000998004,0,0,0,0,0,0,0,0,0,0,0.000499002,0.000499002,0.00249501,0.002994012,0.003992016,0,0,0,0,0,0,0,0,0,0,0,0,0,0,0,0,0,0,0,0,0
303,C:/Users/TristanKleyn/Downloads/ecotypeClassification/binary/Binaries_20241102/10MIN/WINDOWS_20241102.csv,50:39.2,1.212416,18,Biggs,0.047297297,0.016891892,0.023648649,0.040540541,0.074324324,0.035472973,0.011824324,0.005067568,0.008445946,0,0,0,0,0,0.013513514,0.016891892,0.011824324,0,0,0,0.013513514,0.030405405,0.001689189,0.006756757,0.011824324,0.011824324,0.02027027,0.001689189,0.003378378,0.003378378,0.006756757,0.006756757,0.008445946,0,0.008445946,0,0.005067568,0.005067568,0.016891892,0.008445946,0.018581081,0.005067568,0,0,0,0,0,0,0,0,0,0,0,0,0,0,0,0,0,0,0,0,0,0,0,0,0,0,0,0,0,0,0,0,0,0,0,0,0,0,0,0,0,0,0,0,0,0,0,0
304,C:/Users/TristanKleyn/Downloads/ecotypeClassification/binary/Binaries_20241109/10MIN/WINDOWS_20241109.csv,54:50.3,1.441792,19,Biggs,0.03125,0.009943182,0.021306818,0.049715909,0.153409091,0.014204545,0.004261364,0.012784091,0.046875,0.073863636,0.041193182,0.008522727,0,0.001420455,0.009943182,0.015625,0.005681818,0,0,0,0,0,0,0,0,0,0,0,0,0,0,0,0,0,0,0,0,0,0,0,0,0,0,0,0,0,0,0,0,0,0,0,0,0,0,0,0,0,0,0,0,0,0,0,0,0,0,0,0,0,0,0,0,0,0,0,0,0,0,0,0,0,0,0,0,0,0,0,0,0
305,C:/Users/TristanKleyn/Downloads/ecotypeClassification/binary/Binaries_20241109/10MIN/WINDOWS_20241109.csv,54:54.3,1.130496,19,Biggs,0.045289855,0.007246377,0.010869565,0.03442029,0.128623188,0.039855072,0.019927536,0.001811594,0.012681159,0.036231884,0.038043478,0.038043478,0.007246377,0.001811594,0.019927536,0.023550725,0.025362319,0.009057971,0,0,0,0,0,0,0,0,0,0,0,0,0,0,0,0,0,0,0,0,0,0,0,0,0,0,0,0,0,0,0,0,0,0,0,0,0,0,0,0,0,0,0,0,0,0,0,0,0,0,0,0,0,0,0,0,0,0,0,0,0,0,0,0,0,0,0,0,0,0,0,0
306,C:/Users/TristanKleyn/Downloads/ecotypeClassification/binary/Binaries_20241109/10MIN/WINDOWS_20241109.csv,55:02.3,1.957888,19,Biggs,0.064853556,0.026150628,0.024058577,0.063807531,0.099372385,0.007322176,0.028242678,0.014644351,0.007322176,0.009414226,0.041841004,0.086820084,0.017782427,0.008368201,0,0,0,0,0,0,0,0,0,0,0,0,0,0,0,0,0,0,0,0,0,0,0,0,0,0,0,0,0,0,0,0,0,0,0,0,0,0,0,0,0,0,0,0,0,0,0,0,0,0,0,0,0,0,0,0,0,0,0,0,0,0,0,0,0,0,0,0,0,0,0,0,0,0,0,0
307,C:/Users/TristanKleyn/Downloads/ecotypeClassification/binary/Binaries_20241109/10MIN/WINDOWS_20241109.csv,55:46.3,1.196032,19,Biggs,0.056506849,0.037671233,0.015410959,0.034246575,0.106164384,0.082191781,0.047945205,0.018835616,0.001712329,0.003424658,0.020547945,0.025684932,0.04109589,0.008561644,0,0,0,0,0,0,0,0,0,0,0,0,0,0,0,0,0,0,0,0,0,0,0,0,0,0,0,0,0,0,0,0,0,0,0,0,0,0,0,0,0,0,0,0,0,0,0,0,0,0,0,0,0,0,0,0,0,0,0,0,0,0,0,0,0,0,0,0,0,0,0,0,0,0,0,0
308,C:/Users/TristanKleyn/Downloads/ecotypeClassification/binary/Binaries_20241109/10MIN/WINDOWS_20241109.csv,55:50.3,1.212416,19,Biggs,0.108108108,0.013513514,0.038851351,0.027027027,0.067567568,0.076013514,0.005067568,0.006756757,0.001689189,0.001689189,0.047297297,0.001689189,0,0.001689189,0.005067568,0.070945946,0.02027027,0.005067568,0.001689189,0,0,0,0,0,0,0,0,0,0,0,0,0,0,0,0,0,0,0,0,0,0,0,0,0,0,0,0,0,0,0,0,0,0,0,0,0,0,0,0,0,0,0,0,0,0,0,0,0,0,0,0,0,0,0,0,0,0,0,0,0,0,0,0,0,0,0,0,0,0,0
309,C:/Users/TristanKleyn/Downloads/ecotypeClassification/binary/Binaries_20241109/10MIN/WINDOWS_20241109.csv,58:02.3,1.06496,19,Biggs,0.217307692,0.053846154,0.021153846,0.098076923,0.109615385,0,0,0,0,0,0,0,0,0,0,0,0,0,0,0,0,0,0,0,0,0,0,0,0,0,0,0,0,0,0,0,0,0,0,0,0,0,0,0,0,0,0,0,0,0,0,0,0,0,0,0,0,0,0,0,0,0,0,0,0,0,0,0,0,0,0,0,0,0,0,0,0,0,0,0,0,0,0,0,0,0,0,0,0,0
310,C:/Users/TristanKleyn/Downloads/ecotypeClassification/binary/Binaries_20241109/10MIN/WINDOWS_20241109.csv,02:58.3,1.810432,19,Biggs,0.07918552,0.033936652,0.049773756,0.028280543,0.075791855,0.037330317,0.021493213,0.005656109,0.041855204,0.033936652,0.018099548,0.010180995,0.003393665,0.019230769,0,0.014705882,0.024886878,0.002262443,0,0,0,0,0,0,0,0,0,0,0,0,0,0,0,0,0,0,0,0,0,0,0,0,0,0,0,0,0,0,0,0,0,0,0,0,0,0,0,0,0,0,0,0,0,0,0,0,0,0,0,0,0,0,0,0,0,0,0,0,0,0,0,0,0,0,0,0,0,0,0,0
311,C:/Users/TristanKleyn/Downloads/ecotypeClassification/binary/Binaries_20241110/10MIN/WINDOWS_20241110.csv,06:48.1,2.12992,20,Biggs,0.054807692,0.006730769,0.001923077,0,0,0,0,0,0,0,0,0,0.001923077,0.005769231,0.0125,0.016346154,0,0,0,0,0.004807692,0.013461538,0.027884615,0.015384615,0.011538462,0.006730769,0.005769231,0.001923077,0.010576923,0.015384615,0.013461538,0.028846154,0.018269231,0.040384615,0.043269231,0.023076923,0.020192308,0.013461538,0.010576923,0.011538462,0.009615385,0.005769231,0,0,0,0,0,0,0,0,0,0,0,0.001923077,0.004807692,0.015384615,0,0,0,0,0,0,0,0,0,0,0.002884615,0.009615385,0.009615385,0.003846154,0,0,0,0,0,0,0,0,0,0,0,0,0,0,0,0,0,0,0,0
312,C:/Users/TristanKleyn/Downloads/ecotypeClassification/binary/Binaries_20241110/10MIN/WINDOWS_20241110.csv,06:56.1,3.129344,20,Biggs,0,0,0,0,0,0.00065445,0.002617801,0.004581152,0.036649215,0.030759162,0.016361257,0.028141361,0.017670157,0.066753927,0.009816754,0.013089005,0.02486911,0.013743455,0.005235602,0.014397906,0.010471204,0.006544503,0.023560209,0.018979058,0.020287958,0.011125654,0.004581152,0.013089005,0.004581152,0.005235602,0.003926702,0.012434555,0.010471204,0.009816754,0.001963351,0,0,0,0.00065445,0.00065445,0.00065445,0.002617801,0.009162304,0.013743455,0.005890052,0.005235602,0,0,0,0,0,0,0,0,0,0,0,0,0,0,0,0,0,0,0,0,0.00065445,0.003272251,0.006544503,0.008507853,0,0,0,0,0,0,0,0,0,0,0,0,0,0,0,0,0,0,0,0
313,C:/Users/TristanKleyn/Downloads/ecotypeClassification/binary/Binaries_20241110/10MIN/WINDOWS_20241110.csv,07:00.1,6.688768,20,Biggs,0,0,0,0,0,0,0,0,0.002449479,0.00122474,0.003980404,0.00183711,0.00061237,0.000918555,0.004592774,0,0,0,0,0.000918555,0.00061237,0.003980404,0.009491733,0.004286589,0,0,0.00061237,0.00122474,0.003061849,0.006123699,0.00183711,0.00183711,0.00122474,0.009491733,0.010716473,0.006123699,0.002143295,0.005817514,0.003980404,0.006123699,0.012859767,0.006736069,0.002755664,0.00061237,0.00183711,0.002755664,0.003061849,0,0,0,0.006736069,0.008573178,0.011941212,0.012247397,0.014084507,0.0223515,0.010104103,0.018064911,0.018371096,0.0223515,0.010410288,0.018983466,0.016840171,0.016227802,0.018983466,0.020820576,0.011022658,0.007960808,0.006429884,0.013165952,0.014696877,0.005817514,0.005511329,0.004898959,0.004286589,0.004592774,0.008573178,0.005205144,0.003674219,0.006736069,0.007042254,0.005511329,0.005511329,0.001530925,0,0,0,0.000306185,0.001530925,0.003061849
314,C:/Users/TristanKleyn/Downloads/ecotypeClassification/binary/Binaries_20241110/10MIN/WINDOWS_20241110.csv,07:40.1,1.880064,20,Biggs,0,0,0,0,0,0,0,0,0,0,0,0,0.001089325,0,0.020697168,0.011982571,0.004357298,0,0,0,0,0.001089325,0.022875817,0.027233115,0.076252723,0.038126362,0.049019608,0.029411765,0.020697168,0.016339869,0.015250545,0.006535948,0,0.007625272,0.011982571,0.006535948,0.006535948,0.008714597,0.013071895,0,0,0,0,0,0,0,0,0,0,0,0,0,0,0,0.001089325,0.002178649,0.003267974,0.003267974,0.044662309,0.005446623,0.009803922,0.004357298,0.003267974,0.007625272,0.015250545,0,0,0,0,0,0,0,0,0,0,0,0,0,0,0,0,0,0,0,0,0,0,0.002178649,0.002178649,0
315,C:/Users/TristanKleyn/Downloads/ecotypeClassification/binary/Binaries_20241110/10MIN/WINDOWS_20241110.csv,07:44.1,4.067328,20,Biggs,0.000503525,0.009566969,0.005035247,0.002517623,0.021651561,0.003524673,0.021651561,0.013595166,0.021148036,0.01611279,0.017119839,0.021148036,0.023162135,0.02265861,0.018126888,0.009566969,0.000503525,0.002014099,0.008056395,0.014602216,0.010070493,0.00755287,0.014098691,0.024169184,0.022155086,0.012588117,0.010574018,0.014098691,0.01510574,0.017623364,0.005035247,0.014098691,0.014098691,0.016616314,0.004028197,0.005538771,0.005035247,0,0,0,0,0,0,0,0,0,0,0,0,0,0,0,0,0,0,0,0,0,0,0,0,0,0.001510574,0.005538771,0.000503525,0.003524673,0,0,0,0,0.002014099,0.004531722,0.002014099,0.001007049,0.000503525,0,0,0.002517623,0.008559919,0.002517623,0.000503525,0,0,0,0,0,0,0,0,0
316,C:/Users/TristanKleyn/Downloads/ecotypeClassification/binary/Binaries_20241110/10MIN/WINDOWS_20241110.csv,07:48.1,1.417216,20,Biggs,0.01734104,0.010115607,0.001445087,0,0,0,0,0,0,0,0,0,0,0,0,0,0,0.01734104,0.015895954,0.002890173,0.039017341,0.00867052,0.015895954,0.053468208,0.005780347,0,0.044797688,0.034682081,0.002890173,0.001445087,0.034682081,0.020231214,0.026011561,0.028901734,0.031791908,0.018786127,0.026011561,0.028901734,0.01300578,0,0,0,0,0,0,0,0,0,0,0,0,0,0,0,0,0,0,0,0,0,0,0,0,0,0,0,0,0,0,0,0,0,0,0,0,0,0,0,0,0,0,0,0,0,0,0,0,0,0,0
317,C:/Users/TristanKleyn/Downloads/ecotypeClassification/binary/Binaries_20241110/10MIN/WINDOWS_20241110.csv,07:56.1,2.572288,20,Biggs,0,0,0,0.005573248,0.031847134,0.001592357,0,0.011146497,0.020700637,0.007165605,0.005573248,0.018312102,0.031847134,0.016719745,0.005573248,0.003980892,0.001592357,0.00477707,0.023089172,0.01910828,0.021496815,0.007165605,0.01910828,0.02388535,0.027866242,0.010350318,0.016719745,0.020700637,0.023089172,0,0,0.002388535,0.008757962,0.010350318,0.013535032,0.017515924,0.015127389,0.008757962,0.008757962,0.002388535,0.007165605,0.00955414,0.013535032,0.003184713,0,0,0,0,0,0,0,0,0,0,0,0,0,0,0,0,0,0,0,0,0,0,0,0,0,0,0,0,0,0,0,0,0,0,0,0,0,0,0,0,0,0,0,0,0,0
318,C:/Users/TristanKleyn/Downloads/ecotypeClassification/binary/Binaries_20241110/10MIN/WINDOWS_20241110.csv,08:00.1,2.27328,20,Biggs,0,0,0,0,0,0,0,0,0,0,0,0,0,0,0,0,0,0,0.016216216,0.032432432,0.013513514,0.027027027,0.05045045,0.018918919,0.030630631,0.011711712,0.012612613,0.003603604,0.002702703,0.003603604,0.004504505,0.003603604,0.005405405,0.014414414,0.004504505,0,0,0,0,0,0,0,0,0,0,0,0,0.000900901,0.022522523,0.00990991,0.00990991,0.002702703,0.015315315,0.007207207,0.016216216,0.01981982,0.003603604,0.006306306,0.025225225,0.00990991,0.002702703,0.003603604,0.001801802,0.000900901,0.000900901,0.000900901,0,0.002702703,0.001801802,0.001801802,0.002702703,0.000900901,0.000900901,0.001801802,0.001801802,0.002702703,0.010810811,0.006306306,0.005405405,0.004504505,0.00990991,0,0,0.001801802,0.001801802,0.004504505,0.010810811,0.006306306,0.001801802,0.002702703
319,C:/Users/TristanKleyn/Downloads/ecotypeClassification/binary/Binaries_20241110/10MIN/WINDOWS_20241110.csv,08:44.1,2.179072,20,Biggs,0,0,0,0,0,0,0,0,0,0,0,0.00093985,0.006578947,0.007518797,0.014097744,0.030075188,0.011278195,0.012218045,0.008458647,0.007518797,0.026315789,0.017857143,0.010338346,0.026315789,0.006578947,0.018796992,0.00093985,0,0,0,0,0,0,0,0,0.00093985,0.005639098,0,0.00093985,0.006578947,0.013157895,0.009398496,0.009398496,0.003759398,0.001879699,0.001879699,0.003759398,0.003759398,0,0,0.00093985,0.012218045,0.001879699,0.001879699,0.004699248,0.004699248,0.004699248,0.027255639,0.009398496,0.003759398,0.007518797,0.015037594,0.013157895,0.005639098,0.010338346,0.017857143,0.013157895,0.016917293,0.012218045,0.011278195,0.006578947,0.001879699,0.005639098,0.004699248,0.001879699,0.004699248,0.005639098,0.003759398,0.00093985,0.001879699,0.00093985,0,0,0,0,0,0,0,0,0
320,C:/Users/TristanKleyn/Downloads/ecotypeClassification/binary/Binaries_20241110/10MIN/WINDOWS_20241110.csv,08:48.1,1.073152,20,Biggs,0,0,0,0,0,0,0,0.001908397,0.013358779,0.005725191,0.026717557,0.051526718,0.017175573,0.005725191,0,0.045801527,0.061068702,0.036259542,0.061068702,0.019083969,0,0.003816794,0.005725191,0.030534351,0.02480916,0.003816794,0.017175573,0.001908397,0.005725191,0.003816794,0.007633588,0,0,0,0,0,0,0,0,0,0,0,0,0,0,0,0,0,0,0,0,0,0,0,0,0,0.009541985,0.001908397,0.022900763,0.003816794,0,0,0,0,0,0,0,0,0,0,0,0,0,0,0,0,0,0,0,0,0,0,0,0,0,0,0,0,0,0.011450382
321,C:/Users/TristanKleyn/Downloads/ecotypeClassification/binary/Binaries_20241110/10MIN/WINDOWS_20241110.csv,08:56.1,1.429504,20,Biggs,0.02722063,0.007163324,0,0.004297994,0.020057307,0.025787966,0.014326648,0.001432665,0.004297994,0.014326648,0.005730659,0.005730659,0.001432665,0.004297994,0.014326648,0.012893983,0.020057307,0.004297994,0.012893983,0.005730659,0.001432665,0.012893983,0.014326648,0.018624642,0.00286533,0.001432665,0.020057307,0.014326648,0.007163324,0.015759312,0.005730659,0,0.001432665,0.00286533,0.005730659,0.012893983,0.010028653,0.021489971,0.008595989,0.001432665,0,0,0,0,0,0.001432665,0.007163324,0.024355301,0.024355301,0.008595989,0.007163324,0.005730659,0.015759312,0.011461318,0.008595989,0,0,0,0,0,0,0,0,0,0,0,0,0,0,0,0,0,0,0,0,0,0,0,0,0,0,0,0,0,0,0,0,0,0,0
322,C:/Users/TristanKleyn/Downloads/ecotypeClassification/binary/Binaries_20241110/10MIN/WINDOWS_20241110.csv,09:48.1,3.731456,20,Biggs,0,0,0,0,0,0.002744237,0.003841932,0.005488474,0.004939627,0.00219539,0.007683864,0.01481888,0.015367728,0.016465423,0.008781559,0.012623491,0.015916575,0.012623491,0.008781559,0.008232711,0.01701427,0.006586169,0.010428101,0.010428101,0.021405049,0.012623491,0.011525796,0.006037322,0.025795829,0.012623491,0.004390779,0.004390779,0.007683864,0,0,0,0,0.001097695,0.001097695,0.00219539,0.006037322,0.001646542,0.000548847,0,0,0,0,0.001646542,0.004939627,0.006586169,0.00219539,0,0,0,0,0,0.001097695,0.007135016,0.009330406,0.004390779,0.008232711,0.016465423,0.012623491,0.013721186,0.007135016,0.010976948,0.007683864,0.009879254,0.007135016,0.010428101,0.008781559,0.006586169,0.00219539,0.00219539,0.008781559,0.006037322,0.003293085,0.00219539,0.001646542,0.003293085,0.002744237,0.003841932,0.000548847,0.00219539,0,0,0,0,0,0
323,C:/Users/TristanKleyn/Downloads/ecotypeClassification/binary/Binaries_20241110/10MIN/WINDOWS_20241110.csv,09:52.1,3.739648,20,Biggs,0.02245345,0.017524644,0.006571742,0.018072289,0.015334064,0.001642935,0,0.006024096,0,0.010952903,0.003833516,0.007667032,0.003285871,0.004381161,0.016976999,0.004928806,0.004381161,0.02135816,0.024096386,0.010405257,0.004928806,0.026834611,0.027382256,0.020810515,0.016429354,0.012595838,0.011500548,0.008214677,0.024644031,0.014238773,0.008762322,0.004928806,0.002190581,0.001642935,0.000547645,0.006571742,0.006024096,0.008214677,0.003285871,0.004928806,0.004381161,0.002190581,0.000547645,0,0,0,0,0,0.002738226,0.004381161,0.010405257,0.007119387,0.001642935,0,0,0.007119387,0.009309967,0.005476451,0.008214677,0.012595838,0.005476451,0.003833516,0,0,0,0,0,0,0,0,0,0,0,0,0,0,0,0,0,0,0,0,0,0,0,0,0,0,0,0
324,C:/Users/TristanKleyn/Downloads/ecotypeClassification/binary/Binaries_20241110/10MIN/WINDOWS_20241110.csv,09:56.1,6.815744,20,Biggs,0.019831731,0.010516827,0.006009615,0.002103365,0.010216346,0.007512019,0.002704327,0.006911058,0.015324519,0.005108173,0.002704327,0.010516827,0.003004808,0.001201923,0.005709135,0.006310096,0.001201923,0.000901442,0,0,0,0.004206731,0.012019231,0.005108173,0.008112981,0.010216346,0.012319712,0.003004808,0.009615385,0.013521635,0.005408654,0.00390625,0.010817308,0.013221154,0.002704327,0.007512019,0.014423077,0.005709135,0.002704327,0.0078125,0.010817308,0.001502404,0,0.000600962,0.007512019,0.001201923,0.004807692,0.010516827,0.004206731,0.006310096,0.013221154,0.009615385,0.009014423,0.009314904,0.011418269,0.009615385,0.000300481,0.000300481,0.003305288,0.009014423,0.004507212,0.005108173,0.008112981,0.0078125,0.012620192,0.008413462,0,0.006310096,0.004507212,0.009915865,0.003605769,0,0,0.000600962,0.005408654,0.000300481,0,0.002403846,0.008112981,0.001201923,0.001201923,0.001201923,0,0,0,0,0,0.0078125,0.005709135,0.002403846
325,C:/Users/TristanKleyn/Downloads/ecotypeClassification/binary/Binaries_20241110/10MIN/WINDOWS_20241110.csv,10:00.1,3.56352,20,Biggs,0.014367816,0.000574713,0,0,0,0,0,0.004597701,0.013793103,0.005747126,0.001149425,0.014942529,0.006321839,0.009770115,0,0,0,0,0.006896552,0.012068966,0.017241379,0.028735632,0.015517241,0.010344828,0.029885057,0.02816092,0.026436782,0.004597701,0.026436782,0.021264368,0.004022989,0.006896552,0.016666667,0.013793103,0.002298851,0.008045977,0.024712644,0.001724138,0.009770115,0.001724138,0,0,0,0.000574713,0.010344828,0.000574713,0,0,0,0,0,0,0,0,0,0,0,0,0,0,0,0,0,0.000574713,0.011494253,0.007471264,0.010344828,0.003448276,0.003448276,0.006321839,0.009770115,0.002298851,0.002298851,0.002298851,0.01091954,0.000574713,0.009770115,0.002298851,0.001149425,0.002873563,0.011494253,0.001149425,0,0,0,0,0,0,0,0
326,C:/Users/TristanKleyn/Downloads/ecotypeClassification/binary/Binaries_20241110/10MIN/WINDOWS_20241110.csv,10:48.1,3.518464,20,Biggs,0.043655413,0.026193248,0.036670547,0.006984866,0.022118743,0.027357392,0.020954598,0.011059371,0.010477299,0.019790454,0.015133877,0.012223516,0.002910361,0.004656577,0.007566938,0.012805588,0.003492433,0.001746217,0.008731083,0.005820722,0.008731083,0.012805588,0.009313155,0.011641444,0.01338766,0.00523865,0.014551804,0,0.001746217,0.014551804,0.002910361,0,0.003492433,0.004074505,0.004656577,0.003492433,0.011059371,0.009313155,0.004074505,0.003492433,0.00814901,0.010477299,0.011059371,0.003492433,0.004074505,0.003492433,0.003492433,0,0,0,0,0,0,0,0,0,0,0,0,0.003492433,0.002910361,0.003492433,0.00523865,0.001746217,0,0,0,0,0,0,0,0,0,0,0,0,0,0,0,0,0,0,0,0,0,0,0,0,0,0
327,C:/Users/TristanKleyn/Downloads/ecotypeClassification/binary/Binaries_20241110/10MIN/WINDOWS_20241110.csv,10:52.1,4.75136,20,Biggs,0.05862069,0.023275862,0.020258621,0.022413793,0.02112069,0.003448276,0.005172414,0.009913793,0.017241379,0.013362069,0.002155172,0.001293103,0.011206897,0.002155172,0,0.001293103,0.00387931,0.005603448,0.000431034,0,0,0,0,0,0.000431034,0.004310345,0.00387931,0.005172414,0.014655172,0.023275862,0.018103448,0.022413793,0.013793103,0.018534483,0.017241379,0.014655172,0.010775862,0.018103448,0.011206897,0.009482759,0.007327586,0.006034483,0.012068966,0.005603448,0.004741379,0.006034483,0.002155172,0.001293103,0.000431034,0,0,0,0,0,0,0,0,0.000862069,0.006896552,0.001293103,0,0,0,0,0,0,0,0,0,0,0,0,0,0,0,0,0,0.001724138,0.000431034,0.000431034,0.003017241,0.006465517,0.00387931,0.000431034,0,0,0,0,0,0
328,C:/Users/TristanKleyn/Downloads/ecotypeClassification/binary/Binaries_20241110/10MIN/WINDOWS_20241110.csv,10:56.1,3.555328,20,Biggs,0.017281106,0.035138249,0.013824885,0.032834101,0.02937788,0.007488479,0.009792627,0.017857143,0.025345622,0.004032258,0.001152074,0.011520737,0.013824885,0.026497696,0.016705069,0.010368664,0.017281106,0.014400922,0.014976959,0.008640553,0.008064516,0.015552995,0.026497696,0.017281106,0.006912442,0.006336406,0.011520737,0.010368664,0.009792627,0.005760369,0.002304147,0.001152074,0.003456221,0,0.001152074,0.002304147,0.002880184,0.002304147,0.004032258,0.001152074,0.000576037,0,0.000576037,0.002880184,0.011520737,0.004608295,0.000576037,0,0,0,0,0,0,0,0,0,0,0,0,0,0,0,0,0,0,0,0,0,0.004608295,0.006912442,0.000576037,0,0,0,0,0,0,0,0,0,0,0,0,0,0,0,0,0,0,0
329,C:/Users/TristanKleyn/Downloads/ecotypeClassification/binary/Binaries_20241110/10MIN/WINDOWS_20241110.csv,11:00.1,3.776512,20,Biggs,0.010303688,0.010303688,0.031453362,0.03362256,0.014642082,0.000542299,0.005965293,0.013015184,0.015184382,0,0,0.005422993,0.017353579,0.005422993,0.004338395,0.004880694,0.012472885,0.017895879,0.022234273,0.005965293,0.001626898,0.010845987,0.012472885,0.004880694,0.003796095,0.001084599,0.023318872,0.010303688,0.003253796,0.011388286,0.014099783,0.002169197,0.002169197,0.004338395,0.003253796,0.017353579,0.015184382,0.001626898,0.001626898,0.015184382,0.019522777,0.009761388,0.004338395,0.000542299,0.005965293,0.003796095,0.004338395,0.002711497,0.014642082,0.007592191,0.005422993,0.007049892,0.001084599,0.003796095,0.007592191,0.010303688,0,0.000542299,0,0,0,0,0,0,0,0,0,0,0,0,0,0,0,0,0,0,0,0,0,0,0,0,0,0,0,0,0,0,0,0
330,C:/Users/TristanKleyn/Downloads/ecotypeClassification/binary/Binaries_20241110/10MIN/WINDOWS_20241110.csv,11:04.1,1.245184,20,Biggs,0.024671053,0.003289474,0.009868421,0.008223684,0.044407895,0.014802632,0.003289474,0.004934211,0.013157895,0.032894737,0.021381579,0.006578947,0.006578947,0.004934211,0.032894737,0.021381579,0,0,0,0,0,0,0.003289474,0.019736842,0.013157895,0.016447368,0.006578947,0.004934211,0.018092105,0.011513158,0.014802632,0.003289474,0,0,0,0,0,0,0.006578947,0.008223684,0.014802632,0.006578947,0,0,0,0,0,0.018092105,0.004934211,0.003289474,0.011513158,0.018092105,0.013157895,0.003289474,0.004934211,0.008223684,0.008223684,0.004934211,0,0,0,0,0,0,0,0,0,0,0,0,0,0,0,0,0,0,0,0,0,0,0,0,0,0,0,0,0,0,0,0
331,C:/Users/TristanKleyn/Downloads/ecotypeClassification/binary/Binaries_20241110/10MIN/WINDOWS_20241110.csv,11:44.1,2.338816,20,Biggs,0.00525394,0.036777583,0.051663748,0.010507881,0.024518389,0.023642732,0.012259194,0.009632224,0,0,0,0,0.007880911,0.017513135,0.009632224,0.014010508,0.000875657,0.003502627,0.00262697,0.007005254,0.008756567,0.031523643,0.018388792,0.012259194,0.031523643,0.012259194,0.011383538,0.027145359,0.019264448,0.007880911,0.009632224,0.017513135,0.000875657,0.009632224,0.019264448,0.003502627,0.001751313,0.020140105,0,0,0,0,0,0,0,0,0,0,0,0,0,0,0,0,0,0,0,0,0,0,0,0,0,0,0,0,0,0,0,0,0,0,0,0,0,0,0,0,0,0,0,0,0,0,0,0,0,0,0,0
332,C:/Users/TristanKleyn/Downloads/ecotypeClassification/binary/Binaries_20241110/10MIN/WINDOWS_20241110.csv,12:00.1,1.368064,20,Biggs,0.04491018,0.026946108,0.02994012,0.061377246,0.031437126,0.03742515,0.00748503,0.001497006,0.00748503,0.026946108,0.028443114,0.00748503,0,0.008982036,0.00748503,0.019461078,0.008982036,0,0.001497006,0.010479042,0.004491018,0.002994012,0.002994012,0.001497006,0.002994012,0.001497006,0.005988024,0.016467066,0.005988024,0.00748503,0.002994012,0,0,0,0,0,0,0,0,0,0,0,0,0,0,0,0,0.002994012,0.010479042,0.023952096,0.034431138,0.004491018,0,0,0,0,0,0,0,0,0,0,0,0,0,0,0,0,0,0,0,0,0,0,0,0,0,0,0,0,0,0,0,0,0,0,0,0,0,0
333,C:/Users/TristanKleyn/Downloads/ecotypeClassification/binary/Binaries_20241110/10MIN/WINDOWS_20241110.csv,12:44.1,2.031616,20,Biggs,0.035282258,0.023185484,0.052419355,0.054435484,0.03125,0.003024194,0.01108871,0,0.026209677,0.02016129,0.007056452,0.006048387,0.019153226,0.014112903,0.004032258,0,0,0,0,0,0.001008065,0.009072581,0.014112903,0.01108871,0.016129032,0.018145161,0.023185484,0.01108871,0.015120968,0.001008065,0,0,0,0,0,0.001008065,0.001008065,0.003024194,0.007056452,0.002016129,0.006048387,0,0,0,0,0,0,0,0,0,0,0,0,0,0,0.001008065,0.001008065,0.005040323,0.006048387,0.004032258,0.003024194,0.007056452,0.004032258,0.004032258,0.004032258,0.007056452,0.006048387,0,0,0,0,0,0,0,0,0,0,0,0,0,0,0,0,0,0,0,0,0,0,0
334,C:/Users/TristanKleyn/Downloads/ecotypeClassification/binary/Binaries_20241110/10MIN/WINDOWS_20241110.csv,12:48.1,2.658304,20,Biggs,0.044684129,0.039291217,0.043143297,0.034668721,0.068567026,0.043143297,0.016949153,0.014637904,0.028505393,0.020801233,0.017719569,0.000770416,0,0,0,0,0,0.001540832,0,0.00385208,0,0,0.010015408,0.00770416,0.012326656,0.009244992,0.014637904,0.010015408,0.000770416,0.006163328,0.002311248,0,0.001540832,0.002311248,0.001540832,0.001540832,0.002311248,0,0,0,0,0,0,0.000770416,0.005392912,0.002311248,0.004622496,0.002311248,0,0,0,0,0,0.001540832,0.000770416,0.005392912,0.002311248,0.000770416,0.013097072,0,0,0,0,0,0,0,0,0,0,0,0,0,0,0,0,0,0,0,0,0,0,0,0,0,0,0,0,0,0,0
335,C:/Users/TristanKleyn/Downloads/ecotypeClassification/binary/Binaries_20241110/10MIN/WINDOWS_20241110.csv,12:52.1,8.4992,20,Biggs,0.035903614,0.008192771,0.012771084,0.013253012,0.01060241,0.002650602,0.006746988,0.013253012,0.004819277,0.003855422,0.010361446,0.021204819,0.009879518,0.00746988,0.007710843,0.003855422,0.000963855,0.00313253,0.001927711,0.000722892,0.000240964,0.005060241,0.012771084,0.017349398,0.013012048,0.013975904,0.015421687,0.014457831,0.01373494,0.02,0.013493976,0.013012048,0.018072289,0.015421687,0.005783133,0.006024096,0.009638554,0.009156627,0.005060241,0.007710843,0.003855422,0.005060241,0.003373494,0.006506024,0.010361446,0.003614458,0.002409639,0.002409639,0,0,0,0,0,0,0.001204819,0.005060241,0.00626506,0.004337349,0.002409639,0.000240964,0,0.001445783,0.002409639,0.001445783,0.002650602,0.005542169,0.000481928,0.000481928,0.000963855,0.002650602,0,0,0,0.002409639,0.004819277,0.002650602,0.001204819,0,0,0.000240964,0.001927711,0.002891566,0,0,0,0,0,0,0,0
336,C:/Users/TristanKleyn/Downloads/ecotypeClassification/binary/Binaries_20241110/10MIN/WINDOWS_20241110.csv,12:56.1,1.261568,20,Biggs,0.017857143,0.024350649,0.022727273,0.053571429,0.125,0.019480519,0.011363636,0.006493506,0.011363636,0.006493506,0,0.019480519,0.021103896,0.001623377,0.003246753,0.00487013,0.003246753,0.00487013,0,0.001623377,0.008116883,0,0.001623377,0.01461039,0.058441558,0.022727273,0.01461039,0.01461039,0.006493506,0,0,0,0,0,0,0,0,0,0,0,0,0,0,0,0,0,0,0,0,0,0,0,0,0,0,0,0,0,0,0,0,0,0,0,0,0,0,0,0,0,0,0,0,0,0,0,0,0,0,0,0,0,0,0,0,0,0,0,0,0
337,C:/Users/TristanKleyn/Downloads/ecotypeClassification/binary/Binaries_20241110/10MIN/WINDOWS_20241110.csv,13:00.1,7.192576,20,Biggs,0.031605923,0.004271071,0.023917995,0.01452164,0.023348519,0.01167426,0.016799544,0.007403189,0.010250569,0.005125285,0.003986333,0,0,0,0,0,0,0,0,0.009965831,0.007687927,0.000284738,0.00284738,0.003701595,0.000284738,0.000854214,0.021640091,0.017084282,0.002277904,0.016799544,0.011389522,0.007403189,0.006833713,0.010820046,0.004840547,0.010250569,0.004555809,0.001708428,0.003701595,0.002277904,0.003132118,0.000854214,0.008826879,0.00142369,0.00142369,0.005979499,0.017084282,0.000854214,0.000854214,0.014806378,0.005410023,0.00284738,0.00284738,0.002562642,0.000854214,0.003701595,0.005125285,0.000854214,0.000569476,0.011389522,0.004271071,0.001708428,0,0,0.000569476,0.000569476,0.004271071,0.003416856,0.000284738,0.014806378,0.006548975,0.000569476,0.004555809,0.009396355,0.000569476,0.000569476,0.009111617,0.001993166,0.003132118,0.012528474,0.000854214,0,0,0,0,0.003986333,0.008542141,0.00284738,0.000284738,0.01309795
338,C:/Users/TristanKleyn/Downloads/ecotypeClassification/binary/Binaries_20241110/10MIN/WINDOWS_20241110.csv,13:04.1,6.443008,20,Biggs,0.034011443,0.01048951,0.002860776,0.015893198,0.027972028,0.001271456,0.002225048,0.004132231,0.009535919,0.007628735,0.014621742,0.014939606,0.007628735,0.002860776,0.002860776,0.013986014,0.002225048,0.002542912,0.009535919,0.004132231,0.007628735,0.01366815,0.01684679,0.009853783,0.011125238,0.01366815,0.009535919,0.002860776,0.006039415,0.001907184,0.001271456,0.002542912,0.008582327,0.006675143,0,0,0.00317864,0.00317864,0.004767959,0.009853783,0.01525747,0.004767959,0.004132231,0.010807374,0.009218055,0.005085823,0.009218055,0.011443102,0.004132231,0.00317864,0.006675143,0.007946599,0.000635728,0.00317864,0.000953592,0.002225048,0.00158932,0.004767959,0.008900191,0.001271456,0.001907184,0.002860776,0.006993007,0.002542912,0.000953592,0,0,0,0.000635728,0.002542912,0.000953592,0.005085823,0.002542912,0.005721551,0,0,0,0.000635728,0.002860776,0.00317864,0.008900191,0.001907184,0.00158932,0.007310871,0.000953592,0,0,0,0,0
339,C:/Users/TristanKleyn/Downloads/ecotypeClassification/binary/Binaries_20241110/10MIN/WINDOWS_20241110.csv,13:44.1,5.103616,20,Biggs,0.011637239,0.012439807,0.014044944,0.012439807,0.026083467,0.010834671,0.011235955,0.004815409,0.010032103,0.002808989,0,0,0,0,0,0.000802568,0.002407705,0.001605136,0.005617978,0.004414125,0.005216693,0.007223114,0.014446228,0.006019262,0.012841091,0.009229535,0.015248796,0.008025682,0.010433387,0.015248796,0.008025682,0.005216693,0.008025682,0.011235955,0.005216693,0.005216693,0.009229535,0.005617978,0.004414125,0.006019262,0.007624398,0.005617978,0.00682183,0.005617978,0.008426966,0.00682183,0.007223114,0.013242376,0.009229535,0.007223114,0.007624398,0.010834671,0.007624398,0.005617978,0.008426966,0.00882825,0.004815409,0.004815409,0.006420546,0.004012841,0.003611557,0.003611557,0.004414125,0.002407705,0.002006421,0.001605136,0.001203852,0.002808989,0.000401284,0.000401284,0.000802568,0.001203852,0.002407705,0.002006421,0.001605136,0.001605136,0.002006421,0,0,0,0,0,0,0.000401284,0.001203852,0.002006421,0.001203852,0.003611557,0.004012841,0.003210273
340,C:/Users/TristanKleyn/Downloads/ecotypeClassification/binary/Binaries_20241110/10MIN/WINDOWS_20241110.csv,13:48.1,6.537216,20,Biggs,0.007518797,0.006578947,0.006578947,0.004072682,0.016917293,0.008145363,0.006578947,0.007205514,0.009398496,0.001253133,0.005952381,0.01660401,0.007518797,0.006578947,0.000313283,0.00877193,0.008458647,0.008458647,0.010964912,0.001253133,0.000626566,0.002506266,0.01754386,0.004072682,0.001566416,0.00783208,0.016290727,0.005639098,0.004072682,0.016290727,0.004385965,0.003132832,0.006578947,0.01566416,0.000313283,0.00093985,0.016917293,0.002506266,0.000626566,0.005952381,0.010964912,0,0,0.004072682,0.008145363,0,0.000313283,0.001879699,0.001566416,0.002506266,0.00877193,0.013157895,0.002819549,0.006892231,0.005952381,0.005639098,0.002506266,0.005012531,0.005012531,0.002819549,0.00093985,0,0.000313283,0.002192982,0.004699248,0.008458647,0.005012531,0.008458647,0.008458647,0.014411028,0.004699248,0.006578947,0.00877193,0.011278195,0.003759398,0.005012531,0.010651629,0.003446115,0.000626566,0,0.00093985,0.002819549,0.005639098,0.008145363,0.003759398,0,0,0,0,0.000313283
341,C:/Users/TristanKleyn/Downloads/ecotypeClassification/binary/Binaries_20241110/10MIN/WINDOWS_20241110.csv,13:52.1,8.0896,20,Biggs,0.029620253,0.009873418,0.012658228,0.009113924,0.033924051,0.003037975,0.003037975,0.006075949,0.013670886,0.003037975,0.003544304,0.009113924,0.004050633,0.000759494,0.003544304,0.005822785,0.002025316,0.000253165,0.003797468,0.00278481,0.003544304,0.005316456,0.012658228,0.007341772,0.003544304,0.007848101,0.008860759,0.00835443,0.002531646,0.005316456,0.005316456,0.008860759,0.008860759,0.009620253,0.007088608,0.00835443,0.011898734,0.005316456,0.004303797,0.005316456,0.006835443,0.00556962,0.007594937,0.009367089,0.009620253,0.005822785,0.006835443,0.006329114,0.001518987,0.003291139,0.003037975,0.004556962,0.004303797,0.006075949,0.007594937,0.006329114,0.005063291,0.004556962,0.004810127,0.000253165,0,0,0,0,0,0,0.001265823,0.000759494,0.001012658,0.001012658,0.002278481,0.004556962,0.004810127,0.005063291,0.004303797,0.002278481,0.006075949,0.003291139,0.003037975,0.003544304,0.004303797,0.004303797,0.005063291,0.007594937,0.00278481,0.005316456,0.00556962,0.003797468,0.001772152,0.006835443
342,C:/Users/TristanKleyn/Downloads/ecotypeClassification/binary/Binaries_20241110/10MIN/WINDOWS_20241110.csv,13:56.1,8.183808,20,Biggs,0.014514515,0.01001001,0.014264264,0.02027027,0.00950951,0.001001001,0.002002002,0.003753754,0.004504505,0.016516517,0.006006006,0.008258258,0.010760761,0.005005005,0.008508509,0.00975976,0.003003003,0.00025025,0.007507508,0.013013013,0.007257257,0.002502503,0.01976977,0.006256256,0.006756757,0.006256256,0.011761762,0.005755756,0.011761762,0.018768769,0.005255255,0.003253253,0.013513514,0.012262262,0.001251251,0.001001001,0.005755756,0.003003003,0.006256256,0.014014014,0.008008008,0.007007007,0.014514515,0.003753754,0.004254254,0.010510511,0.005505506,0.003753754,0.002252252,0.002002002,0.003753754,0.008508509,0.008258258,0.004254254,0.003503504,0.015265265,0.001751752,0.001001001,0.003003003,0.000750751,0.000750751,0.000750751,0.002252252,0,0,0,0.001001001,0.005255255,0.007007007,0.006506507,0.000500501,0.000500501,0.001501502,0.004254254,0.006006006,0.007507508,0.003753754,0.005505506,0.001501502,0.000500501,0.000750751,0.001501502,0.00025025,0,0,0,0,0,0,0
343,C:/Users/TristanKleyn/Downloads/ecotypeClassification/binary/Binaries_20241110/10MIN/WINDOWS_20241110.csv,14:00.1,8.2944,20,Biggs,0.038518519,0.01037037,0.011111111,0.007407407,0.023950617,0.00691358,0.009135802,0.017777778,0.012592593,0.009876543,0.014814815,0.027407407,0.003209877,0.005679012,0.003950617,0.002716049,0.001234568,0.00617284,0.017037037,0.012098765,0.011851852,0.011358025,0.010864198,0.00962963,0.01037037,0.014567901,0.010864198,0.004691358,0.004444444,0.015555556,0.005679012,0.004938272,0.007407407,0.02,0.005432099,0.000740741,0.000246914,0.000493827,0.002222222,0.002962963,0.007160494,0.001481481,0.003209877,0.001481481,0,0,0,0,0,0,0.000246914,0.002962963,0.000246914,0.000493827,0.001234568,0.003950617,0.004197531,0.005679012,0.001234568,0,0,0,0,0,0,0,0,0,0,0,0,0,0,0.000246914,0.002469136,0.004691358,0.007407407,0.007160494,0.006419753,0.004938272,0.002716049,0.004444444,0.003703704,0.001728395,0.002962963,0.007901235,0.003703704,0.003209877,0.002469136,0.003950617
344,C:/Users/TristanKleyn/Downloads/ecotypeClassification/binary/Binaries_20241110/10MIN/WINDOWS_20241110.csv,14:04.1,7.245824,20,Biggs,0.020067835,0.010740531,0.002261164,0.001130582,0.005370266,0.012153759,0.008762012,0.000565291,0.004239683,0.001695873,0,0,0,0,0,0,0.000282646,0.007066139,0.003674392,0.005370266,0.000282646,0.007348785,0.019502544,0.007348785,0.01017524,0.013849633,0.008762012,0.02035048,0.016958734,0.010740531,0.018089316,0.010457886,0.006783493,0.013284341,0.02035048,0.002826456,0.001695873,0.015545506,0.004239683,0.009327304,0.012436405,0.008762012,0.003957038,0.001130582,0.016958734,0.000282646,0.001978519,0.013284341,0.005652911,0.003957038,0.003391747,0.007914076,0.002261164,0.003957038,0.011305822,0.005652911,0.004804975,0.000282646,0,0,0,0.000847937,0.00254381,0.006218202,0.009327304,0.00508762,0.000847937,0.002826456,0.007348785,0.001695873,0,0,0,0,0.003957038,0.003391747,0,0.000282646,0.009327304,0,0,0,0.003674392,0.002826456,0.001130582,0.004522329,0.00508762,0.001130582,0.009892595,0.008762012
345,C:/Users/TristanKleyn/Downloads/ecotypeClassification/binary/Binaries_20241110/10MIN/WINDOWS_20241110.csv,14:08.1,2.90816,20,Biggs,0.001408451,0.016197183,0.042957746,0.011267606,0.01056338,0.007746479,0.021126761,0.029577465,0,0,0.000704225,0.006338028,0.009859155,0.009859155,0.015492958,0.026760563,0.001408451,0.001408451,0.015492958,0.024647887,0.020422535,0.012676056,0.01971831,0.013380282,0.022535211,0.01971831,0.00915493,0.013380282,0.009859155,0.006338028,0,0,0,0,0.007746479,0.006338028,0.001408451,0,0.000704225,0.005633803,0.017605634,0.01056338,0.01056338,0.014788732,0.002112676,0,0,0,0,0,0,0,0,0,0,0.000704225,0.003521127,0.005633803,0.007746479,0,0,0,0,0,0,0,0,0,0,0,0,0,0,0,0,0,0,0,0,0,0,0,0,0,0,0,0.000704225,0.002112676,0.000704225,0.001408451
346,C:/Users/TristanKleyn/Downloads/ecotypeClassification/binary/Binaries_20241110/10MIN/WINDOWS_20241110.csv,14:48.1,5.849088,20,Biggs,0.003501401,0.021008403,0.011554622,0.005602241,0.006652661,0.027310924,0.005952381,0.003151261,0.009803922,0.006302521,0,0.00245098,0.005952381,0.00245098,0,0,0.00210084,0.009103641,0.006302521,0.00245098,0.016106443,0.015756303,0.019607843,0.008753501,0.017857143,0.010854342,0.011904762,0.007352941,0.016806723,0.015056022,0.006652661,0.005952381,0.006652661,0.008053221,0.00245098,0.006302521,0.023459384,0.004901961,0.0017507,0.014355742,0.028361345,0.008403361,0.004551821,0.005252101,0.014705882,0,0,0,0.00105042,0.00245098,0.007352941,0.004551821,0.0017507,0.00035014,0,0.009453782,0.00280112,0,0.003501401,0.010504202,0.007002801,0.00280112,0.005602241,0,0.0017507,0.00210084,0.00245098,0.00070028,0,0,0.00210084,0.00210084,0.00140056,0.00280112,0,0,0,0,0.004201681,0.005602241,0.00140056,0,0,0,0,0,0,0,0,0.00070028
347,C:/Users/TristanKleyn/Downloads/ecotypeClassification/binary/Binaries_20241110/10MIN/WINDOWS_20241110.csv,14:52.1,7.421952,20,Biggs,0.018763797,0.009381898,0.012417219,0.011313466,0.011589404,0.011865342,0.016280353,0.006346578,0.009657837,0.00910596,0.006898455,0.00607064,0.002207506,0.004415011,0.004966887,0.004415011,0.007450331,0.008002208,0.012417219,0.008830022,0.011037528,0.006346578,0.007726269,0.005794702,0.008002208,0.007726269,0.009381898,0.005518764,0.005518764,0.009381898,0.008830022,0.005794702,0.005794702,0.005242826,0.003863135,0.006622517,0.002759382,0.002207506,0.004139073,0.006622517,0.011589404,0.001655629,0.002759382,0.004415011,0.004966887,0.003311258,0.004415011,0.009657837,0.005794702,0.00607064,0.003311258,0.006622517,0.001931567,0.003311258,0.002483444,0.007450331,0.009657837,0.008278146,0.004139073,0.004966887,0.003863135,0.002207506,0.00303532,0.003587196,0.002759382,0.004415011,0.004415011,0.003587196,0.007174393,0.004690949,0.001655629,0.000827815,0.001103753,0.002483444,0.002207506,0.004415011,0.004139073,0.002483444,0.002207506,0.001655629,0.001655629,0.001103753,0.000551876,0.000551876,0.001379691,0.00303532,0.002207506,0.003863135,0.001655629,0.003587196
348,C:/Users/TristanKleyn/Downloads/ecotypeClassification/binary/Binaries_20241110/10MIN/WINDOWS_20241110.csv,14:56.1,6.0416,20,Biggs,0.031186441,0.00779661,0.002372881,0.003389831,0.005423729,0.013220339,0.017288136,0.017627119,0.00440678,0.005084746,0.001016949,0,0,0.004067797,0.008813559,0.012881356,0.006101695,0.010847458,0.015932203,0.007457627,0.014237288,0.010508475,0.008474576,0.006779661,0.014915254,0.011186441,0.01220339,0.010847458,0.02,0.013559322,0.013898305,0.012542373,0.004745763,0.011525424,0.009152542,0.009152542,0.012542373,0.01559322,0.011864407,0.006440678,0.005423729,0.008474576,0.007457627,0.003050847,0,0.00440678,0.00779661,0.003050847,0,0,0,0.002711864,0.003728814,0.001016949,0,0,0,0,0.003389831,0.003050847,0.001694915,0.002372881,0.004745763,0.003050847,0.003728814,0.002033898,0,0,0,0,0,0,0,0,0.001016949,0.002033898,0.003728814,0,0,0,0,0.002372881,0.002033898,0.002372881,0.002033898,0.002711864,0.001016949,0.000338983,0.001694915,0.002372881
349,C:/Users/TristanKleyn/Downloads/ecotypeClassification/binary/Binaries_20241110/10MIN/WINDOWS_20241110.csv,15:00.1,15.106048,20,Biggs,0.010303688,0.012472885,0.005558568,0.003524946,0.01260846,0.018167028,0.018302603,0.006778742,0.009490239,0.007863341,0.005558568,0.005422993,0.008947939,0.009354664,0.006914317,0.00840564,0.008812364,0.006643167,0.007863341,0.010439262,0.007592191,0.007185466,0.010845987,0.00840564,0.009354664,0.003660521,0.00840564,0.005287419,0.007321041,0.00813449,0.00393167,0.004880694,0.006372017,0.010032538,0.005558568,0.006372017,0.011659436,0.005829718,0.003524946,0.007049892,0.00840564,0.004745119,0.006507592,0.005694143,0.004067245,0.004745119,0.004880694,0.008812364,0.004067245,0.007456616,0.003660521,0.006507592,0.00447397,0.004745119,0.001898048,0.001762473,0.004067245,0.00393167,0.002575922,0.004609544,0.002575922,0.00447397,0.003660521,0.005151844,0.003389371,0.004609544,0.002440347,0.003660521,0.001762473,0.001898048,0.001626898,0.001626898,0.002711497,0.004609544,0.002304772,0.001084599,0.003118221,0.001220174,0.002304772,0.002711497,0.00393167,0.003253796,0.00393167,0.002575922,0.001084599,0.001084599,0.000813449,0.001084599,0.000949024,0.001898048
350,C:/Users/TristanKleyn/Downloads/ecotypeClassification/binary/Binaries_20241110/10MIN/WINDOWS_20241110.csv,15:04.1,5.36576,20,Biggs,0.016030534,0.001908397,0.003816794,0.01259542,0.016412214,0.004580153,0.007251908,0.015267176,0.008396947,0.003816794,0.00610687,0.011068702,0.005343511,0.002290076,0.003053435,0.010687023,0.003435115,0.004580153,0.00610687,0.004961832,0.008778626,0.001526718,0.005343511,0.011450382,0.014885496,0.006870229,0.008396947,0.007251908,0.005343511,0.011832061,0.009923664,0.004961832,0.005725191,0.004961832,0.003053435,0.00648855,0.01221374,0.00648855,0.006870229,0.009160305,0.009160305,0.004580153,0.003435115,0.007633588,0.004961832,0.010687023,0.004198473,0.003816794,0.001908397,0.001908397,0.003435115,0.005725191,0.00610687,0.003816794,0.001908397,0.011450382,0.003435115,0.004198473,0.003435115,0.000381679,0.000381679,0,0.000763359,0.001526718,0.002671756,0.00648855,0.004198473,0.001908397,0.001526718,0.002290076,0.003435115,0.00610687,0.005343511,0.005343511,0.001908397,0.003435115,0.00610687,0.007251908,0.001908397,0.001908397,0.002290076,0.002290076,0.003053435,0.007633588,0.003816794,0.003435115,0.006870229,0.004198473,0.004198473,0.002290076
351,C:/Users/TristanKleyn/Downloads/ecotypeClassification/binary/Binaries_20241110/10MIN/WINDOWS_20241110.csv,15:08.1,4.620288,20,Biggs,0.022163121,0.020833333,0.007535461,0.009308511,0.020833333,0.004432624,0.010195035,0.021276596,0.01285461,0.005762411,0.008421986,0.019060284,0.009308511,0.007092199,0.005762411,0.004875887,0.007092199,0.005762411,0.008421986,0.004875887,0.004432624,0.002659574,0.008865248,0.010195035,0.007092199,0.004875887,0.007535461,0.006648936,0.003989362,0.005762411,0.003546099,0.002216312,0.00177305,0.000443262,0.002216312,0.002216312,0.003546099,0.006648936,0.003989362,0.009751773,0.008421986,0.003546099,0.004432624,0.007978723,0.007978723,0.004875887,0.007978723,0.004432624,0.003546099,0.00177305,0.003102837,0.005319149,0.002659574,0.004432624,0.002216312,0.004875887,0.003102837,0.003989362,0.015514184,0.003989362,0.003546099,0.004875887,0.004875887,0.005762411,0.002216312,0.005319149,0.000886525,0.00177305,0.000443262,0,0.000886525,0,0.002216312,0.004432624,0.005762411,0.006205674,0.005319149,0.003102837,0.001329787,0.003989362,0.000886525,0.000886525,0,0.001329787,0.002216312,0.002659574,0.002216312,0.003546099,0.002216312,0.002659574
352,C:/Users/TristanKleyn/Downloads/ecotypeClassification/binary/Binaries_20241110/10MIN/WINDOWS_20241110.csv,15:48.1,4.653056,20,Biggs,0.024207746,0.040933099,0.02068662,0.01540493,0.03125,0.029489437,0.013644366,0.004401408,0.003961268,0.024207746,0.010123239,0.008802817,0.011443662,0.014524648,0.001760563,0,0,0.003521127,0.012764085,0.006602113,0.006161972,0.012764085,0.006161972,0.01056338,0.013204225,0.009242958,0.018926056,0.017165493,0.004841549,0.003080986,0.002640845,0.005721831,0.005721831,0.017165493,0.006602113,0.002200704,0.001760563,0.007042254,0.000440141,0.002640845,0.002640845,0.00528169,0.002640845,0.001760563,0.001320423,0,0.001760563,0.003521127,0.001320423,0.002200704,0.000880282,0.003961268,0.004841549,0.004401408,0.002640845,0.000880282,0.000440141,0.003961268,0.008802817,0.003080986,0.000440141,0.001320423,0,0,0,0,0,0,0,0,0,0,0,0,0,0.009242958,0.000880282,0,0,0,0,0,0,0,0,0,0,0,0,0
353,C:/Users/TristanKleyn/Downloads/ecotypeClassification/binary/Binaries_20241110/10MIN/WINDOWS_20241110.csv,15:52.1,6.434816,20,Biggs,0.047422024,0.025143221,0.005410567,0.018141311,0.039465309,0.010184596,0.010184596,0.004137492,0.018141311,0.011139402,0.006683641,0.009866327,0.008911521,0.004455761,0.008911521,0.004455761,0.004774029,0.00700191,0.021323997,0.010502864,0.007638447,0.014958625,0.012730745,0.00700191,0.011139402,0.016549968,0.014640356,0.013367282,0.015595162,0.01145767,0.002546149,0.00222788,0.002546149,0.004774029,0.002546149,0.006365372,0.012730745,0.010821133,0.004455761,0.003182686,0.002864418,0.006683641,0.004455761,0.003819223,0.000318269,0.000318269,0.000636537,0.002864418,0.007956715,0.004455761,0.006683641,0.003819223,0.000318269,0.001273074,0,0,0,0,0,0,0,0,0,0,0,0,0,0,0,0,0,0,0,0,0,0,0,0,0,0,0,0,0,0,0,0,0,0,0,0
354,C:/Users/TristanKleyn/Downloads/ecotypeClassification/binary/Binaries_20241110/10MIN/WINDOWS_20241110.csv,15:56.1,9.388032,20,Biggs,0.004144852,0.013525305,0.021815009,0.008726003,0.005235602,0.001963351,0.005671902,0.007417103,0.009598604,0.006108202,0.006326353,0.004581152,0.006762653,0.007417103,0.010471204,0.007853403,0.002617801,0.002181501,0.003490401,0.004144852,0.002835951,0.011780105,0.029013962,0.02443281,0.020069808,0.02508726,0.014834206,0.011780105,0.009816754,0.005017452,0.003054101,0.008944154,0.003708551,0.006108202,0.005671902,0.002181501,0.003490401,0.001745201,0.003926702,0.005017452,0.002181501,0.002399651,0.001527051,0,0,0,0,0.00021815,0.00021815,0.00109075,0.002835951,0.001745201,0.003926702,0.008726003,0.002835951,0.014179756,0.012652705,0.008726003,0.011780105,0.007417103,0.011125654,0.006108202,0.003926702,0.003708551,0.005017452,0.003054101,0.00021815,0,0,0,0.00065445,0.0004363,0.004799302,0.001745201,0.00065445,0.001527051,0.003926702,0,0,0,0,0,0,0.002835951,0.003926702,0.003490401,0.0008726,0.007198953,0.008289703,0.005453752
355,C:/Users/TristanKleyn/Downloads/ecotypeClassification/binary/Binaries_20241110/10MIN/WINDOWS_20241110.csv,16:00.1,5.165056,20,Biggs,0.014274385,0.027755749,0.019032514,0.000793021,0.009516257,0.024980174,0.012291832,0.01665345,0.003172086,0,0,0,0,0.007137193,0.009119746,0.015067407,0.004758128,0.027755749,0.010705789,0.011895321,0.013084853,0.020618557,0.012688343,0.007930214,0.011895321,0.029738303,0.02260111,0.013481364,0.012688343,0.020222046,0.010309278,0.005947661,0.007533703,0.018239492,0.004758128,0.0111023,0.006740682,0.002379064,0.003965107,0.003172086,0.007533703,0.003568596,0.00555115,0.004361618,0.001982554,0.002775575,0.001189532,0.004361618,0.003965107,0.000793021,0,0,0,0,0,0,0,0,0.001189532,0.002775575,0.001586043,0.002775575,0.001586043,0,0,0,0,0,0,0,0,0,0,0,0,0,0,0,0,0,0,0,0,0,0,0,0,0,0,0
356,C:/Users/TristanKleyn/Downloads/ecotypeClassification/binary/Binaries_20241112/10MIN/WINDOWS_20241112.csv,20:54.9,2.039808,21,Biggs,0,0,0,0,0,0,0,0,0,0,0,0,0,0,0,0,0,0,0,0,0,0,0.010040161,0.026104418,0.011044177,0.012048193,0.046184739,0.063253012,0.011044177,0.026104418,0.024096386,0.02811245,0.015060241,0.027108434,0.022088353,0.020080321,0.016064257,0.018072289,0.021084337,0.001004016,0.017068273,0.026104418,0.016064257,0.007028112,0.003012048,0.003012048,0.004016064,0.00502008,0.003012048,0.004016064,0.008032129,0.00502008,0,0,0,0,0,0,0,0,0,0,0,0,0,0,0,0,0,0,0,0,0,0,0,0,0,0,0,0,0,0,0,0,0,0,0,0,0,0
357,C:/Users/TristanKleyn/Downloads/ecotypeClassification/binary/Binaries_20241112/10MIN/WINDOWS_20241112.csv,21:02.9,1.257472,21,Biggs,0,0,0,0,0,0,0,0.006514658,0.019543974,0.027687296,0.013029316,0,0.001628664,0.004885993,0.017915309,0.01465798,0,0,0,0,0,0,0.009771987,0.009771987,0.019543974,0.022801303,0.057003257,0.01465798,0.021172638,0.026058632,0.019543974,0.017915309,0.01465798,0.004885993,0.004885993,0.004885993,0.011400651,0.004885993,0,0,0,0,0,0,0,0,0,0,0,0,0,0,0,0,0,0,0.003257329,0.001628664,0.001628664,0.011400651,0.017915309,0.004885993,0.003257329,0.009771987,0.001628664,0.013029316,0.011400651,0.011400651,0.003257329,0,0,0,0,0,0,0,0,0,0,0,0,0,0.008143322,0.01465798,0,0.003257329,0.004885993,0.004885993,0,0
358,C:/Users/TristanKleyn/Downloads/ecotypeClassification/binary/Binaries_20241112/10MIN/WINDOWS_20241112.csv,21:06.9,1.298432,21,Biggs,0,0,0,0,0,0,0.006309148,0.006309148,0.011041009,0.007886435,0.017350158,0.028391167,0.020504732,0.025236593,0.023659306,0.009463722,0.004731861,0.012618297,0.007886435,0.025236593,0.05362776,0.023659306,0,0,0,0,0,0,0,0,0,0,0,0,0,0,0,0,0,0,0.003154574,0.003154574,0.018927445,0.011041009,0.020504732,0.009463722,0,0.004731861,0.012618297,0.004731861,0.003154574,0.004731861,0.006309148,0,0.001577287,0.003154574,0.009463722,0.009463722,0.009463722,0,0,0,0,0,0,0,0,0.009463722,0.007886435,0.001577287,0.003154574,0.001577287,0.003154574,0.004731861,0.004731861,0,0,0,0,0.018927445,0.004731861,0.003154574,0.017350158,0,0,0,0,0,0,0
359,C:/Users/TristanKleyn/Downloads/ecotypeClassification/binary/Binaries_20241112/10MIN/WINDOWS_20241112.csv,21:10.9,3.915776,21,Biggs,0.028242678,0.018828452,0.013075314,0.005230126,0.017259414,0.023535565,0.006799163,0.002615063,0.008368201,0.014644351,0.003138075,0.00209205,0.001046025,0.001046025,0.001046025,0.003138075,0.00209205,0.002615063,0.002615063,0.006799163,0.006799163,0.004707113,0.023012552,0.029811715,0.013598326,0.016736402,0.027719665,0.016736402,0.014121339,0.019351464,0.015167364,0.014644351,0.008891213,0.013075314,0.008368201,0.013598326,0.012029289,0.004707113,0.008891213,0.007322176,0.018305439,0.008368201,0.0041841,0.006276151,0.003661088,0.003661088,0.001569038,0.002615063,0.001046025,0.001046025,0.000523013,0.005230126,0,0,0,0,0,0,0,0,0,0,0,0,0,0,0,0,0,0,0,0,0,0,0,0,0,0,0,0,0,0,0,0,0,0,0,0,0,0
360,C:/Users/TristanKleyn/Downloads/ecotypeClassification/binary/Binaries_20241112/10MIN/WINDOWS_20241112.csv,21:14.9,3.678208,21,Biggs,0.040089087,0.031180401,0.015033408,0.017817372,0,0.003340757,0.002783964,0.002227171,0.000556793,0,0.002227171,0.024498886,0.002783964,0.003340757,0.008351893,0.017817372,0.007238307,0.008908686,0.010022272,0.01169265,0.0077951,0.005567929,0.0155902,0.014476615,0.022271715,0.012249443,0.010579065,0.010022272,0.01169265,0.013363029,0.013919822,0.021714922,0.018374165,0.018374165,0.011135857,0.011135857,0.013363029,0.008351893,0.008351893,0.002227171,0.001113586,0,0,0,0,0,0,0,0,0,0,0,0,0,0,0,0,0.000556793,0.005567929,0.006681514,0.001670379,0,0,0,0.000556793,0.00389755,0.002783964,0.001670379,0.001113586,0.006124722,0.001113586,0.001670379,0.001670379,0.001670379,0,0,0.001670379,0,0,0,0,0,0,0,0,0,0,0,0,0
361,C:/Users/TristanKleyn/Downloads/ecotypeClassification/binary/Binaries_20241112/10MIN/WINDOWS_20241112.csv,21:54.9,5.885952,21,Biggs,0.024704245,0.001391788,0.002087683,0.004523312,0.012526096,0.005219207,0.007306889,0.007654836,0.006263048,0.002087683,0.001739736,0.003131524,0.001043841,0,0,0,0.000347947,0.000347947,0.000347947,0.003827418,0.003827418,0.005915101,0.027487822,0.011482255,0.012178149,0.010438413,0.017745303,0.019832985,0.02052888,0.021224774,0.016005567,0.016353514,0.011482255,0.021920668,0.005219207,0.004175365,0.008350731,0.00487126,0.003827418,0.003479471,0.020876827,0.012526096,0.001739736,0.002087683,0.01078636,0,0,0.001043841,0.009742519,0.00243563,0,0.000695894,0.000347947,0.000347947,0.000695894,0.002087683,0.003131524,0.003131524,0.011830202,0.012526096,0.002087683,0.00487126,0.015309673,0.001391788,0.003131524,0.007306889,0.009394572,0.003827418,0.003479471,0.006610995,0.008002784,0,0,0,0.000347947,0.000347947,0.000347947,0,0.000347947,0.000695894,0.000695894,0.001391788,0.000695894,0.001043841,0.001391788,0.000347947,0,0,0,0
362,C:/Users/TristanKleyn/Downloads/ecotypeClassification/binary/Binaries_20241112/10MIN/WINDOWS_20241112.csv,21:58.9,6.230016,21,Biggs,0.012820513,0.023668639,0.019066404,0.005259698,0.012820513,0.00887574,0.01808021,0.004273504,0.00887574,0.014792899,0,0,0.001972387,0.009861933,0.009533202,0.005588429,0.00887574,0.008218277,0.014135437,0.012163051,0.010848126,0.007560815,0.016765286,0.016436555,0.02399737,0.011176857,0.010519395,0.008547009,0.005259698,0.012491782,0.004602235,0.001972387,0.003287311,0.003944773,0.007889546,0.003287311,0.007560815,0.002301118,0.004930966,0.006574622,0.001972387,0.001314924,0.009861933,0.001972387,0.001314924,0.000986193,0.000328731,0,0,0,0,0,0,0,0.000657462,0.003616042,0.003944773,0.004273504,0.019395135,0.01183432,0.007232084,0.002301118,0.001643655,0.001314924,0.003616042,0.005259698,0.000657462,0.001314924,0.000328731,0,0,0,0,0.000657462,0.000986193,0.001314924,0.003616042,0.003287311,0.002301118,0.009533202,0.004602235,0.001972387,0.000986193,0.00295858,0.001972387,0.001314924,0.000986193,0.003287311,0.004273504,0.001972387
363,C:/Users/TristanKleyn/Downloads/ecotypeClassification/binary/Binaries_20241112/10MIN/WINDOWS_20241112.csv,22:02.9,4.620288,21,Biggs,0.020390071,0.033687943,0.028368794,0.003546099,0.003102837,0.005319149,0.016400709,0.007535461,0.005762411,0.004875887,0.014184397,0.007535461,0.007535461,0.021276596,0.019946809,0,0.000443262,0.000886525,0.020833333,0.006648936,0.010638298,0.014184397,0.017730496,0.015957447,0.007978723,0.004432624,0.006205674,0.005762411,0.001329787,0.00177305,0.00177305,0.002659574,0.00177305,0,0,0,0.004875887,0.010638298,0.011524823,0.002216312,0.017730496,0.013741135,0.01108156,0.010638298,0.007978723,0.009308511,0.008865248,0.010195035,0.004875887,0.004875887,0.006205674,0.000443262,0,0,0,0.00177305,0.007978723,0.005319149,0,0,0,0,0,0,0,0,0,0,0,0,0,0,0.000443262,0.001329787,0.005762411,0.001329787,0,0,0,0,0.006648936,0.005319149,0.004432624,0.003989362,0,0,0,0,0,0
364,C:/Users/TristanKleyn/Downloads/ecotypeClassification/binary/Binaries_20241112/10MIN/WINDOWS_20241112.csv,22:06.9,2.2528,21,Biggs,0.029090909,0.021818182,0.023636364,0.025454545,0.065454545,0.020909091,0.023636364,0.020909091,0.004545455,0.006363636,0.005454545,0.011818182,0.003636364,0.000909091,0.001818182,0.002727273,0.002727273,0,0.002727273,0.002727273,0.004545455,0.009090909,0.018181818,0.025454545,0.006363636,0.019090909,0.020909091,0.010909091,0.009090909,0.012727273,0.005454545,0.009090909,0.010909091,0.006363636,0.008181818,0.014545455,0.003636364,0.004545455,0.009090909,0,0,0,0,0,0,0,0,0,0,0,0,0,0,0,0,0,0,0,0,0,0,0,0,0,0,0,0,0,0,0.000909091,0,0,0,0.000909091,0,0.000909091,0,0,0.000909091,0,0.000909091,0.001818182,0,0.000909091,0,0.000909091,0,0.000909091,0.001818182,0.004545455
365,C:/Users/TristanKleyn/Downloads/ecotypeClassification/binary/Binaries_20241112/10MIN/WINDOWS_20241112.csv,22:10.9,7.356416,21,Biggs,0.020879733,0.01169265,0.006124722,0.003062361,0.008908686,0.003062361,0.001670379,0.010579065,0.006124722,0.002783964,0,0,0,0.000835189,0.013363029,0.005846325,0.010857461,0.012806236,0.009743875,0.008908686,0.011414254,0.0155902,0.023942094,0.017538976,0.011971047,0.016703786,0.014198218,0.010857461,0.010300668,0.01642539,0.010579065,0.007238307,0.004732739,0.013363029,0.009465479,0.00389755,0.009187082,0.008073497,0.005567929,0.011135857,0.007516704,0.003062361,0.002227171,0.000556793,0,0,0.002505568,0.003619154,0.001948775,0.000556793,0.001670379,0.00389755,0.001391982,0.000278396,0.001113586,0.005846325,0.004454343,0.004732739,0.001113586,0.001391982,0,0.001948775,0.006959911,0.004732739,0.004175947,0.001670379,0.001113586,0.003062361,0.004732739,0.002227171,0.001670379,0.001670379,0.003062361,0.00389755,0.001670379,0.002783964,0.008351893,0.004175947,0.002227171,0.003062361,0.002783964,0.001948775,0.002227171,0.000835189,0.001113586,0.003340757,0.002783964,0.002505568,0.001948775,0
366,C:/Users/TristanKleyn/Downloads/ecotypeClassification/binary/Binaries_20241112/10MIN/WINDOWS_20241112.csv,22:14.9,3.780608,21,Biggs,0.026543879,0.042795233,0.01787649,0.00595883,0.012459372,0.013542795,0.003250271,0.002166847,0,0,0,0,0.007042254,0.020043337,0.021668472,0.005417118,0.001625135,0.005417118,0.024918743,0.00595883,0.006500542,0.007583965,0.02383532,0.028169014,0.021668472,0.017334778,0.016251354,0.013001083,0.007042254,0.007042254,0.004333694,0.004875406,0.002708559,0.005417118,0.001083424,0.002708559,0.001625135,0.001083424,0.002708559,0.002708559,0.004875406,0.002166847,0,0,0,0,0,0,0,0,0,0.002708559,0.005417118,0.002708559,0.000541712,0.000541712,0.001083424,0.011375948,0.007042254,0.001083424,0.000541712,0.000541712,0.004333694,0.002166847,0.008667389,0.003791983,0.004333694,0.008125677,0.009209101,0.004875406,0.002166847,0.001625135,0.001625135,0.002166847,0.001083424,0,0,0,0,0,0,0,0,0.000541712,0.002166847,0.002166847,0.001083424,0.002166847,0.002166847,0.000541712
367,C:/Users/TristanKleyn/Downloads/ecotypeClassification/binary/Binaries_20241112/10MIN/WINDOWS_20241112.csv,22:54.9,5.4272,21,Biggs,0.010188679,0.016981132,0.002641509,0,0,0,0.009433962,0.001132075,0.000754717,0.002641509,0.00490566,0.001886792,0.000754717,0.00490566,0.011320755,0.012830189,0.003396226,0.001509434,0.012075472,0.007169811,0.006792453,0.011698113,0.019245283,0.014716981,0.006037736,0.00754717,0.017735849,0.006415094,0.009433962,0.013584906,0.01509434,0.015471698,0.010188679,0.006415094,0.005283019,0.007924528,0.007924528,0.003773585,0.004150943,0.004528302,0.013584906,0.009811321,0.004150943,0.006792453,0.006792453,0.005660377,0.005660377,0.010566038,0.004528302,0.004528302,0.003396226,0.00490566,0.007924528,0.00754717,0.002264151,0.005283019,0.006415094,0.006037736,0.007924528,0.003396226,0.003018868,0.002264151,0.012830189,0.008301887,0.003018868,0.001509434,0.001509434,0.001886792,0.001886792,0.002264151,0.001886792,0.001886792,0.003396226,0.007924528,0.003773585,0.004150943,0.007924528,0.000754717,0.003773585,0.000377358,0,0,0,0,0,0,0,0,0,0
368,C:/Users/TristanKleyn/Downloads/ecotypeClassification/binary/Binaries_20241112/10MIN/WINDOWS_20241112.csv,22:58.9,4.694016,21,Biggs,0,0,0,0,0.011343805,0.006108202,0.023123909,0.006544503,0.018324607,0.014834206,0.003054101,0.005235602,0.013089005,0.017888307,0.003926702,0.030541012,0.015270506,0.017888307,0.010034904,0.012216405,0.009598604,0.017452007,0.007853403,0.014834206,0.002617801,0.003926702,0.0008726,0.0004363,0,0,0,0,0.0004363,0.009598604,0.002617801,0.004799302,0.004363002,0.006544503,0.006544503,0.003490401,0.005671902,0.011343805,0.013525305,0.0004363,0.004363002,0.0008726,0.002181501,0.001308901,0.004799302,0.006980803,0.004799302,0.008289703,0.006108202,0.001745201,0.005671902,0.007417103,0.003926702,0.003926702,0.012216405,0.005671902,0.003926702,0.003490401,0.0008726,0.0004363,0.0004363,0.003054101,0.006980803,0.005671902,0.006980803,0.003926702,0.002617801,0.002181501,0.0004363,0.002181501,0.001308901,0.003490401,0.003926702,0.003926702,0.004363002,0.002181501,0.001308901,0.005235602,0.005235602,0.002617801,0.001308901,0.002617801,0.001308901,0.001308901,0,0
369,C:/Users/TristanKleyn/Downloads/ecotypeClassification/binary/Binaries_20241112/10MIN/WINDOWS_20241112.csv,23:02.9,5.820416,21,Biggs,0.019704433,0.014074595,0.009852217,0.003166784,0.008796622,0.014074595,0.008444757,0.003870514,0.012667136,0.01372273,0.010907811,0.007389163,0.005981703,0.005277973,0.011259676,0,0.000351865,0.00140746,0.009500352,0.002463054,0.003518649,0.006685433,0.020760028,0.013019001,0.023223082,0.015482055,0.007741027,0.003518649,0.010204082,0.012315271,0.008092892,0.008796622,0.01583392,0.021463758,0.014778325,0.010204082,0.012667136,0.004222379,0.005629838,0.006685433,0.008796622,0.006685433,0.004574243,0.006333568,0.001055595,0.000351865,0.001055595,0.003870514,0.00070373,0.002111189,0.003166784,0.003870514,0.002814919,0.002111189,0.005629838,0.00140746,0.001055595,0.000351865,0.001759324,0.006685433,0.004222379,0.007037298,0.002814919,0.003518649,0.001055595,0.00070373,0.002463054,0.00140746,0.00140746,0.001759324,0.002111189,0.002463054,0.003518649,0.005629838,0.002111189,0,0,0.00140746,0.000351865,0.000351865,0.000351865,0.00070373,0.000351865,0.00070373,0,0.00070373,0,0.000351865,0,0.000351865
370,C:/Users/TristanKleyn/Downloads/ecotypeClassification/binary/Binaries_20241112/10MIN/WINDOWS_20241112.csv,23:06.9,4.182016,21,Biggs,0.016650343,0.015181195,0.011753183,0.009794319,0.034280118,0.020568071,0.02546523,0.012732615,0.020568071,0.026444662,0.019098923,0.023996082,0.010284035,0.003917728,0.005386876,0.008325171,0.008325171,0.003428012,0.005876592,0.005876592,0.006856024,0.00489716,0.009794319,0.006856024,0.00489716,0.00489716,0.014691479,0.018119491,0.015181195,0.007835455,0.005876592,0.011263467,0.007345739,0.00489716,0.002938296,0.004407444,0.004407444,0.001958864,0.003428012,0.002938296,0.00489716,0.00244858,0.00244858,0.001958864,0.003917728,0,0.005386876,0.003917728,0.003917728,0.001958864,0.00244858,0.001469148,0.001958864,0.000979432,0.001958864,0.000489716,0.001469148,0.000489716,0.001469148,0.000489716,0.000979432,0.001469148,0.000979432,0.000979432,0.000979432,0.000979432,0.000979432,0.000489716,0.000489716,0.000489716,0.000979432,0.001469148,0,0,0,0,0.006366308,0.003917728,0.00244858,0.000489716,0,0,0,0,0,0,0,0,0,0
371,C:/Users/TristanKleyn/Downloads/ecotypeClassification/binary/Binaries_20241112/10MIN/WINDOWS_20241112.csv,23:10.9,6.930432,21,Biggs,0.005614657,0.017434988,0.020390071,0.000886525,0.007387707,0.003841608,0.009751773,0.006205674,0.007092199,0.010047281,0.012115839,0.006501182,0.005023641,0.009456265,0.009751773,0.009160757,0.002955083,0.001477541,0.011524823,0.007683215,0.004432624,0.006205674,0.016843972,0.008274232,0.007092199,0.016843972,0.030437352,0.013002364,0.009751773,0.014479905,0.012411348,0.00679669,0.005614657,0.01034279,0.01034279,0.007683215,0.005910165,0.008274232,0.006205674,0.003250591,0.000886525,0.001182033,0.003250591,0,0,0,0,0,0,0.00177305,0.006501182,0.002364066,0.003546099,0.002659574,0.005023641,0.00177305,0,0,0.000295508,0.001182033,0.002659574,0.006205674,0.00679669,0.008865248,0.003841608,0.003841608,0.002955083,0.002068558,0.002955083,0.00856974,0.006501182,0.006501182,0.005023641,0.00679669,0.008274232,0.004728132,0.002068558,0.002659574,0.004137116,0.003250591,0.000886525,0,0,0,0,0,0,0,0,0.001477541
372,C:/Users/TristanKleyn/Downloads/ecotypeClassification/binary/Binaries_20241112/10MIN/WINDOWS_20241112.csv,23:14.9,6.385664,21,Biggs,0.015073765,0.023091725,0.02020526,0.009300834,0.011866581,0.010262989,0.018601668,0.0121873,0.017960231,0.013470173,0.008980115,0.007376523,0.007055805,0.00801796,0.009300834,0.006735087,0.003527903,0.007376523,0.014432328,0.006735087,0.004810776,0.008659397,0.010583708,0.0121873,0.019563823,0.015394484,0.022450289,0.01603592,0.010262989,0.010904426,0.012508018,0.008980115,0.004169339,0.006414368,0.008980115,0.010262989,0.006414368,0.00609365,0.002565747,0.000641437,0.003207184,0.005452213,0.004490058,0,0.001282874,0.000641437,0.000320718,0.000641437,0.000320718,0.003207184,0.000962155,0.002565747,0.000641437,0.001282874,0,0.000320718,0.000641437,0.003207184,0.00192431,0.004169339,0.00192431,0.000962155,0.002886466,0.007055805,0.002245029,0.002886466,0.002245029,0.002245029,0.00192431,0.00192431,0.001603592,0.000962155,0,0,0,0,0,0,0,0,0,0.001282874,0.001282874,0.000641437,0.000962155,0.00192431,0.000320718,0,0,0
373,C:/Users/TristanKleyn/Downloads/ecotypeClassification/binary/Binaries_20241112/10MIN/WINDOWS_20241112.csv,23:18.9,1.646592,21,Biggs,0.002487562,0,0.031094527,0,0.004975124,0.01119403,0.0460199,0.024875622,0,0.002487562,0.042288557,0.002487562,0,0.018656716,0.039800995,0.039800995,0,0.012437811,0.0460199,0.037313433,0,0,0.028606965,0.013681592,0,0,0,0,0,0,0,0,0,0,0,0,0,0,0.007462687,0.018656716,0.01119403,0.021144279,0.012437811,0,0,0,0,0,0,0,0,0,0,0,0,0,0.002487562,0.003731343,0.002487562,0.016169154,0,0,0,0,0,0,0,0,0,0,0,0,0,0,0,0,0,0,0,0,0,0,0,0,0,0,0,0,0,0
374,C:/Users/TristanKleyn/Downloads/ecotypeClassification/binary/Binaries_20241112/10MIN/WINDOWS_20241112.csv,23:54.9,2.039808,21,Biggs,0.017068273,0.012048193,0,0,0.029116466,0.017068273,0.024096386,0.017068273,0.001004016,0,0.001004016,0.013052209,0.020080321,0.027108434,0.013052209,0.001004016,0.001004016,0.004016064,0.001004016,0.002008032,0,0.003012048,0.019076305,0.015060241,0.019076305,0.018072289,0.014056225,0.020080321,0.00502008,0,0,0,0,0,0,0,0.001004016,0.002008032,0.004016064,0.013052209,0.017068273,0.014056225,0,0,0,0.004016064,0.008032129,0.007028112,0.003012048,0.006024096,0.008032129,0.011044177,0,0,0,0,0,0,0.007028112,0.003012048,0.008032129,0.018072289,0.012048193,0.007028112,0.001004016,0,0,0,0,0,0,0,0,0,0,0,0,0,0,0,0,0,0,0.014056225,0.00502008,0.003012048,0.00502008,0.004016064,0,0
375,C:/Users/TristanKleyn/Downloads/ecotypeClassification/binary/Binaries_20241112/10MIN/WINDOWS_20241112.csv,23:58.9,7.647232,21,Biggs,0.014997322,0.027316551,0.027852169,0.018746652,0.029994644,0.021156936,0.012587038,0.017139796,0.03133369,0.025709695,0.017139796,0.013122657,0.013122657,0.013390466,0.011247991,0.009908945,0.001071237,0.002142475,0.006427424,0.005623996,0.006427424,0.006963042,0.006695233,0.005356186,0.019014462,0.011247991,0.006159614,0.003213712,0.003213712,0.002142475,0.005891805,0.004820568,0.002945903,0.002410284,0.003481521,0.000803428,0,0,0,0,0.000535619,0.00776647,0.003213712,0.001071237,0.00374933,0.001071237,0.000535619,0.000803428,0.002142475,0.005891805,0.002142475,0.006159614,0.002410284,0.002142475,0.00374933,0.001874665,0.000535619,0.003481521,0.011247991,0.00401714,0.005891805,0.001606856,0,0.001339047,0,0,0,0,0,0,0,0,0,0,0,0.001071237,0.002142475,0.001874665,0.002142475,0,0,0.001874665,0.000803428,0.003213712,0.000267809,0.000535619,0,0.001339047,0,0.000535619
376,C:/Users/TristanKleyn/Downloads/ecotypeClassification/binary/Binaries_20241112/10MIN/WINDOWS_20241112.csv,24:02.9,6.815744,21,Biggs,0.02734375,0.031550481,0.019230769,0.006610577,0.008112981,0.011117788,0.006009615,0.006009615,0.010516827,0.003605769,0.008713942,0.010817308,0.006009615,0.007211538,0.008112981,0.012019231,0.006610577,0.004206731,0.005108173,0.014723558,0.005408654,0.009014423,0.017127404,0.021033654,0.013822115,0.010817308,0.015024038,0.013221154,0.017427885,0.015024038,0.010817308,0.012019231,0.007512019,0.005408654,0.003305288,0.000600962,0.001802885,0.001802885,0.000600962,0.000300481,0.006310096,0.001802885,0.000300481,0,0.001502404,0.000300481,0,0,0.000300481,0.001502404,0.001802885,0.000600962,0.001201923,0.000901442,0,0.001201923,0.001201923,0.006009615,0.004807692,0.000300481,0.000600962,0.000300481,0.006310096,0.005108173,0.001802885,0.002103365,0.000901442,0.001802885,0.000901442,0.002403846,0.002103365,0.001201923,0.001802885,0.005108173,0.011117788,0.008112981,0.004507212,0.003004808,0.005408654,0.005108173,0.003004808,0,0,0.000300481,0,0.000300481,0,0.000300481,0.000300481,0.000300481
377,C:/Users/TristanKleyn/Downloads/ecotypeClassification/binary/Binaries_20241112/10MIN/WINDOWS_20241112.csv,24:06.9,2.625536,21,Biggs,0.024960998,0.039781591,0.009360374,0.012480499,0.016380655,0.014820593,0.001560062,0.003900156,0.008580343,0.003120125,0.003900156,0.008580343,0.010920437,0.022620905,0.007020281,0.010140406,0.008580343,0.017940718,0.008580343,0,0,0,0,0,0.007020281,0.011700468,0.003900156,0.001560062,0.004680187,0.005460218,0.001560062,0.003120125,0.029641186,0.028861154,0.010920437,0.007020281,0.004680187,0.001560062,0.003900156,0.002340094,0.002340094,0.003120125,0,0.005460218,0.002340094,0,0,0,0,0,0,0,0,0,0,0.003900156,0.014040562,0,0,0,0,0,0.000780031,0.005460218,0.01326053,0.000780031,0.003900156,0.018720749,0.005460218,0.007020281,0.01326053,0.016380655,0.007020281,0.004680187,0,0,0,0,0,0,0,0,0,0,0,0,0,0,0.005460218,0.005460218
378,C:/Users/TristanKleyn/Downloads/ecotypeClassification/binary/Binaries_20241112/10MIN/WINDOWS_20241112.csv,24:10.9,8.88832,21,Biggs,0.032488479,0.021198157,0.015207373,0.005760369,0.021889401,0.01359447,0.008294931,0.014746544,0.015668203,0.016820276,0.012672811,0.009447005,0.011290323,0.007373272,0.008294931,0.007142857,0.003456221,0.004608295,0.012211982,0.00437788,0.002764977,0.001843318,0.012672811,0.010138249,0.015207373,0.018894009,0.010368664,0.012442396,0.014746544,0.015668203,0.005760369,0.003686636,0.013133641,0.009677419,0.008064516,0.013364055,0.011520737,0.002304147,0.005529954,0.005069124,0.005529954,0.001152074,0,0.000230415,0.000460829,0.000691244,0.003917051,0.004608295,0.004147465,0.002073733,0.002073733,0.00437788,0.002534562,0.001152074,0.001382488,0.003686636,0.001612903,0.001152074,0.002073733,0,0,0,0.000460829,0.000460829,0,0.000921659,0,0,0.000230415,0.000921659,0.002304147,0.000460829,0.001152074,0.000691244,0.001152074,0.000460829,0.000921659,0.000230415,0.000460829,0.000460829,0.000691244,0.000460829,0.001152074,0.001612903,0,0,0,0,0.000921659,0.001612903
379,C:/Users/TristanKleyn/Downloads/ecotypeClassification/binary/Binaries_20241112/10MIN/WINDOWS_20241112.csv,24:14.9,2.584576,21,Biggs,0.047543582,0.011093502,0.012678288,0.010301109,0.02614897,0.015055468,0.002377179,0.001584786,0.000792393,0,0,0,0,0,0.004754358,0.023771791,0.003961965,0.003169572,0.003169572,0.000792393,0.002377179,0.004754358,0.00792393,0.002377179,0.011885895,0.036450079,0.038827258,0.026941363,0.012678288,0.031695721,0.000792393,0.00792393,0.00792393,0.023771791,0,0,0,0,0,0.004754358,0.013470681,0,0,0,0,0,0,0,0,0,0,0,0,0,0,0,0,0.000792393,0.003169572,0.001584786,0.000792393,0.00792393,0.007131537,0.003169572,0.004754358,0.011885895,0.014263074,0.011885895,0.003961965,0.011093502,0.001584786,0.002377179,0.004754358,0.002377179,0.000792393,0,0.003961965,0,0,0,0,0,0,0,0,0,0,0,0,0
380,C:/Users/TristanKleyn/Downloads/ecotypeClassification/binary/Binaries_20241112/10MIN/WINDOWS_20241112.csv,24:58.9,7.643136,21,Biggs,0.014737406,0.021168274,0.02170418,0.004019293,0.005359057,0.001339764,0,0.002411576,0.007234727,0.014201501,0.019024652,0.003215434,0.005091104,0.012325831,0.028938907,0.000267953,0.001071811,0.004019293,0.007770632,0.003483387,0.001071811,0.00375134,0.010986066,0.012057878,0.009378349,0.007770632,0.009378349,0.008842444,0.008842444,0.008306538,0.011789925,0.009110397,0.010718114,0.008574491,0.007234727,0.011521972,0.00562701,0.004823151,0.006966774,0.005091104,0.014469453,0.013665595,0.00562701,0.005359057,0.008842444,0.002143623,0.002679528,0.003215434,0.003215434,0.004555198,0.001339764,0.003215434,0.001339764,0.001607717,0.002947481,0.002679528,0.001607717,0.006162915,0.008574491,0.001607717,0.002143623,0.000267953,0.002143623,0.002143623,0.001071811,0.002679528,0.001339764,0.001607717,0.001607717,0.004287245,0.003215434,0.00375134,0.012861736,0.004555198,0.00187567,0.000267953,0.013129689,0.004019293,0.001071811,0.000267953,0.000803859,0.000267953,0.000535906,0,0,0,0,0,0,0
381,C:/Users/TristanKleyn/Downloads/ecotypeClassification/binary/Binaries_20241112/10MIN/WINDOWS_20241112.csv,25:02.9,5.300224,21,Biggs,0.011205564,0.00618238,0.006568779,0.011978362,0,0,0,0.005023184,0.002704791,0,0.001159196,0.000772798,0.006568779,0.001159196,0,0,0.00618238,0.001545595,0,0.00309119,0.005023184,0.001931994,0.00618238,0.004250386,0.014683153,0.013137558,0.014296754,0.011978362,0.008500773,0.017774343,0.011205564,0.004636785,0,0.002318393,0.002704791,0.001931994,0.002704791,0.002704791,0.004250386,0.005795981,0.010046368,0.001159196,0.002318393,0.005409583,0.006568779,0.008114374,0.012751159,0.001931994,0.004250386,0.008114374,0.008114374,0.019319938,0.004636785,0.006955178,0.008500773,0.010819165,0.006568779,0.008114374,0.013137558,0.010432767,0.007727975,0.01236476,0.022411128,0.00927357,0.010432767,0.018160742,0.005409583,0.005795981,0.008887172,0.005023184,0.004636785,0.004250386,0.006568779,0,0,0,0.000772798,0.000386399,0.001545595,0.001931994,0.003863988,0.004250386,0.001545595,0.005023184,0.002318393,0,0,0,0,0
382,C:/Users/TristanKleyn/Downloads/ecotypeClassification/binary/Binaries_20241112/10MIN/WINDOWS_20241112.csv,25:06.9,7.032832,21,Biggs,0.031450204,0.026208503,0.008736168,0.006406523,0.008736168,0.008736168,0.008444962,0.011357018,0.010483401,0.004659289,0.006406523,0.003785673,0.005532906,0.004368084,0.002329645,0.001747234,0.004659289,0.002038439,0.003494467,0.003494467,0.004076878,0.002329645,0.003785673,0.001456028,0.004368084,0.004950495,0.013395457,0.011065812,0.008736168,0.010774607,0.003494467,0.005824112,0.005241701,0.004659289,0.006406523,0.006697729,0.007862551,0.006406523,0.005824112,0.00728014,0.005532906,0.004368084,0.005241701,0.004659289,0.010483401,0.004950495,0.004659289,0.008444962,0.006697729,0.001747234,0.002329645,0.003494467,0.001456028,0.000291206,0.005241701,0.003785673,0.001164822,0.000291206,0.003203262,0.005532906,0.004076878,0.001747234,0.004950495,0.004950495,0.003203262,0.006988934,0.002038439,0.001456028,0.006406523,0.010774607,0.004076878,0.004950495,0.004368084,0.005532906,0.004368084,0.001164822,0.005824112,0.003203262,0.006115317,0.007862551,0.005824112,0.005241701,0.004950495,0.006115317,0.003494467,0.001164822,0.000873617,0.00262085,0.001456028,0.002912056
383,C:/Users/TristanKleyn/Downloads/ecotypeClassification/binary/Binaries_20241112/10MIN/WINDOWS_20241112.csv,25:10.9,7.33184,21,Biggs,0.02122905,0.011173184,0.009497207,0.008379888,0.013128492,0.018715084,0.012290503,0.017039106,0.010893855,0.017039106,0.006703911,0.001955307,0.001117318,0.006424581,0.000558659,0.002793296,0.006424581,0.004189944,0.001955307,0.001955307,0.001396648,0.002234637,0.00726257,0.005307263,0.012290503,0.008659218,0.008659218,0.006703911,0.010614525,0.013407821,0.006703911,0.005027933,0.005586592,0.017597765,0.008659218,0.006424581,0.010614525,0.015921788,0.006703911,0.00698324,0.009497207,0.002513966,0.003910615,0.006145251,0.003910615,0.002234637,0.002234637,0.005865922,0.004469274,0.003351955,0.001955307,0.002234637,0.001117318,0.003910615,0.005586592,0.001675978,0.000837989,0.002234637,0.004469274,0.004748603,0.001117318,0.000558659,0.000837989,0,0.000837989,0.003351955,0.001396648,0.001117318,0.001955307,0.003910615,0.001117318,0.001675978,0.003351955,0.003631285,0.004469274,0.005865922,0.006424581,0.004189944,0.002793296,0.003351955,0.005865922,0.003351955,0.003072626,0.003631285,0.004189944,0.003351955,0.003910615,0.001675978,0.001396648,0.004469274
384,C:/Users/TristanKleyn/Downloads/ecotypeClassification/binary/Binaries_20241112/10MIN/WINDOWS_20241112.csv,25:14.9,5.615616,21,Biggs,0.031363968,0.014587892,0.0134938,0.002917578,0.001823487,0.000364697,0.000729395,0.002917578,0.008023341,0.000364697,0.001094092,0.006564551,0.002188184,0.002188184,0.001458789,0.004741065,0.0134938,0.002188184,0.004741065,0.005105762,0.017870168,0.002188184,0.002917578,0.003646973,0.007658643,0.008388038,0.0269876,0.008752735,0.016046681,0.021517141,0.016776076,0.008023341,0.014952589,0.017140773,0.008023341,0.00547046,0.011670314,0.016411379,0.00401167,0.001823487,0.010576222,0.005835157,0.000729395,0.001458789,0.004376368,0.002188184,0.003646973,0.008023341,0.001094092,0.002188184,0.00547046,0.012764406,0.002917578,0.00401167,0.001094092,0.001458789,0.001458789,0.002188184,0.005105762,0.00547046,0.00401167,0.00547046,0.005835157,0.003282276,0.001094092,0,0,0,0,0,0.008388038,0.000729395,0,0,0,0,0,0,0.000364697,0.00401167,0.005835157,0.006929249,0.008023341,0.006564551,0.010940919,0.003282276,0,0.000364697,0.001458789,0.000729395
385,C:/Users/TristanKleyn/Downloads/ecotypeClassification/binary/Binaries_20241112/10MIN/WINDOWS_20241112.csv,25:18.9,3.72736,21,Biggs,0.022527473,0.012637363,0.007142857,0.008791209,0.019230769,0.012087912,0.019230769,0.014285714,0.00989011,0.004395604,0.004945055,0.013186813,0.003846154,0.003846154,0.000549451,0.002197802,0.006593407,0.012087912,0.015934066,0.014835165,0.006043956,0.005494505,0.004945055,0.004395604,0.004395604,0.01043956,0.002747253,0,0,0,0.001648352,0.010989011,0.005494505,0.011538462,0.001098901,0.000549451,0.001098901,0.001098901,0.000549451,0.000549451,0.002197802,0.001098901,0.001648352,0.002747253,0.00989011,0.003846154,0.006043956,0.008791209,0.008791209,0.006593407,0.006043956,0.01043956,0.008791209,0.004945055,0.007692308,0.00989011,0.003846154,0.009340659,0.008241758,0.008791209,0.012087912,0.004945055,0.002197802,0,0,0.002197802,0,0.001648352,0.000549451,0,0.003846154,0.006593407,0.002197802,0.005494505,0.004945055,0.003846154,0.006593407,0.003296703,0.00989011,0.001648352,0.002197802,0.001098901,0.002747253,0.001648352,0.001098901,0.001098901,0.001648352,0.001648352,0.002197802,0.001648352
386,C:/Users/TristanKleyn/Downloads/ecotypeClassification/binary/Binaries_20241112/10MIN/WINDOWS_20241112.csv,25:58.9,3.735552,21,Biggs,0.03125,0.008223684,0.02247807,0.007675439,0.018640351,0.013157895,0.010964912,0.014254386,0.039473684,0.003289474,0.002192982,0.003289474,0.002192982,0.002741228,0.003837719,0,0,0.001644737,0.011513158,0.003837719,0.001644737,0.001096491,0.008223684,0.01370614,0.006030702,0.003289474,0.023574561,0.013157895,0.023574561,0.018092105,0.005482456,0.001644737,0.001644737,0,0.000548246,0.000548246,0.003289474,0.002192982,0.005482456,0.00877193,0.003837719,0.004385965,0.008223684,0.009868421,0,0,0,0,0,0,0,0,0,0,0,0,0,0,0,0,0,0,0,0.000548246,0.003837719,0.001644737,0.003289474,0.00877193,0.001096491,0.007127193,0.002192982,0.004934211,0.009868421,0.006578947,0.002741228,0.004385965,0.007127193,0.018092105,0.008223684,0.003289474,0.003289474,0.004934211,0.006030702,0.003837719,0.002192982,0.002192982,0.004385965,0.008223684,0.001096491,0.001096491
387,C:/Users/TristanKleyn/Downloads/ecotypeClassification/binary/Binaries_20241112/10MIN/WINDOWS_20241112.csv,26:02.9,1.691648,21,Biggs,0.026634383,0.075060533,0.020581114,0.003631961,0,0,0,0.013317191,0.056900726,0.046004843,0.042372881,0.075060533,0.016949153,0.001210654,0.006053269,0.002421308,0,0,0,0,0,0,0,0,0,0,0.012106538,0.01937046,0.015738499,0.00968523,0.008474576,0.02905569,0.015738499,0.003631961,0,0,0,0,0,0,0,0,0,0,0,0,0,0,0,0,0,0,0,0,0,0,0,0,0,0,0,0,0,0,0,0,0,0,0,0,0,0,0,0,0,0,0,0,0,0,0,0,0,0,0,0,0,0,0,0
388,C:/Users/TristanKleyn/Downloads/ecotypeClassification/binary/Binaries_20241112/10MIN/WINDOWS_20241112.csv,26:06.9,3.641344,21,Biggs,0.059617548,0.017435321,0.014623172,0.013498313,0.038245219,0.001687289,0.001124859,0.001687289,0.015185602,0.010123735,0.033745782,0.016310461,0.00056243,0.001124859,0.001687289,0.009561305,0.008436445,0.017435321,0.006186727,0.002812148,0.001124859,0.005624297,0.001687289,0,0.00056243,0.007874016,0.006186727,0,0,0.00056243,0.002249719,0.010123735,0.003937008,0.007311586,0.001687289,0.007311586,0.006186727,0.003374578,0.003937008,0.002249719,0.019685039,0.013498313,0.007874016,0.001124859,0.007311586,0,0,0,0,0.005061867,0.005624297,0.014623172,0.025871766,0.008436445,0,0,0,0,0,0,0,0,0,0,0,0,0.00056243,0.001687289,0.002812148,0.003374578,0,0.003937008,0.013498313,0.005061867,0,0,0.012373453,0,0,0,0,0,0,0,0,0,0,0,0,0.004499438
389,C:/Users/TristanKleyn/Downloads/ecotypeClassification/binary/Binaries_20241112/10MIN/WINDOWS_20241112.csv,26:10.9,1.2288,21,Biggs,0.128333333,0.056666667,0.008333333,0.001666667,0.001666667,0.038333333,0,0,0.001666667,0.011666667,0.031666667,0.046666667,0,0,0,0.006666667,0.003333333,0.005,0.02,0.016666667,0,0,0,0,0,0,0,0,0,0.013333333,0.013333333,0.023333333,0.03,0.041666667,0,0,0,0,0,0,0,0,0,0,0,0,0,0,0,0,0,0,0,0,0,0,0,0,0,0,0,0,0,0,0,0,0,0,0,0,0,0,0,0,0,0,0,0,0,0,0,0,0,0,0,0,0,0,0,0
390,C:/Users/TristanKleyn/Downloads/ecotypeClassification/binary/Binaries_20241112/10MIN/WINDOWS_20241112.csv,26:14.9,2.154496,21,Biggs,0.094106464,0.095057034,0.030418251,0.048479087,0.004752852,0.021863118,0.006653992,0.009505703,0.002851711,0,0,0,0,0,0,0,0.004752852,0.019961977,0,0.017110266,0.014258555,0.002851711,0.004752852,0.00095057,0.025665399,0,0.001901141,0.005703422,0.019011407,0.021863118,0,0,0,0,0,0,0,0,0,0,0,0,0,0,0,0,0,0,0,0,0,0,0,0,0,0,0,0,0,0,0,0,0,0,0,0,0,0,0,0,0,0,0,0,0.001901141,0.021863118,0.002851711,0.002851711,0,0,0,0,0,0,0,0,0,0,0.002851711,0.015209125
391,C:/Users/TristanKleyn/Downloads/ecotypeClassification/binary/Binaries_20241112/10MIN/WINDOWS_20241112.csv,27:02.9,1.040384,21,Biggs,0.135826772,0.072834646,0.011811024,0.06496063,0.07480315,0.00984252,0.015748031,0.066929134,0,0,0,0,0,0,0,0,0,0,0,0,0,0,0,0,0,0,0,0.003937008,0.027559055,0.015748031,0,0,0,0,0,0,0,0,0,0,0,0,0,0,0,0,0,0,0,0,0,0,0,0,0,0,0,0,0,0,0,0,0,0,0,0,0,0,0,0,0,0,0,0,0,0,0,0,0,0,0,0,0,0,0,0,0,0,0,0
392,C:/Users/TristanKleyn/Downloads/ecotypeClassification/binary/Binaries_20241112/10MIN/WINDOWS_20241112.csv,28:06.9,1.011712,21,Biggs,0,0,0,0,0,0,0.002024291,0.032388664,0.006072874,0.002024291,0,0,0,0,0,0,0,0,0,0,0,0,0,0,0,0,0,0,0,0,0,0.018218623,0.012145749,0.010121457,0,0,0,0.008097166,0.012145749,0.028340081,0.01417004,0.004048583,0.004048583,0.010121457,0.024291498,0.046558704,0.030364372,0.024291498,0.016194332,0.006072874,0.008097166,0.010121457,0.008097166,0.008097166,0.006072874,0.026315789,0.006072874,0.032388664,0.026315789,0.004048583,0.006072874,0,0,0,0,0,0,0,0,0,0.002024291,0.002024291,0.004048583,0.004048583,0.006072874,0.016194332,0.008097166,0.002024291,0.002024291,0,0,0,0,0,0,0,0,0,0,0
393,C:/Users/TristanKleyn/Downloads/ecotypeClassification/binary/Binaries_20241112/10MIN/WINDOWS_20241112.csv,28:18.9,1.61792,21,Biggs,0.020253165,0,0,0.016455696,0.029113924,0.020253165,0.024050633,0.029113924,0.026582278,0.015189873,0,0,0,0,0,0,0.008860759,0.006329114,0.007594937,0.003797468,0.003797468,0.010126582,0.02278481,0.03164557,0.013924051,0.010126582,0.007594937,0.003797468,0.002531646,0.012658228,0.011392405,0.003797468,0,0,0,0,0,0,0,0,0,0.005063291,0.007594937,0.016455696,0.007594937,0.002531646,0.002531646,0.005063291,0.007594937,0.010126582,0.007594937,0.011392405,0.011392405,0.006329114,0.006329114,0.003797468,0.003797468,0.010126582,0,0,0,0,0,0,0,0,0,0,0,0,0,0,0,0,0,0,0,0,0,0,0,0,0,0,0.002531646,0.006329114,0.007594937,0.006329114,0.006329114,0.003797468
394,C:/Users/TristanKleyn/Downloads/ecotypeClassification/binary/Binaries_20241112/10MIN/WINDOWS_20241112.csv,28:22.9,1.851392,21,Biggs,0.028761062,0.05199115,0.028761062,0.003318584,0.017699115,0.044247788,0.075221239,0.01880531,0.001106195,0.008849558,0.006637168,0.014380531,0.015486726,0.008849558,0.003318584,0,0,0,0,0,0,0,0.021017699,0.002212389,0,0,0,0.003318584,0.012168142,0.011061947,0.003318584,0.014380531,0.009955752,0.009955752,0.011061947,0.024336283,0,0,0,0,0,0,0.001106195,0.022123894,0.003318584,0.001106195,0.002212389,0.019911504,0,0,0,0,0,0,0,0,0,0,0,0,0,0,0,0,0,0,0,0,0,0,0,0,0,0,0,0,0,0,0,0,0,0,0,0,0,0,0,0,0,0
395,C:/Users/TristanKleyn/Downloads/ecotypeClassification/binary/Binaries_20241112/10MIN/WINDOWS_20241112.csv,29:02.9,1.777664,21,Biggs,0,0,0.026497696,0.017281106,0.012672811,0.029953917,0.008064516,0.005760369,0,0.005760369,0.039170507,0.001152074,0,0,0,0,0,0.01843318,0.012672811,0.012672811,0.012672811,0.014976959,0.002304147,0.016129032,0.008064516,0.001152074,0.054147465,0.003456221,0.001152074,0.021889401,0.00921659,0.001152074,0,0,0.004608295,0.033410138,0.028801843,0.005760369,0.020737327,0.013824885,0,0,0,0,0,0,0,0,0,0,0,0,0,0,0,0,0,0,0,0,0,0,0,0,0,0,0,0,0,0,0,0,0,0,0,0,0,0,0.001152074,0.003456221,0.012672811,0.003456221,0.001152074,0.010368664,0,0,0.008064516,0.005760369,0.004608295,0.005760369
396,C:/Users/TristanKleyn/Downloads/ecotypeClassification/binary/Binaries_20241112/10MIN/WINDOWS_20241112.csv,29:06.9,5.38624,21,Biggs,0,0,0,0,0.001140684,0.000760456,0.001520913,0.001140684,0.001901141,0.001520913,0.001140684,0.002281369,0.000760456,0.001520913,0.002661597,0.005703422,0.003802281,0.007224335,0.010646388,0.023193916,0.01634981,0.029657795,0.004562738,0.014448669,0.004942966,0.018250951,0.011787072,0.010646388,0.007604563,0.013688213,0.003802281,0.004942966,0.003802281,0.007984791,0.017870722,0.004942966,0.015209125,0.006463878,0.005323194,0.003041825,0.003422053,0.002661597,0.000380228,0,0.004562738,0.003422053,0.003041825,0.002281369,0.005323194,0.007984791,0.006844106,0.013688213,0.010646388,0.006463878,0.004562738,0.003802281,0.004942966,0.006463878,0.000760456,0,0.000380228,0.003041825,0.004562738,0.005323194,0.004942966,0.006463878,0.001901141,0.003041825,0.005703422,0.004562738,0.001901141,0.001140684,0,0.001520913,0.001520913,0.000380228,0.002281369,0.00418251,0.007224335,0.015589354,0.008745247,0.00418251,0.008365019,0.019011407,0.007604563,0.00418251,0.003041825,0.003422053,0.001140684,0.001140684
397,C:/Users/TristanKleyn/Downloads/ecotypeClassification/binary/Binaries_20241112/10MIN/WINDOWS_20241112.csv,29:10.9,7.74144,21,Biggs,0.001851852,0.001851852,0.004761905,0.003174603,0.002910053,0.000793651,0.002910053,0.003968254,0.003174603,0.005555556,0.021164021,0.025661376,0.016931217,0.004232804,0.021428571,0.034126984,0.017989418,0.007142857,0.002116402,0.001587302,0.001587302,0,0,0.000793651,0.002116402,0.005820106,0.002645503,0.005291005,0.003174603,0.011111111,0.02010582,0.006613757,0.00952381,0.01031746,0.007407407,0.012433862,0.008201058,0.002116402,0.013756614,0.006878307,0.016137566,0.015079365,0.012698413,0.007936508,0.007407407,0.00026455,0.00026455,0.003439153,0.001587302,0.002380952,0.00952381,0.003968254,0.005291005,0.007142857,0.006084656,0.005026455,0.00026455,0.000793651,0.001587302,0.000793651,0.003174603,0.001322751,0.003439153,0.004232804,0.002910053,0.002645503,0.004497354,0.005291005,0.000529101,0.002645503,0.013492063,0.005291005,0.002645503,0.005555556,0.003174603,0.001851852,0.002380952,0.002116402,0.001851852,0.000529101,0.002645503,0.001322751,0.001058201,0.001058201,0.00026455,0.000793651,0.000529101,0.000793651,0.00026455,0.000793651
398,C:/Users/TristanKleyn/Downloads/ecotypeClassification/binary/Binaries_20241112/10MIN/WINDOWS_20241112.csv,29:14.9,6.197248,21,Biggs,0.009583609,0.007270324,0.008261732,0.005948447,0.00892267,0.015201586,0.026437541,0.009914078,0.00892267,0.012888301,0.018506279,0.016192994,0.031064111,0.010244547,0.012557832,0.012888301,0.009253139,0.002643754,0.009914078,0.003635162,0.006278916,0.00462657,0.00892267,0.009583609,0.007600793,0.003635162,0.009583609,0.005948447,0.010244547,0.009583609,0.012557832,0.009253139,0.008261732,0.014540648,0.012227363,0.009914078,0.010905486,0.012557832,0.013879709,0.005617978,0,0,0,0,0.000330469,0.00462657,0.003635162,0,0,0,0.001982816,0.001652346,0.002643754,0,0.000330469,0.003965631,0.001321877,0.00462657,0,0,0.000330469,0,0.009583609,0.005287508,0.003965631,0.001652346,0.000660939,0,0.000330469,0,0.002974223,0.001982816,0,0.001982816,0.000660939,0.001321877,0.000991408,0.001652346,0.002643754,0.000991408,0.001982816,0,0,0,0,0.002974223,0.000660939,0.006278916,0,0
399,C:/Users/TristanKleyn/Downloads/ecotypeClassification/binary/Binaries_20241112/10MIN/WINDOWS_20241112.csv,29:18.9,13.459456,21,Biggs,0.010651248,0.011564212,0.007303713,0.003499696,0.008520998,0.015976872,0.007151552,0.007303713,0.009433962,0.010651248,0.024954352,0.029671333,0.00897748,0.01110773,0.00897748,0.019933049,0.003195374,0.002586732,0.004108338,0.003195374,0.004260499,0.007608034,0.01110773,0.005325624,0.004716981,0.003804017,0.004869142,0.00441266,0.005629945,0.009586123,0.012172855,0.004260499,0.006847231,0.010346926,0.005325624,0.006238588,0.004869142,0.003804017,0.002586732,0.006999391,0.005934267,0.00669507,0.002434571,0.005325624,0.006542909,0.000912964,0.001673767,0.001978089,0.00228241,0.006086427,0.008216677,0.008216677,0.005477785,0.007608034,0.006999391,0.008216677,0.005173463,0.00213025,0.002891053,0.00228241,0.001217285,0.002434571,0.002738892,0.001825928,0.001065125,0.000456482,0.002586732,0.003651856,0.001978089,0.004869142,0.003651856,0.007151552,0.004108338,0.003651856,0.00213025,0.00213025,0.002891053,0.001065125,0.000608643,0,0,0.000456482,0.00228241,0.003651856,0.001369446,0.001521607,0.001825928,0.00213025,0.002891053,0.003043214
400,C:/Users/TristanKleyn/Downloads/ecotypeClassification/binary/Binaries_20241112/10MIN/WINDOWS_20241112.csv,29:22.9,5.369856,21,Biggs,0.003813883,0.005720824,0.010297483,0.006102212,0.010678871,0.001144165,0.000762777,0.001525553,0.015636918,0.000762777,0.001906941,0.007627765,0.012967201,0.021357742,0.003813883,0.015636918,0.010297483,0.011060259,0.01754386,0.008009153,0.001906941,0.003432494,0.016018307,0.005720824,0.006102212,0.004195271,0.003051106,0.00228833,0.004958047,0.0064836,0.000762777,0.002669718,0.006102212,0.001525553,0.000381388,0.000381388,0.005720824,0.009534706,0.001144165,0,0.005339436,0.010297483,0.005339436,0.003051106,0.004195271,0.012204424,0.011441648,0.018306636,0.013348589,0.012967201,0.0064836,0.009916095,0.001906941,0.001906941,0,0.001144165,0.001525553,0.000762777,0.005720824,0.004958047,0.009534706,0.002669718,0,0.000381388,0.004195271,0.005339436,0,0,0.004195271,0.005720824,0.003432494,0,0.002669718,0.0064836,0.005339436,0.006864989,0.004195271,0.004195271,0.005339436,0.006864989,0.004195271,0.0064836,0.004195271,0.009534706,0.004195271,0.006864989,0.002669718,0.003432494,0.000762777,0.000381388
401,C:/Users/TristanKleyn/Downloads/ecotypeClassification/binary/Binaries_20241112/10MIN/WINDOWS_20241112.csv,30:02.9,9.9328,21,Biggs,0.012783505,0.00742268,0.005360825,0.007216495,0.012989691,0.008659794,0.00371134,0.007010309,0.008453608,0.014845361,0.013814433,0.017525773,0.005773196,0.010721649,0.013814433,0.007628866,0.006185567,0.011340206,0.012164948,0.013814433,0.008247423,0.009690722,0.011546392,0.004123711,0.007010309,0.002061856,0.005979381,0.001237113,0.002474227,0.006804124,0.005360825,0.005773196,0.006597938,0.008247423,0.007835052,0.003298969,0.005360825,0.005979381,0.004123711,0.004742268,0.002061856,0.00371134,0.008865979,0.008659794,0.009278351,0.003505155,0.003092784,0.004123711,0.004742268,0.004329897,0.003092784,0.00371134,0.004948454,0.00371134,0.002474227,0.00371134,0.003298969,0.00371134,0.006185567,0.002474227,0.004329897,0.003505155,0.004536082,0.003092784,0.003092784,0.001237113,0.001649485,0.002268041,0.003298969,0.003917526,0.001030928,0.003092784,0.007010309,0.00556701,0.002886598,0.004948454,0.00371134,0.004742268,0.004742268,0.002680412,0.002474227,0.002680412,0.002268041,0.003505155,0.002268041,0.002886598,0.00185567,0.000412371,0.000206186,0.002680412
402,C:/Users/TristanKleyn/Downloads/ecotypeClassification/binary/Binaries_20241112/10MIN/WINDOWS_20241112.csv,30:06.9,9.711616,21,Biggs,0.020244623,0.009489667,0.0113876,0.016237874,0.027836356,0.020455504,0.012652889,0.007591733,0.011809363,0.00991143,0.004639393,0.012020245,0.007380852,0.010333193,0.009067904,0.010965837,0.0056938,0.008435259,0.01560523,0.008435259,0.007802615,0.015183467,0.02129903,0.012442008,0.010122311,0.014129059,0.013918178,0.0056938,0.002530578,0.001687052,0.001265289,0.001265289,0.00147617,0.003163222,0.004850274,0.002530578,0.005272037,0.002530578,0.002108815,0.001054407,0.002108815,0.001265289,0.002741459,0.001897933,0.006537326,0.003795867,0.008013496,0.006326445,0.003163222,0.000421763,0.000210881,0.001054407,0.004850274,0.002108815,0.000843526,0.000843526,0.001687052,0.001687052,0.004428511,0.00716997,0.005482919,0.004850274,0.009489667,0.00716997,0.002108815,0.002319696,0.00147617,0.004850274,0.003584985,0.005482919,0.000843526,0.000632644,0.000843526,0.000421763,0.001265289,0.001265289,0.002108815,0.000421763,0,0.000421763,0.000421763,0.000632644,0.001265289,0.000632644,0,0.001054407,0.004428511,0.000210881,0.002741459,0.001897933
403,C:/Users/TristanKleyn/Downloads/ecotypeClassification/binary/Binaries_20241112/10MIN/WINDOWS_20241112.csv,30:10.9,15.945728,21,Biggs,0.014256358,0.01271513,0.011302338,0.008733624,0.020806576,0.011045466,0.007963011,0.006678654,0.01271513,0.017210378,0.015026971,0.013871051,0.005394297,0.010788595,0.009247367,0.008091446,0.00500899,0.00680709,0.008476753,0.001284357,0.002311842,0.003339327,0.009375803,0.009118931,0.005394297,0.005651169,0.001541228,0.002568713,0.006678654,0.006421783,0.007320832,0.006678654,0.005522733,0.006036476,0.006036476,0.007320832,0.007834575,0.004238377,0.002440277,0.005522733,0.006550218,0.004366812,0.006164911,0.004880555,0.00205497,0.002568713,0.000513743,0.00295402,0.003724634,0.002825584,0.005265862,0.003981505,0.004366812,0.002825584,0.002825584,0.009632674,0.006678654,0.003981505,0.002183406,0.003596198,0.003596198,0.002440277,0.004238377,0.001669663,0.007963011,0.007449268,0.004109941,0.003724634,0.001669663,0.003467763,0.005522733,0.003210891,0.001027485,0.003467763,0.002440277,0.002183406,0.005779604,0.003596198,0.002825584,0.00205497,0.00295402,0.003981505,0.002825584,0.002825584,0.001284357,0.00205497,0.003596198,0.002311842,0.001798099,0.003210891
404,C:/Users/TristanKleyn/Downloads/ecotypeClassification/binary/Binaries_20241112/10MIN/WINDOWS_20241112.csv,30:14.9,7.057408,21,Biggs,0.029889727,0.005223447,0.005223447,0.005803831,0.022634939,0.003192107,0.004933256,0.011897853,0.020023215,0.016540917,0.015380151,0.0171213,0.010737086,0.00957632,0.009286129,0.015089959,0.009866512,0.011607661,0.00957632,0.012768427,0.015670342,0.001450958,0.002901915,0.008125363,0.008995937,0.012478236,0.01131747,0.008415554,0.004643064,0.012188044,0.007254788,0.004933256,0.006674405,0.015380151,0.010737086,0.005223447,0.004933256,0.00377249,0.00377249,0.006094022,0.010156703,0.002031341,0.002031341,0.004933256,0.006964597,0.006384214,0.006384214,0.005223447,0.001450958,0.002321532,0.005223447,0.004062681,0.003192107,0.003482298,0.005513639,0.002031341,0.004352873,0.000580383,0.002611724,0.000290192,0.000290192,0.000870575,0.000580383,0.000290192,0.001450958,0,0,0,0,0.000870575,0.002611724,0.001450958,0.001741149,0.000870575,0.000580383,0.001741149,0.000290192,0.000870575,0.001741149,0,0.001450958,0.000870575,0.000870575,0,0,0,0,0,0,0
405,C:/Users/TristanKleyn/Downloads/ecotypeClassification/binary/Binaries_20241112/10MIN/WINDOWS_20241112.csv,30:18.9,8.204288,21,Biggs,0.022466301,0.021967049,0.003744383,0.002995507,0.007239141,0.013230155,0.000998502,0.005991013,0.017723415,0.01572641,0.010234648,0.009735397,0.012730904,0.003994009,0.007488767,0.011732401,0.011482776,0.006989516,0.005741388,0.002995507,0.002496256,0.007988018,0.002745881,0.001747379,0.011482776,0.011982027,0.007738392,0.010484274,0.011482776,0.013729406,0.007988018,0.009236146,0.008237644,0.010234648,0.00449326,0.007488767,0.011482776,0.009735397,0.008736895,0.006490265,0.010234648,0.007488767,0.010484274,0.005491762,0.004742886,0.006490265,0.006490265,0.009985022,0.007239141,0.008736895,0.00224663,0.000998502,0,0,0,0,0.001747379,0.001997004,0.001497753,0.000748877,0.001747379,0.001997004,0.00224663,0.000249626,0.000249626,0.000748877,0.00224663,0.004243635,0.004742886,0.006490265,0.002995507,0,0,0.000499251,0.001248128,0.003245132,0.000998502,0.000748877,0.001497753,0.002745881,0.001248128,0.002995507,0.000998502,0,0,0,0.000748877,0.002995507,0.001497753,0.002745881
406,C:/Users/TristanKleyn/Downloads/ecotypeClassification/binary/Binaries_20241112/10MIN/WINDOWS_20241112.csv,30:22.9,1.691648,21,Biggs,0.020581114,0.026634383,0.018159806,0.004842615,0.004842615,0,0,0,0,0,0,0,0,0,0,0,0,0,0,0,0.001210654,0,0.01937046,0.01937046,0.010895884,0.014527845,0.027845036,0.023002421,0.008474576,0.025423729,0.015738499,0.014527845,0.001210654,0.014527845,0.008474576,0.006053269,0.018159806,0.013317191,0.010895884,0.010895884,0.010895884,0.007263923,0.006053269,0.003631961,0.007263923,0.006053269,0.023002421,0.007263923,0,0,0,0,0,0,0,0,0,0,0,0,0,0,0,0,0,0,0,0,0,0,0,0,0,0,0,0,0,0,0,0,0,0,0,0.013317191,0.031476998,0.012106538,0.00968523,0.004842615,0.006053269,0.012106538
407,C:/Users/TristanKleyn/Downloads/ecotypeClassification/binary/Binaries_20251204/10MIN/WINDOWS_20251204.csv,03:08.1,1.019904,22,Humpback,0.068273092,0.046184739,0.108433735,0.054216867,0.046184739,0.010040161,0.018072289,0.020080321,0.004016064,0.030120482,0.034136546,0.026104418,0.014056225,0.016064257,0.004016064,0,0,0,0,0,0,0,0,0,0,0,0,0,0,0,0,0,0,0,0,0,0,0,0,0,0,0,0,0,0,0,0,0,0,0,0,0,0,0,0,0,0,0,0,0,0,0,0,0,0,0,0,0,0,0,0,0,0,0,0,0,0,0,0,0,0,0,0,0,0,0,0,0,0,0
408,C:/Users/TristanKleyn/Downloads/ecotypeClassification/binary/Binaries_20251204/10MIN/WINDOWS_20251204.csv,51:08.1,1.032192,23,None,0.103174603,0.077380952,0.037698413,0.013888889,0.05952381,0.033730159,0.041666667,0.043650794,0.063492063,0.021825397,0.003968254,0,0,0,0,0,0,0,0,0,0,0,0,0,0,0,0,0,0,0,0,0,0,0,0,0,0,0,0,0,0,0,0,0,0,0,0,0,0,0,0,0,0,0,0,0,0,0,0,0,0,0,0,0,0,0,0,0,0,0,0,0,0,0,0,0,0,0,0,0,0,0,0,0,0,0,0,0,0,0
409,C:/Users/TristanKleyn/Downloads/ecotypeClassification/binary/Binaries_20251205/10MIN/WINDOWS_20251205.csv,20:00.1,4.435968,24,None,0.065558633,0.051246537,0.028624192,0.027239151,0.038319483,0.005078486,0.014312096,0.003693444,0.005540166,0,0,0.000461681,0.001385042,0.013850416,0.011080332,0.013850416,0.005078486,0.00923361,0.00923361,0.005078486,0.00923361,0.013388735,0.002308403,0,0.001385042,0.006463527,0.012465374,0.003231764,0.006001847,0.006925208,0.006463527,0.007386888,0.006001847,0.004616805,0.003693444,0.002770083,0.002770083,0.005540166,0.002308403,0.003231764,0.004155125,0.006001847,0.003231764,0.010618652,0.01754386,0.000923361,0,0,0,0,0,0,0,0,0,0,0,0,0,0.002308403,0.000923361,0.004155125,0.010156971,0.004155125,0.005540166,0.002770083,0.000923361,0.001385042,0,0.002770083,0.000923361,0.004616805,0.001385042,0,0,0,0,0,0,0,0,0,0,0,0,0,0,0,0,0.000461681
410,C:/Users/TristanKleyn/Downloads/ecotypeClassification/binary/Binaries_20251205/10MIN/WINDOWS_20251205.csv,20:04.1,3.776512,24,None,0.040672451,0.029284165,0.020065076,0.018980477,0.027114967,0.003796095,0.004338395,0.004880694,0.005422993,0.000542299,0,0.000542299,0.00867679,0.012472885,0.003253796,0.00813449,0.011930586,0.030911063,0.015726681,0.002169197,0.00867679,0.021149675,0.012472885,0.003796095,0.00813449,0.009219089,0.005965293,0.010845987,0.005965293,0.010845987,0.010845987,0.005965293,0.001626898,0,0,0,0,0,0,0.001084599,0.021149675,0.004880694,0,0,0.009761388,0.009761388,0.00867679,0.005965293,0.005965293,0,0,0,0,0,0,0,0,0,0,0,0,0,0,0,0,0.001626898,0.007049892,0.004338395,0.007592191,0.007049892,0.000542299,0.000542299,0.001626898,0,0.001626898,0.002711497,0.00867679,0.006507592,0.011930586,0.005422993,0,0,0,0,0,0,0,0,0,0.001084599
411,C:/Users/TristanKleyn/Downloads/ecotypeClassification/binary/Binaries_20251205/10MIN/WINDOWS_20251205.csv,20:08.1,6.782976,24,None,0.027777778,0.020531401,0.011171498,0.013285024,0.017512077,0.01781401,0.003019324,0.009359903,0.011775362,0,0.010869565,0.006038647,0.000603865,0.007850242,0.01660628,0.015700483,0.013285024,0.001509662,0.011775362,0.004528986,0.002717391,0.008152174,0.016908213,0.006944444,0.001509662,0,0.003623188,0.009359903,0,0,0.001207729,0.007246377,0.009359903,0.001207729,0.004528986,0.003019324,0.006642512,0.001811594,0.001207729,0.003019324,0.010869565,0.001509662,0,0,0,0.003019324,0.007548309,0.01147343,0.001811594,0,0,0.005736715,0.000603865,0,0,0,0,0,0,0,0,0.002717391,0.004830918,0,0,0.01147343,0.009661836,0.003623188,0,0.002717391,0.011171498,0.006944444,0.00513285,0.001207729,0.0102657,0.013586957,0.006642512,0.002415459,0,0.004227053,0.012983092,0.001811594,0.003623188,0.004528986,0.008454106,0.007246377,0,0.000905797,0.007246377,0.004528986
412,C:/Users/TristanKleyn/Downloads/ecotypeClassification/binary/Binaries_20251205/10MIN/WINDOWS_20251205.csv,20:12.1,4.169728,24,None,0.032416503,0.029469548,0.029469548,0.027013752,0.008349705,0,0,0,0,0,0,0,0,0.006876228,0.003438114,0.010314342,0.011787819,0.007367387,0.006876228,0.004420432,0.004911591,0.037328094,0.021611002,0.006385069,0.008349705,0,0,0,0.006385069,0.01719057,0.006385069,0.006385069,0.001473477,0,0,0,0,0,0,0,0.000491159,0.002455796,0.004420432,0.004420432,0.004420432,0.000982318,0.001964637,0.001964637,0,0,0,0.004911591,0.007858546,0.002946955,0.001964637,0,0.00540275,0.012770138,0.000491159,0.000491159,0.000491159,0.000982318,0.006385069,0.003438114,0,0,0.000491159,0.008349705,0.003929273,0.003438114,0.003438114,0.004420432,0.007367387,0.010805501,0.003929273,0.000491159,0.003929273,0.008840864,0.00540275,0.003929273,0.003438114,0.003929273,0.008840864,0.004420432,0.00540275,0.007367387,0.007367387,0.014734774,0.003929273,0.008349705
413,C:/Users/TristanKleyn/Downloads/ecotypeClassification/binary/Binaries_20251205/10MIN/WINDOWS_20251205.csv,20:16.1,3.60448,24,None,0.023863636,0.009090909,0,0.000568182,0.014204545,0,0,0,0,0.003977273,0.009659091,0.000568182,0,0,0,0.001136364,0.00625,0.022727273,0.01875,0.011363636,0.005681818,0.025,0.007954545,0.003409091,0.009659091,0.002272727,0.002840909,0.025568182,0.019886364,0.006818182,0.011931818,0.007386364,0.001136364,0.001136364,0.002272727,0.010227273,0.003409091,0,0,0,0,0,0,0.002840909,0.001704545,0.001704545,0.002840909,0.009090909,0.008522727,0.011931818,0.014204545,0.003409091,0.017613636,0.014204545,0.016477273,0.005113636,0.000568182,0,0,0,0,0,0,0,0,0,0,0,0,0.000568182,0.001704545,0,0.001704545,0.002272727,0.008522727,0.006818182,0.021022727,0.000568182,0,0,0,0,0.000568182,0.027840909,0.018181818,0.002840909,0.003409091,0.015909091,0.009090909,0
414,C:/Users/TristanKleyn/Downloads/ecotypeClassification/binary/Binaries_20251205/10MIN/WINDOWS_20251205.csv,20:20.1,2.965504,24,None,0.05179558,0.028314917,0.024861878,0.033839779,0.023480663,0.006906077,0.004143646,0,0,0,0,0,0.000690608,0.000690608,0.008287293,0.033149171,0.035911602,0.049033149,0.02140884,0.003453039,0,0.018646409,0,0,0,0,0,0.003453039,0.005524862,0.004834254,0.002762431,0,0,0,0,0,0,0,0,0,0,0.000690608,0.000690608,0.00621547,0.029005525,0.003453039,0,0,0,0,0,0,0.015883978,0,0,0,0,0,0,0,0,0.001381215,0.003453039,0.002762431,0.00621547,0.016574586,0.002071823,0,0,0.009668508,0.010359116,0.013812155,0.01519337,0.001381215,0,0,0,0,0,0,0,0,0,0,0,0,0,0,0,0
415,C:/Users/TristanKleyn/Downloads/ecotypeClassification/binary/Binaries_20251205/10MIN/WINDOWS_20251205.csv,21:00.1,3.776512,24,None,0.013015184,0.004880694,0.010303688,0.004880694,0.01681128,0.000542299,0,0.002169197,0.001626898,0,0.003253796,0.005422993,0.003796095,0.00867679,0.007049892,0.035249458,0.02494577,0.001626898,0.004338395,0.017895879,0.009761388,0.002711497,0.013557484,0.010303688,0,0,0,0,0.003796095,0.007592191,0,0.007049892,0.004880694,0,0,0,0,0,0.003796095,0.006507592,0.018980477,0.002711497,0.013015184,0.015184382,0.020607375,0,0,0,0,0,0,0,0,0,0,0.006507592,0.011930586,0,0,0,0.010845987,0.041214751,0.009219089,0.010303688,0.004338395,0.002169197,0.001084599,0.006507592,0.014642082,0.012472885,0.011930586,0.004338395,0.000542299,0.000542299,0,0,0,0,0,0,0.001084599,0.003796095,0.012472885,0,0,0.004880694,0.007049892,0.007592191,0.003796095,0.003796095
416,C:/Users/TristanKleyn/Downloads/ecotypeClassification/binary/Binaries_20251205/10MIN/WINDOWS_20251205.csv,21:04.1,4.268032,24,None,0.025911708,0.012955854,0.004798464,0.01487524,0.013435701,0.018234165,0.016794626,0.004798464,0.010076775,0.007677543,0.004798464,0,0,0,0.001919386,0.012955854,0.010556622,0.001439539,0.014395393,0.000479846,0.000479846,0.013435701,0.013915547,0,0,0,0,0,0,0.004798464,0.007677543,0.010556622,0.00671785,0.00671785,0.003358925,0.001439539,0.007197697,0.009596929,0.003358925,0.016314779,0.005278311,0.003358925,0.001439539,0.006238004,0.006238004,0.003358925,0.004318618,0.004798464,0.004798464,0.008637236,0.001439539,0.004798464,0.008637236,0.015834933,0.004318618,0.000479846,0.002879079,0.002879079,0.009117083,0,0.001919386,0.008637236,0.000959693,0.010076775,0.013435701,0.00815739,0.003838772,0.010556622,0.001439539,0.002879079,0.002879079,0.003358925,0.006238004,0,0.001919386,0.011516315,0.000959693,0,0,0,0,0,0,0.000959693,0.004318618,0.004318618,0.000479846,0.002399232,0.011996161,0.006238004
417,C:/Users/TristanKleyn/Downloads/ecotypeClassification/binary/Binaries_20251205/10MIN/WINDOWS_20251205.csv,21:08.1,3.21536,24,None,0.097452229,0.081528662,0.063057325,0.049044586,0.052229299,0.008917197,0.010828025,0.001910828,0.003184713,0,0,0,0,0,0,0.001910828,0.007006369,0.00955414,0.01656051,0.002547771,0.014649682,0.008917197,0.001910828,0.001273885,0.003821656,0.000636943,0,0,0,0,0,0,0,0.000636943,0.006369427,0.005095541,0.003821656,0.001273885,0.000636943,0,0.012738854,0.015923567,0,0,0.003184713,0.001910828,0.008917197,0.002547771,0,0,0,0,0,0,0,0,0,0,0,0,0,0,0,0,0,0,0,0,0,0,0,0,0,0,0,0,0,0,0,0,0,0,0,0,0,0,0,0,0,0
418,C:/Users/TristanKleyn/Downloads/ecotypeClassification/binary/Binaries_20251205/10MIN/WINDOWS_20251205.csv,21:12.1,3.272704,24,None,0.084480601,0.03942428,0.023153942,0.015644556,0.025031289,0.008135169,0.00563204,0.000625782,0.010012516,0.008760951,0.003754693,0.02252816,0.002503129,0,0,0,0.00563204,0.00563204,0.021902378,0.000625782,0.003754693,0.018773467,0.008135169,0.008135169,0.006883605,0.006257822,0.002503129,0.001251564,0.003754693,0.028785982,0.003128911,0,0,0,0,0,0,0,0,0.002503129,0.004380476,0.005006258,0.003754693,0,0.001877347,0.001251564,0.008135169,0.018773467,0.01126408,0.002503129,0.017521902,0.001877347,0,0,0,0,0,0,0,0,0,0,0,0,0,0,0,0,0,0.000625782,0.000625782,0.005006258,0.006257822,0,0,0.002503129,0.01689612,0,0,0,0,0,0.000625782,0.000625782,0.001251564,0.001877347,0.003128911,0.006257822,0.000625782,0
419,C:/Users/TristanKleyn/Downloads/ecotypeClassification/binary/Binaries_20251205/10MIN/WINDOWS_20251205.csv,21:16.1,4.141056,24,None,0.014836795,0.012363996,0.019287834,0.009891197,0.00098912,0.010385757,0.008407517,0.004945598,0.004945598,0.001978239,0,0,0,0,0,0.00049456,0.00148368,0.004945598,0.016320475,0.005934718,0.00148368,0.008902077,0.00098912,0.03115727,0.009891197,0.022749753,0.020276954,0,0,0,0.00098912,0.015331355,0.005440158,0.013847676,0,0,0.003461919,0.008407517,0,0.001978239,0.005934718,0.002967359,0,0.004945598,0.012858556,0,0,0,0,0,0,0,0,0,0,0.00148368,0.010385757,0,0,0,0,0.00049456,0.012858556,0.013847676,0.022749753,0.010880317,0.00148368,0,0,0,0.00098912,0.023738872,0.006429278,0.00049456,0.018298714,0.009396637,0.009891197,0.002472799,0.014836795,0.004451039,0,0,0,0.002967359,0.016815035,0.011374876,0,0.003461919,0.011374876,0
420,C:/Users/TristanKleyn/Downloads/ecotypeClassification/binary/Binaries_20251205/10MIN/WINDOWS_20251205.csv,21:20.1,2.19136,24,None,0.056074766,0.008411215,0.024299065,0.01588785,0.014018692,0.005607477,0,0,0.001869159,0.012149533,0.007476636,0.010280374,0.009345794,0.019626168,0.022429907,0.002803738,0.001869159,0.024299065,0.013084112,0.007476636,0.014018692,0,0,0,0,0,0,0,0,0.000934579,0.01588785,0.007476636,0,0.000934579,0.001869159,0.000934579,0.008411215,0.001869159,0.001869159,0.012149533,0.010280374,0.010280374,0.007476636,0.004672897,0.025233645,0.028037383,0.000934579,0.000934579,0.000934579,0.004672897,0.004672897,0.012149533,0.003738318,0,0,0,0,0,0,0.001869159,0.004672897,0.001869159,0.000934579,0.001869159,0.01588785,0,0,0,0,0,0,0.003738318,0.01682243,0.007476636,0.001869159,0.000934579,0.001869159,0,0,0.002803738,0,0,0,0,0,0,0,0,0,0
421,C:/Users/TristanKleyn/Downloads/ecotypeClassification/binary/Binaries_20251205/10MIN/WINDOWS_20251205.csv,22:00.1,3.059712,24,None,0.047523427,0.03480589,0.021419009,0.013386881,0.019410977,0.002677376,0.002677376,0.010040161,0.002677376,0,0,0.002677376,0.012048193,0.008032129,0.010040161,0.039491299,0.009370817,0.008701473,0.02811245,0.007362784,0.004016064,0.018072289,0.004685408,0,0,0,0,0.006024096,0.008701473,0.018072289,0.008701473,0.008032129,0.008701473,0.000669344,0,0,0,0,0.002677376,0,0,0.016064257,0.00334672,0.010709505,0,0,0,0,0,0,0,0.001338688,0.012717537,0.002677376,0,0,0,0,0,0,0.001338688,0.002008032,0.004016064,0.008032129,0.004685408,0.012717537,0.007362784,0.022088353,0.014056225,0.004016064,0.002677376,0,0,0,0,0,0,0,0,0,0,0,0,0,0,0,0,0,0,0.001338688
422,C:/Users/TristanKleyn/Downloads/ecotypeClassification/binary/Binaries_20251205/10MIN/WINDOWS_20251205.csv,22:04.1,2.002944,24,None,0.081799591,0.064417178,0.035787321,0.006134969,0.007157464,0.00204499,0,0,0,0,0.001022495,0.005112474,0.016359918,0,0.001022495,0.00204499,0.006134969,0.006134969,0.049079755,0.029652352,0.024539877,0.036809816,0.010224949,0.00408998,0.007157464,0.001022495,0.00408998,0.005112474,0.005112474,0.008179959,0,0,0,0.001022495,0,0,0,0.001022495,0.00204499,0.001022495,0.007157464,0.024539877,0.012269939,0,0,0,0,0.001022495,0.015337423,0.008179959,0.006134969,0,0,0,0,0,0,0,0,0,0,0,0,0,0,0,0,0,0,0,0,0,0,0,0,0,0,0,0,0,0,0,0,0,0,0,0,0,0,0
423,C:/Users/TristanKleyn/Downloads/ecotypeClassification/binary/Binaries_20251205/10MIN/WINDOWS_20251205.csv,22:08.1,1.277952,24,None,0.006410256,0,0,0.003205128,0.008012821,0.011217949,0.006410256,0.006410256,0.004807692,0,0,0,0,0,0,0,0,0.003205128,0.009615385,0.036858974,0.03525641,0,0,0,0,0,0,0,0.004807692,0.03525641,0.044871795,0.030448718,0.022435897,0.020833333,0.006410256,0.016025641,0.003205128,0,0,0,0,0.001602564,0.009615385,0.011217949,0.038461538,0.011217949,0.025641026,0.012820513,0.004807692,0.003205128,0.004807692,0.008012821,0,0,0,0,0,0,0,0,0,0,0,0,0,0,0,0,0,0,0,0,0,0,0,0,0,0,0,0.004807692,0.011217949,0.028846154,0.008012821,0,0,0,0,0,0,0
424,C:/Users/TristanKleyn/Downloads/ecotypeClassification/binary/Binaries_20251205/10MIN/WINDOWS_20251205.csv,22:12.1,1.380352,24,None,0.121661721,0.022255193,0.026706231,0.068249258,0.071216617,0.03264095,0.023738872,0.017804154,0.004451039,0,0,0,0,0,0,0,0,0,0,0,0,0.03115727,0.002967359,0,0,0,0,0,0,0,0,0,0,0,0,0,0,0,0.00148368,0.007418398,0.035608309,0.008902077,0.002967359,0.008902077,0.010385757,0.00148368,0,0,0,0,0,0,0,0,0,0,0,0,0,0,0,0,0,0,0,0,0,0,0,0,0,0,0,0,0,0,0,0,0,0,0,0,0,0,0,0,0,0,0,0
425,C:/Users/TristanKleyn/Downloads/ecotypeClassification/binary/Binaries_20251205/10MIN/WINDOWS_20251205.csv,22:16.1,3.022848,24,None,0.098238482,0.032520325,0.01897019,0.025067751,0.037940379,0.007452575,0.008130081,0.00203252,0.000677507,0.00203252,0.00203252,0.007452575,0.005420054,0,0.000677507,0.000677507,0.003387534,0.004065041,0.039295393,0.013550136,0.02100271,0.016937669,0.010162602,0.008130081,0,0,0,0,0,0,0.00203252,0.014905149,0.014905149,0.001355014,0,0,0,0,0,0,0.004065041,0.000677507,0.008807588,0,0,0,0,0.009485095,0.003387534,0.000677507,0.00203252,0.004065041,0.010162602,0.004065041,0,0.008130081,0.006097561,0.000677507,0,0,0,0,0.004065041,0.004065041,0.006097561,0.000677507,0,0,0,0,0,0,0,0,0,0,0,0,0,0,0.003387534,0.002710027,0.017615176,0,0,0,0,0,0,0
426,C:/Users/TristanKleyn/Downloads/ecotypeClassification/binary/Binaries_20251205/10MIN/WINDOWS_20251205.csv,22:20.1,1.536,24,None,0.036,0.016,0.02,0.006666667,0.022666667,0.021333333,0.005333333,0,0,0,0,0.014666667,0.014666667,0,0,0,0,0,0,0,0.018666667,0.016,0,0,0,0,0,0,0.009333333,0.025333333,0.004,0.005333333,0.014666667,0.002666667,0,0.005333333,0.005333333,0.001333333,0.006666667,0.009333333,0.010666667,0.022666667,0.004,0,0,0,0,0,0,0.018666667,0.009333333,0.008,0.008,0.006666667,0,0,0,0,0,0.004,0.024,0.041333333,0.013333333,0,0,0,0,0,0,0,0,0,0,0,0,0,0,0,0,0,0,0.004,0.025333333,0.006666667,0,0.001333333,0.001333333,0.005333333,0,0.004
427,C:/Users/TristanKleyn/Downloads/ecotypeClassification/binary/Binaries_20251205/10MIN/WINDOWS_20251205.csv,23:00.1,1.445888,24,None,0.110481586,0.066572238,0.036827195,0.082152975,0.058073654,0.026912181,0.021246459,0.02407932,0.014164306,0,0,0,0,0,0,0,0,0,0,0,0,0,0,0,0,0,0,0,0,0,0,0,0,0,0,0,0,0,0,0,0.001416431,0.014164306,0.004249292,0.009915014,0,0,0,0,0,0,0,0,0,0,0,0,0,0,0,0,0,0,0,0,0,0,0,0,0,0,0,0,0,0,0,0.004249292,0.025495751,0,0,0,0,0,0,0,0,0,0,0,0,0
428,C:/Users/TristanKleyn/Downloads/ecotypeClassification/binary/Binaries_20251205/10MIN/WINDOWS_20251205.csv,23:04.1,1.773568,24,None,0.096997691,0.066974596,0.002309469,0.01039261,0.021939954,0.021939954,0.005773672,0,0,0,0,0,0.001154734,0.013856813,0.032332564,0.009237875,0.008083141,0.043879908,0.016166282,0.001154734,0.003464203,0.02886836,0,0,0,0,0,0,0,0,0,0,0,0,0,0,0,0,0,0,0,0,0,0,0.016166282,0.008083141,0.002309469,0,0,0,0,0.009237875,0.018475751,0.003464203,0.006928406,0.024249423,0.002309469,0,0,0,0,0,0,0,0,0.004618938,0.013856813,0.005773672,0,0,0,0,0,0,0,0,0,0,0,0,0,0,0,0,0,0,0,0,0,0
429,C:/Users/TristanKleyn/Downloads/ecotypeClassification/binary/Binaries_20251205/10MIN/WINDOWS_20251205.csv,23:08.1,3.477504,24,None,0.054770318,0.00942285,0.012367491,0.010011779,0.008244994,0.001766784,0,0,0,0,0,0,0,0,0.008244994,0.005300353,0,0,0.002944641,0.020023557,0.008833922,0.014723204,0.002355713,0,0.004122497,0.001766784,0.005889282,0.007067138,0.007067138,0,0.010011779,0.008244994,0.007067138,0.02532391,0.012367491,0.023557126,0.004122497,0.004711425,0.011778563,0.034157833,0.004122497,0.005889282,0,0,0,0,0.000588928,0.000588928,0.00647821,0.012367491,0.005889282,0.010600707,0.010600707,0.001766784,0,0,0.002944641,0.001177856,0.007067138,0.005889282,0.005300353,0.005889282,0.004711425,0.014723204,0.012956419,0,0,0,0,0,0,0,0.001766784,0.008244994,0.001177856,0.000588928,0,0,0,0,0,0.004122497,0.004122497,0.004711425,0.010011779,0.00942285,0.007656066,0.002355713,0,0
430,C:/Users/TristanKleyn/Downloads/ecotypeClassification/binary/Binaries_20251205/10MIN/WINDOWS_20251205.csv,23:12.1,2.842624,24,None,0.054755043,0.022334294,0.020893372,0.003602305,0.026657061,0.007204611,0.001440922,0,0.000720461,0.007204611,0.00648415,0.007925072,0.001440922,0.001440922,0.003602305,0.015850144,0.027377522,0.009365994,0.001440922,0.016570605,0.009365994,0.028818444,0.016570605,0.002161383,0,0,0,0,0.008645533,0.010806916,0,0,0,0,0,0,0.000720461,0.001440922,0.002881844,0,0.001440922,0.000720461,0.007204611,0.005763689,0.007925072,0.000720461,0.013688761,0.004322767,0,0.018011527,0.015850144,0.005043228,0,0,0,0,0,0,0,0,0,0,0.004322767,0.010086455,0.005763689,0.004322767,0.003602305,0.00648415,0.0129683,0.000720461,0.002161383,0.00648415,0.002161383,0.004322767,0.005043228,0.005763689,0.002161383,0,0.005763689,0.01945245,0,0,0,0,0,0,0,0,0,0
431,C:/Users/TristanKleyn/Downloads/ecotypeClassification/binary/Binaries_20251205/10MIN/WINDOWS_20251205.csv,23:16.1,1.355776,24,None,0.107250755,0.024169184,0.003021148,0.031722054,0.083081571,0.009063444,0.001510574,0,0,0,0.004531722,0.006042296,0.01510574,0.010574018,0.012084592,0.00755287,0,0,0.001510574,0.00755287,0,0.003021148,0.013595166,0.006042296,0.016616314,0.019637462,0.013595166,0.006042296,0.00755287,0.013595166,0.001510574,0.006042296,0.00755287,0.010574018,0.006042296,0.019637462,0.01510574,0.006042296,0.003021148,0,0,0,0,0,0,0,0,0,0,0,0,0,0,0,0,0,0,0,0,0,0,0,0,0,0,0,0,0,0,0,0,0,0,0,0,0,0,0,0,0,0,0,0,0,0,0,0,0,0,0
432,C:/Users/TristanKleyn/Downloads/ecotypeClassification/binary/Binaries_20251205/10MIN/WINDOWS_20251205.csv,23:20.1,3.362816,24,None,0.061510353,0.028014616,0.012180268,0.016443362,0.023751523,0.015225335,0.007917174,0,0,0,0,0.001218027,0.010962241,0.00182704,0,0.015225335,0.014616322,0.008526188,0.018879415,0.003045067,0.000609013,0.001218027,0.021315469,0.006090134,0.009744214,0.014007308,0.007917174,0.004872107,0.00365408,0.000609013,0,0,0,0,0,0,0,0.001218027,0.00365408,0.004872107,0.004263094,0.015225335,0.00365408,0.009135201,0.007308161,0.005481121,0.014007308,0.02862363,0.002436054,0.005481121,0.010962241,0.021315469,0.00182704,0.00182704,0.004263094,0.00365408,0.003045067,0,0.002436054,0.001218027,0.001218027,0,0,0,0,0,0,0,0,0,0,0,0,0,0,0,0,0,0,0,0.000609013,0.001218027,0.000609013,0.005481121,0.009135201,0.001218027,0.001218027,0,0.006699147,0.007308161
433,C:/Users/TristanKleyn/Downloads/ecotypeClassification/binary/Binaries_20251205/10MIN/WINDOWS_20251205.csv,24:04.1,2.449408,24,None,0.060200669,0.039297659,0.008361204,0.014214047,0.011705686,0,0,0,0,0,0,0,0,0,0.005852843,0.016722408,0.004180602,0.002508361,0.009197324,0.019230769,0.011705686,0.016722408,0.030936455,0.010033445,0.017558528,0.008361204,0,0.007525084,0.001672241,0.007525084,0.008361204,0,0,0,0.002508361,0.014214047,0.022575251,0.008361204,0.005852843,0.002508361,0,0.015050167,0.002508361,0,0,0,0,0,0,0,0.00083612,0.002508361,0.008361204,0.011705686,0.004180602,0.006688963,0.008361204,0.004180602,0.012541806,0,0,0,0.001672241,0.011705686,0.011705686,0.006688963,0.002508361,0.004180602,0,0,0,0,0,0,0,0,0,0,0,0,0.00083612,0.005852843,0.003344482,0.005016722,0.001672241,0,0,0,0,0
434,C:/Users/TristanKleyn/Downloads/ecotypeClassification/binary/Binaries_20251205/10MIN/WINDOWS_20251205.csv,24:08.1,2.113536,24,None,0.084302326,0.060077519,0.019379845,0.005813953,0.031007752,0.011627907,0.003875969,0.002906977,0.005813953,0.001937984,0.003875969,0.023255814,0.021317829,0.013565891,0.004844961,0.014534884,0.013565891,0.006782946,0.011627907,0.004844961,0,0.019379845,0.002906977,0,0,0,0,0,0,0,0,0,0,0,0,0,0,0.003875969,0.015503876,0.011627907,0.002906977,0.002906977,0.012596899,0.001937984,0,0,0,0,0,0,0,0.003875969,0.007751938,0.009689922,0.009689922,0.03003876,0.010658915,0.005813953,0.003875969,0,0,0,0,0,0,0,0,0,0,0,0,0,0,0,0,0,0,0,0,0,0,0,0,0,0,0,0,0,0,0
435,C:/Users/TristanKleyn/Downloads/ecotypeClassification/binary/Binaries_20251205/10MIN/WINDOWS_20251205.csv,24:16.1,1.994752,24,None,0.03798768,0.023613963,0,0.00513347,0.007186858,0.013347023,0,0,0,0.001026694,0.002053388,0.00513347,0.006160164,0.01026694,0.011293634,0.047227926,0.025667351,0.018480493,0.028747433,0.008213552,0.023613963,0,0,0,0,0,0,0,0,0,0,0,0,0.01026694,0.012320329,0.006160164,0.001026694,0.024640657,0.025667351,0.007186858,0.001026694,0,0.00513347,0.015400411,0.001026694,0,0,0,0,0,0,0,0,0,0,0,0,0,0.004106776,0.003080082,0.002053388,0.013347023,0.020533881,0,0,0,0,0.001026694,0,0.001026694,0.001026694,0.001026694,0.002053388,0.009240246,0.003080082,0.030800821,0,0,0,0.00513347,0.017453799,0,0,0,0,0,0,0,0,0
436,C:/Users/TristanKleyn/Downloads/ecotypeClassification/binary/Binaries_20251205/10MIN/WINDOWS_20251205.csv,25:00.1,1.7408,24,None,0.024705882,0.035294118,0.009411765,0,0,0,0,0,0,0,0,0,0,0,0.005882353,0.002352941,0.001176471,0.004705882,0.034117647,0.008235294,0.007058824,0.005882353,0.018823529,0.005882353,0.004705882,0.015294118,0.016470588,0.028235294,0.014117647,0.034117647,0.005882353,0.014117647,0.010588235,0.005882353,0.004705882,0.008235294,0.016470588,0.005882353,0,0,0,0,0,0,0,0,0.001176471,0.012941176,0.011764706,0,0,0,0,0,0,0,0,0,0,0,0.005882353,0.010588235,0.014117647,0.004705882,0.010588235,0.008235294,0.009411765,0,0.017647059,0.007058824,0,0,0,0.001176471,0.012941176,0.012941176,0.004705882,0.004705882,0.001176471,0,0,0,0,0,0,0,0,0,0,0
437,C:/Users/TristanKleyn/Downloads/ecotypeClassification/binary/Binaries_20251205/10MIN/WINDOWS_20251205.csv,25:04.1,2.06848,24,None,0.001980198,0,0,0,0,0,0,0,0,0,0.001980198,0.004950495,0.012871287,0.008910891,0.008910891,0.010891089,0.001980198,0,0.011881188,0.001980198,0.008910891,0.002970297,0.002970297,0.002970297,0.005940594,0.000990099,0.003960396,0.015841584,0.014851485,0.005940594,0.003960396,0.026732673,0.028712871,0.006930693,0.005940594,0.011881188,0.004950495,0.001980198,0.015841584,0.001980198,0.004950495,0.002970297,0.000990099,0.002970297,0.00990099,0.014851485,0.00990099,0.011881188,0.000990099,0,0,0,0,0,0,0,0,0,0.004950495,0.001980198,0.001980198,0.017821782,0.002970297,0.002970297,0.000990099,0.003960396,0.002970297,0.001980198,0.003960396,0.003960396,0.001980198,0.004950495,0.004950495,0.015841584,0.037623762,0.008910891,0.012871287,0.000990099,0,0.006930693,0.010891089,0.006930693,0.004950495,0.008910891,0.003960396,0.013861386,0.001980198,0.001980198,0.000990099,0
438,C:/Users/TristanKleyn/Downloads/ecotypeClassification/binary/Binaries_20251205/10MIN/WINDOWS_20251205.csv,25:08.1,3.72736,24,None,0.010989011,0.014835165,0.026373626,0.015384615,0.008241758,0.002747253,0.004395604,0,0,0,0,0,0.001648352,0.007692308,0.021978022,0.038461538,0.01978022,0.002197802,0.009340659,0.016483516,0.008241758,0.019230769,0.018131868,0.01043956,0.014285714,0.014285714,0.000549451,0,0,0.002197802,0.003846154,0.008791209,0,0.006043956,0.010989011,0.000549451,0.004945055,0.008791209,0.006043956,0.012087912,0.007692308,0.000549451,0,0,0,0,0,0,0,0,0,0.002747253,0.001098901,0.001648352,0.001098901,0.002197802,0.001098901,0.003296703,0.001098901,0,0.000549451,0.001098901,0.002747253,0.010989011,0.003296703,0.00989011,0.00989011,0.021978022,0.013186813,0.006593407,0.007142857,0.002747253,0.001648352,0.002197802,0.001648352,0.006043956,0.004395604,0.001648352,0.016483516,0.002197802,0.001098901,0,0,0,0,0,0,0,0,0
439,C:/Users/TristanKleyn/Downloads/ecotypeClassification/binary/Binaries_20251205/10MIN/WINDOWS_20251205.csv,25:12.1,1.732608,24,None,0.04964539,0.050827423,0.023640662,0.054373522,0.041371158,0.021276596,0.005910165,0.014184397,0.011820331,0,0,0,0.002364066,0.010638298,0.023640662,0.014184397,0.003546099,0,0,0,0,0,0,0,0,0,0,0,0,0,0,0,0,0.009456265,0.005910165,0.002364066,0.021276596,0.020094563,0.01891253,0.010638298,0.004728132,0.009456265,0,0,0.005910165,0.010638298,0.001182033,0.004728132,0.002364066,0.001182033,0.004728132,0.001182033,0,0,0,0,0,0,0,0,0,0,0,0,0,0,0.002364066,0.009456265,0.01536643,0.003546099,0.003546099,0.003546099,0,0,0,0,0,0,0,0,0,0,0,0,0,0,0,0,0,0
440,C:/Users/TristanKleyn/Downloads/ecotypeClassification/binary/Binaries_20251205/10MIN/WINDOWS_20251205.csv,26:00.1,1.093632,24,None,0.039325843,0.001872659,0,0,0,0,0,0,0,0,0.001872659,0.011235955,0.009363296,0.003745318,0.007490637,0.005617978,0,0,0,0.001872659,0.02247191,0.052434457,0.078651685,0.031835206,0.029962547,0,0,0,0,0,0,0,0,0,0,0,0,0,0,0.001872659,0.011235955,0.016853933,0.007490637,0.028089888,0,0,0,0,0,0,0,0,0.020599251,0.020599251,0,0,0,0,0,0,0,0,0,0,0.026217228,0.014981273,0,0,0,0,0,0,0,0,0,0,0,0,0,0,0,0,0,0.001872659,0.026217228,0.02247191,0,0,0,0.003745318
441,C:/Users/TristanKleyn/Downloads/ecotypeClassification/binary/Binaries_20251205/10MIN/WINDOWS_20251205.csv,27:00.1,1.171456,24,None,0.022727273,0.026223776,0.050699301,0.017482517,0,0,0,0,0,0,0.001748252,0.017482517,0.047202797,0.031468531,0.031468531,0.08041958,0.047202797,0,0,0,0,0,0,0,0,0,0,0,0,0,0,0,0,0,0,0,0,0,0.005244755,0.01048951,0.012237762,0.008741259,0.005244755,0.005244755,0.01048951,0.013986014,0.005244755,0,0,0,0,0,0,0,0,0,0,0,0,0,0,0,0,0,0,0,0.001748252,0.008741259,0.003496503,0.022727273,0.012237762,0,0,0,0,0,0,0,0,0,0,0,0,0,0,0,0,0,0,0
442,C:/Users/TristanKleyn/Downloads/ecotypeClassification/binary/Binaries_20251205/10MIN/WINDOWS_20251205.csv,27:08.1,1.912832,24,None,0.197002141,0.073875803,0.014989293,0.033190578,0.017130621,0,0,0,0.032119914,0,0,0,0,0,0,0,0,0.002141328,0.00856531,0.006423983,0.016059957,0.041755889,0,0,0,0,0,0,0,0,0,0,0.002141328,0.002141328,0.002141328,0,0.002141328,0.002141328,0.005353319,0.002141328,0.009635974,0.005353319,0,0,0,0,0,0,0,0,0,0.004282655,0.017130621,0.002141328,0,0,0,0,0,0,0,0,0,0,0,0,0,0,0,0,0,0,0,0,0,0,0,0,0,0,0,0,0,0,0,0,0,0,0,0
443,C:/Users/TristanKleyn/Downloads/ecotypeClassification/binary/Binaries_20251205/10MIN/WINDOWS_20251205.csv,27:16.1,1.630208,24,None,0.103015075,0.030150754,0.021356784,0.028894472,0.055276382,0.055276382,0.016331658,0.023869347,0.011306533,0.013819095,0.007537688,0.00879397,0.007537688,0.012562814,0,0.013819095,0.010050251,0.002512563,0,0,0,0.02638191,0,0,0,0,0,0,0,0,0,0,0,0,0,0,0,0,0,0,0,0.002512563,0.002512563,0.006281407,0.007537688,0.001256281,0.003768844,0.002512563,0,0,0,0,0,0,0,0.005025126,0.01758794,0.002512563,0,0,0,0,0,0,0,0,0,0,0,0,0,0,0,0,0,0,0,0,0,0,0,0,0,0,0,0,0,0,0,0
444,C:/Users/TristanKleyn/Downloads/ecotypeClassification/binary/Binaries_20251205/10MIN/WINDOWS_20251205.csv,28:12.1,3.432448,24,None,0.063245823,0.034606205,0.028639618,0.01849642,0.016706444,0.009546539,0.010739857,0.005369928,0.00477327,0.007756563,0.010143198,0.014319809,0.004176611,0.000596659,0.000596659,0.001193317,0.001193317,0.002386635,0,0,0,0,0,0,0,0,0,0,0,0,0,0,0,0.000596659,0.014319809,0.012529833,0,0,0,0,0,0,0,0,0.01372315,0.005966587,0,0,0.00477327,0.01372315,0.013126492,0,0.001193317,0.004176611,0.015513126,0.023866348,0.001789976,0.001789976,0.011336516,0.019689737,0.016706444,0,0,0,0,0,0,0,0,0.012529833,0.002983294,0,0,0.001193317,0.007756563,0.005966587,0,0.001193317,0.005369928,0.011933174,0.01372315,0,0.000596659,0.006563246,0.00477327,0,0,0.001193317,0.005369928,0.009546539
445,C:/Users/TristanKleyn/Downloads/ecotypeClassification/binary/Binaries_20251205/10MIN/WINDOWS_20251205.csv,28:16.1,2.51904,24,None,0.07804878,0.020325203,0.007317073,0.03495935,0.059349593,0.05203252,0.035772358,0.044715447,0.036585366,0.020325203,0.030081301,0.018699187,0.001626016,0,0,0,0,0,0.000813008,0.000813008,0.001626016,0.001626016,0.012195122,0.004065041,0,0,0,0,0,0,0,0,0,0,0,0,0,0,0.000813008,0,0.012195122,0.006504065,0.001626016,0,0,0,0,0,0,0,0,0,0,0,0,0,0,0,0,0,0,0,0,0,0,0,0.000813008,0.003252033,0.009756098,0.003252033,0.000813008,0,0,0,0,0,0,0,0,0,0,0,0,0,0,0,0,0,0,0
446,C:/Users/TristanKleyn/Downloads/ecotypeClassification/binary/Binaries_20251205/10MIN/WINDOWS_20251205.csv,29:00.1,3.584,24,None,0.032571429,0.013142857,0.012,0.005714286,0.019428571,0.012,0.008,0.006285714,0.017714286,0.014285714,0.015428571,0.012571429,0.004,0,0,0,0,0,0,0.002285714,0.009714286,0.004571429,0.022857143,0.000571429,0,0,0,0,0,0.004571429,0.008,0.002857143,0.003428571,0.008,0.004571429,0.005714286,0.005714286,0.001714286,0,0.003428571,0.006285714,0.003428571,0.001714286,0.000571429,0.013714286,0.02,0,0.014285714,0.006857143,0.008571429,0.013714286,0.010285714,0,0,0,0,0,0,0,0,0.001714286,0.004571429,0.006285714,0.000571429,0.002857143,0.006857143,0.009142857,0.001142857,0.000571429,0.001714286,0.006857143,0.018857143,0.012,0.010285714,0.003428571,0.001714286,0.010285714,0.003428571,0,0,0,0.001142857,0.001142857,0.002857143,0.009714286,0.005714286,0.004,0.005714286,0.004571429,0.002285714
447,C:/Users/TristanKleyn/Downloads/ecotypeClassification/binary/Binaries_20251205/10MIN/WINDOWS_20251205.csv,29:04.1,1.14688,24,None,0.1,0.033928571,0.016071429,0.007142857,0.001785714,0.007142857,0.008928571,0,0,0,0.017857143,0.023214286,0.010714286,0.007142857,0,0.010714286,0.025,0,0,0,0.035714286,0,0,0,0,0,0,0,0,0,0,0,0,0,0,0,0,0,0,0,0,0,0,0,0,0,0,0,0.001785714,0.001785714,0,0.017857143,0.016071429,0,0.007142857,0.019642857,0.008928571,0.025,0.003571429,0.010714286,0.010714286,0.007142857,0.026785714,0.001785714,0,0,0,0,0,0,0.005357143,0.021428571,0.008928571,0,0,0,0,0,0,0,0,0,0,0,0,0,0,0,0,0
448,C:/Users/TristanKleyn/Downloads/ecotypeClassification/binary/Binaries_20251205/10MIN/WINDOWS_20251205.csv,29:08.1,1.61792,24,None,0.079746835,0.026582278,0.002531646,0.008860759,0.002531646,0,0,0,0,0,0,0,0,0,0,0,0.015189873,0.018987342,0.015189873,0,0,0,0,0,0,0,0,0,0,0,0,0,0,0,0,0,0,0,0,0,0,0,0,0,0.032911392,0.011392405,0.011392405,0,0,0,0,0,0.017721519,0.017721519,0.021518987,0.017721519,0.007594937,0.025316456,0.016455696,0.026582278,0.016455696,0.011392405,0.016455696,0,0,0,0,0.010126582,0.003797468,0.017721519,0.021518987,0.018987342,0.002531646,0.005063291,0,0,0,0,0,0,0,0,0,0,0,0,0,0,0,0
449,C:/Users/TristanKleyn/Downloads/ecotypeClassification/binary/Binaries_20251205/10MIN/WINDOWS_20251205.csv,32:16.1,1.00352,24,None,0.114285714,0.03877551,0.02244898,0.044897959,0.024489796,0,0,0,0,0,0.012244898,0.012244898,0.006122449,0.004081633,0.008163265,0.032653061,0.034693878,0.020408163,0.02244898,0.03877551,0.016326531,0,0,0,0,0,0,0,0,0,0,0,0,0,0,0,0,0,0,0,0,0,0,0,0,0,0,0,0,0,0,0,0,0,0,0,0,0,0,0,0,0,0,0,0,0,0,0,0,0,0,0,0,0,0,0,0,0,0,0,0,0,0,0,0,0,0.004081633,0.020408163,0.020408163,0.002040816
450,C:/Users/TristanKleyn/Downloads/ecotypeClassification/binary/Binaries_20251205/10MIN/WINDOWS_20251205.csv,35:12.1,3.325952,24,None,0,0,0,0,0,0,0,0,0,0,0,0,0,0,0,0,0,0,0,0,0,0,0,0,0,0,0,0,0,0,0,0,0,0,0,0,0,0,0,0,0.004310345,0.017857143,0.006773399,0,0.009236453,0.003694581,0.003694581,0.01908867,0.004310345,0.006157635,0,0.007389163,0.004310345,0.003078818,0.028940887,0.030788177,0.002463054,0.000615764,0.016625616,0.01046798,0.007389163,0.015394089,0.001231527,0,0.00862069,0.011083744,0.003694581,0.002463054,0.006157635,0.020935961,0.004926108,0.021551724,0.016625616,0.01046798,0.012931034,0.015394089,0.003078818,0.004310345,0.012931034,0.006773399,0.004310345,0.014778325,0.014778325,0.031403941,0.019704433,0.019704433,0.012931034,0.009236453,0.000615764,0.006773399
451,C:/Users/TristanKleyn/Downloads/ecotypeClassification/binary/Binaries_20251205/10MIN/WINDOWS_20251205.csv,36:00.1,1.028096,24,None,0,0,0,0,0,0,0,0,0,0,0.027888446,0.011952191,0,0,0,0,0,0,0,0,0,0,0,0,0,0,0,0,0,0,0,0,0,0,0,0,0,0,0,0,0,0,0,0,0,0,0,0,0,0,0,0,0.035856574,0.007968127,0,0,0.005976096,0.021912351,0.013944223,0,0.051792829,0.043824701,0.037848606,0.003984064,0.003984064,0.025896414,0.019920319,0,0,0,0,0,0,0.011952191,0.023904382,0.007968127,0,0,0,0.003984064,0.023904382,0.023904382,0.023904382,0.027888446,0,0.005976096,0.007968127,0.019920319,0.005976096,0
452,C:/Users/TristanKleyn/Downloads/ecotypeClassification/binary/Binaries_20251205/10MIN/WINDOWS_20251205.csv,37:12.1,1.724416,24,None,0.017814727,0.021377672,0.010688836,0.011876485,0.007125891,0,0,0,0,0,0,0,0,0,0,0,0,0,0,0,0,0,0.001187648,0.013064133,0.010688836,0,0,0,0,0,0,0,0,0,0,0.020190024,0.017814727,0.001187648,0.003562945,0.007125891,0.038004751,0.026128266,0.007125891,0,0,0,0.011876485,0.017814727,0.002375297,0.004750594,0.004750594,0.028503563,0.007125891,0,0.019002375,0.011876485,0.002375297,0.005938242,0.01543943,0.007125891,0.001187648,0.004750594,0.017814727,0.002375297,0.008313539,0.008313539,0.007125891,0.007125891,0.010688836,0.028503563,0.004750594,0.017814727,0.002375297,0,0,0,0,0,0,0,0,0.002375297,0.008313539,0.002375297,0.003562945,0.008313539,0,0,0,0
453,C:/Users/TristanKleyn/Downloads/ecotypeClassification/binary/Binaries_20251205/10MIN/WINDOWS_20251205.csv,38:04.1,2.248704,24,None,0,0,0,0,0,0,0,0,0,0,0,0,0,0,0,0,0,0,0,0,0,0,0,0,0,0,0,0,0,0,0,0,0,0,0,0,0,0,0,0,0,0,0,0,0.000910747,0.011839709,0.010928962,0,0,0.003642987,0.014571949,0,0,0,0,0,0,0.00273224,0.020947177,0.016393443,0.036429872,0.02276867,0.018214936,0.025500911,0.0428051,0.006375228,0,0,0,0,0.010928962,0.023679417,0.010018215,0.013661202,0.055555556,0.029143898,0.02003643,0.021857923,0.011839709,0.00273224,0.001821494,0.000910747,0.010928962,0.013661202,0.019125683,0.015482696,0.004553734,0,0,0
454,C:/Users/TristanKleyn/Downloads/ecotypeClassification/binary/Binaries_20251205/10MIN/WINDOWS_20251205.csv,39:00.1,1.114112,24,None,0.003676471,0.042279412,0.005514706,0,0,0,0,0,0,0,0,0,0,0,0,0,0.001838235,0.029411765,0.005514706,0.001838235,0,0,0,0,0,0,0,0,0,0,0,0,0,0,0,0,0,0,0,0,0.007352941,0.005514706,0.003676471,0.011029412,0.049632353,0.012867647,0.003676471,0.016544118,0,0,0,0.005514706,0.005514706,0.003676471,0.005514706,0.027573529,0.009191176,0,0,0,0,0,0.009191176,0.012867647,0.014705882,0.018382353,0.022058824,0.03125,0.003676471,0.005514706,0.009191176,0.027573529,0.014705882,0.029411765,0.001838235,0.003676471,0.003676471,0.005514706,0.009191176,0.020220588,0,0,0,0,0,0,0,0,0,0
455,C:/Users/TristanKleyn/Downloads/ecotypeClassification/binary/Binaries_20251205/10MIN/WINDOWS_20251205.csv,39:20.1,1.155072,24,None,0,0,0,0,0,0,0,0,0,0,0,0,0,0,0,0,0.005319149,0.042553191,0.012411348,0.003546099,0.00177305,0,0,0,0,0,0,0,0,0,0,0,0,0,0,0,0.003546099,0.010638298,0.019503546,0.00177305,0,0,0,0.00177305,0.037234043,0.056737589,0.012411348,0.023049645,0.005319149,0.00177305,0.00177305,0,0,0,0,0,0,0,0,0,0,0,0,0.010638298,0.023049645,0.019503546,0,0.015957447,0.010638298,0.019503546,0.014184397,0.019503546,0.035460993,0.037234043,0.012411348,0.023049645,0.015957447,0.00177305,0,0,0,0,0,0,0,0,0,0,0,0
456,C:/Users/TristanKleyn/Downloads/ecotypeClassification/binary/Binaries_20251205/10MIN/WINDOWS_20251205.csv,41:04.1,1.499136,24,None,0,0,0,0,0,0,0,0,0,0,0,0,0,0,0,0,0,0,0,0,0,0,0,0,0,0.004098361,0.004098361,0.038251366,0.035519126,0,0,0,0,0,0,0,0,0,0,0,0,0,0,0,0,0,0,0,0,0,0.021857923,0.027322404,0.00136612,0.024590164,0.031420765,0.032786885,0.005464481,0.010928962,0.075136612,0.025956284,0.017759563,0.020491803,0.043715847,0,0,0,0,0,0,0,0,0,0,0,0,0,0,0,0,0,0.00273224,0.028688525,0.00136612,0.00136612,0.015027322,0.030054645,0,0,0,0
457,C:/Users/TristanKleyn/Downloads/ecotypeClassification/binary/Binaries_20251205/10MIN/WINDOWS_20251205.csv,46:12.1,1.581056,24,None,0,0,0,0,0,0,0,0,0,0,0,0,0,0,0,0,0,0,0,0,0,0,0,0,0,0,0,0,0,0,0,0,0,0,0,0,0,0,0,0,0,0,0,0,0,0,0,0,0,0,0,0,0,0.002590674,0.034974093,0.037564767,0.00388601,0,0,0,0,0,0,0,0,0.001295337,0.018134715,0.031088083,0.027202073,0.015544041,0.00388601,0.038860104,0.025906736,0.025906736,0.00388601,0.027202073,0.04015544,0.015544041,0.007772021,0.015544041,0.034974093,0.018134715,0.00388601,0.007772021,0.022020725,0,0,0.002590674,0.03238342,0.001295337
458,C:/Users/TristanKleyn/Downloads/ecotypeClassification/binary/Binaries_20251205/10MIN/WINDOWS_20251205.csv,48:08.1,1.14688,24,None,0.0875,0.103571429,0.044642857,0.0375,0.0375,0,0,0,0,0,0,0,0,0,0,0.008928571,0.030357143,0.001785714,0.001785714,0,0,0,0,0,0,0.001785714,0.017857143,0.046428571,0.025,0.044642857,0.010714286,0,0,0,0,0,0,0,0,0,0,0,0,0,0,0,0,0,0,0,0,0,0,0,0,0,0,0,0,0,0,0,0,0,0,0,0,0,0,0,0,0,0,0,0,0,0,0,0,0,0,0,0,0,0,0,0,0,0,0
459,C:/Users/TristanKleyn/Downloads/ecotypeClassification/binary/Binaries_20251205/10MIN/WINDOWS_20251205.csv,51:00.1,1.564672,24,None,0,0,0,0,0,0,0,0,0,0,0,0,0,0.009162304,0.007853403,0.009162304,0,0,0,0,0,0,0,0,0,0,0,0,0,0,0,0,0,0,0,0,0,0,0,0.023560209,0.022251309,0.013089005,0,0,0,0,0,0.002617801,0.003926702,0.019633508,0.002617801,0.015706806,0.018324607,0.005235602,0.020942408,0.001308901,0,0.017015707,0.02617801,0.020942408,0.044502618,0.04973822,0.030104712,0,0,0.014397906,0.009162304,0.015706806,0.020942408,0.001308901,0,0,0,0,0,0,0.002617801,0.002617801,0.003926702,0.023560209,0.017015707,0.003926702,0,0,0,0,0,0.006544503,0.007853403,0.006544503
460,C:/Users/TristanKleyn/Downloads/ecotypeClassification/binary/Binaries_20251205/10MIN/WINDOWS_20251205.csv,54:08.1,1.335296,24,None,0.02607362,0.056748466,0.009202454,0.007668712,0.042944785,0,0,0,0,0,0,0,0,0,0,0.006134969,0.035276074,0.030674847,0.056748466,0.009202454,0,0.013803681,0.010736196,0.006134969,0,0,0.018404908,0.010736196,0.004601227,0.001533742,0,0,0.001533742,0.015337423,0.013803681,0.003067485,0,0,0,0,0.004601227,0.009202454,0.02607362,0.007668712,0.012269939,0.021472393,0.018404908,0.01993865,0,0,0,0,0,0,0,0,0,0,0,0,0,0,0,0,0,0,0,0,0,0,0,0,0,0,0,0,0,0,0,0,0,0,0,0,0,0,0,0,0,0
